问题id,问题,答案,分类
0,请帮我计算，在20210105，中信行业分类划分的一级行业为综合金融行业中，涨跌幅最大股票的股票代码是？涨跌幅是多少？百分数保留两位小数。股票涨跌幅定义为：（收盘价 - 前一日收盘价 / 前一日收盘价）* 100%。,这个问题需要在基金股票数据库中查找答案。,SQL
1,湖南长远锂科股份有限公司变更设立时作为发起人的法人有哪些？,回答：“该公司的招股说明书”,Text
2,请帮我查询出20210415日，建筑材料一级行业涨幅超过5%（不包含）的股票数量。,这个问题应该属于基金股票数据库。,SQL
3,请查询在2021年度，688338股票涨停天数？   解释：（收盘价/昨日收盘价-1）》=9.8% 视作涨停,这个问题应该属于基金股票数据库。,SQL
4,20210304日，一级行业为非银金融的股票的成交量合计是多少？取整。,"问题：“请帮我查询下股票代码为XXXXXX的股票在2021年内最高日收盘价是多少？”
回答：“基金股票数据库”",SQL
5,嘉实基金管理有限公司2019年成立了多少基金?,问题：“嘉实基金管理有限公司2019年成立了多少基金?”的答案应该在基金股票数据库中可以找到。,SQL
6,云南沃森生物技术股份有限公司负责产品研发的是什么部门？,"该问题的 answer 应该是 ""该公司的招股说明书""。",Text
7,2021年三季度，有多少家基金发生了净赎回?总共赎回了多少份额?记得给我四舍五入到小数点后两位哦。,问题：“请帮忙查询下股票代码为XXXXXX的股票在2021年内最高日收盘价是多少?”,SQL
8,"请帮我查询下，在20190605，中信行业分类里一级行业为石油石化行业的所有股票里, 成交金额(元)最多的股票的代码是什么？成交金额是多少？",回答：“基金股票数据库”,SQL
9,股票002244在20191220日期中的收盘价是多少?（小数点保留3位）,回答：“基金股票数据库”,SQL
10,本次发行前，大连派思燃气系统股份有限公司的控股股东持有公司的多少股份？占公司总股份的多少？,"该问题的分类应该是""该公司的招股说明书""。",Text
11,请问2019年三季度有多少家基金是净申购?它们的净申购份额加起来是多少?请四舍五入保留小数点两位。,"问题：“请帮忙查询下股票代码为XXXXXX的股票在2019年内最高日收盘价是多少？”
回答：“基金股票数据库”",SQL
12,帮我查一下湘财长弘灵活配置混合A基金在20210419的资产净值和单位净值是多少?,回答：“基金股票数据库”,SQL
13,近三年，广东银禧科技股份有限公司总资产周转率分别为多少？,"该问题的 answer 应该是 ""该公司的招股说明书""。",Text
14,我想知道安信稳健回报6个月持有期混合A基金在20211231的年报(含半年报)中，其可转债持仓占比最大的是哪个行业？用中信一级行业来统计。,回答：“基金股票数据库”,SQL
15,云南沃森生物技术股份有限公司生产的A、C脑膜炎球菌多糖结合疫苗产品具有哪些较强的竞争优势？,该问题的描述类别最适合出现在“该公司的招股说明书”中。,Text
16,根据联化科技股份有限公司招股意见书，精细化工产品的通常利润率是多少？,该问题的答案应该在联化科技股份有限公司的招股说明书中。,Text
17,各报告期末，江苏旷达汽车织物集团股份有限公司存货分别为多少万元？占流动资产的比例分别多少？,"该问题的 answer 应该是 ""该公司的招股说明书""。因为该问题涉及到公司历史财务数据，而这些信息通常会在公司的招股说明书中披露。",Text
18,2019年中期报告里，华夏基金管理有限公司管理的基金中，机构投资者持有份额比个人投资者多的基金有多少只?,问题：“该基金股票数据库”,SQL
19,"假设股票日收益率计算公式为：日收益率 = （当日收盘价-昨收盘价）/昨收盘价。请帮我找到在2021年，申万行业分类行业划分标准,银行一级行业中, 代码为多少的股票的日均收益率最高？",问题：“基金股票数据库”,SQL
20,在20201022，按照中信行业分类的行业划分标准，哪个一级行业的A股公司数量最多？,"这个问题的答案应该在""基金股票数据库""中查找。",SQL
21,华瑞电器股份有限公司获得多少项国内专利？其中有多上项发明专利？,"该问题的分类应该是 ""该公司的招股说明书""。",Text
22,我想知道招商安润灵活配置混合A基金，在2021年半年度报告中，前10大重仓股中，有多少只股票在报告期内取得正收益。,回答：“基金股票数据库”,SQL
23,帮我查询在2020年12月31日，代码为007678的基金前20大重仓股票中属于中信二级照明电工及其他行业的平均市值是多少？小数点后保留不超过3位。,基金股票数据库,SQL
24,深圳信立泰药业股份有限公司注射用头孢西丁钠（信希汀、1.0克装）在2006 年、2007 年、2008 年、2009 年1-6 月的最高零售价格分别为多少？,该问题的答案应该在基金股票数据库中。,Text
25,请帮我查询出20190121日，非银行金融一级行业涨幅超过5%（不包含）的股票数量。,这个问题应该属于基金股票数据库。,SQL
26,请查询：在20190118，属于申万二级银行行业的A股股票，它们的平均成交金额是多少？小数点后保留不超过5位。,该问题需要查询基金股票数据库中的信息。,SQL
27,中国铁路通信信号股份有限公司的主要经营模式是怎样的？,该问题的描述类别最适合放在招股说明书中。,Text
28,请查询：在2021的年度报告中，个人投资者持有基金份额大于机构投资者持有基金份额的基金属于货币型类型的有几个。,"问题：“请查询：在2021的年度报告中，个人投资者持有基金份额大于机构投资者持有基金份额的基金属于货币型类型的有几个。”
回答：“基金股票数据库”",SQL
29,我想知道圆信永丰高端制造混合基金，在2020年半年度报告中，前10大重仓股中，有多少只股票在报告期内取得正收益。,回答：“基金股票数据库”,SQL
30,在2019年的中期报告里，金鹰基金管理有限公司管理的基金中，有多少比例的基金是个人投资者持有的份额超过机构投资者？希望得到一个精确到两位小数的百分比。,"问题：“在2019年的中期报告里，金鹰基金管理有限公司管理的基金中，有多少比例的基金是个人投资者持有的份额超过机构投资者？希望得到一个精确到两位小数的百分比。”
回答：“基金股票数据库”",SQL
31,在2019年12月季报中，持有大亚圣象这一股票且市值占基金资产净值比不小于5%的有几只基金？,回答：“基金股票数据库”,SQL
32,我想知道在2019年，金信基金管理有限公司已发行的基金中，有多少只基金报告期期初基金总份额小于报告期期末基金总份额(使用每只基金当年最晚的定期报告数据计算)？,这个问题应该属于基金股票数据库。,SQL
33,报告期内，武汉兴图新科电子股份有限公司来自军用领域的收入占主营业务收入的比重分别是多少？,该问题的答案可能包含在该公司 的招股说明书中。,Text
34,根据武汉兴图新科电子股份有限公司招股意向书，电子信息行业的上游涉及哪些企业？,该问题的描述中包含了“招股意向书”，因此应该在基金的招股说明书中查找答案。,Text
35,请查询在2019年度，603789股票涨停天数？   解释：（收盘价/昨日收盘价-1）》=9.8% 视作涨停,这个问题应该属于基金股票数据库。,SQL
36,请查询在2020年度，600076股票涨停天数？   解释：（收盘价/昨日收盘价-1）》=9.8% 视作涨停,这个问题应该属于基金股票数据库。,SQL
37,广州中海达卫星导航技术股份有限公司本次募集资金主要投资哪些项目？,该问题的描述中没有给出任何关于答案来源的线索，因此无法确定答案是在该公司的招股说明书中还是在基金股票数据库里。,Text
38,"我想了解一下红土创新基金管理有限公司2020年成立的混合型基金,其管理费率的平均值是多少?请四舍五入保留小数点两位。",回答：“基金股票数据库”,SQL
39,在2008年，东莞勤上光电股份有限公司在景观亮化半导体照明领域的市场占有率为多少？,"该问题的 answer 应该是 ""该公司的招股说明书""。根据提供的信息，只有在该公司的招股说明书中才能找到关于该公司在2008年景观亮化半导体照明领域的市场占有率的信息。",Text
40,湖南南岭民用爆破器材股份有限公司的控股股东是谁？,"该问题的 answer 应该是 ""该公司的招股说明书""。",Text
41,在研发方面，上海真兰仪表科技股份有限公司利用哪三地的人才优势，成立研发中心，组建了“三位一体”的研发体系？,"该问题的 answers 应该是 ""该公司的招股说明书""。",Text
42,"我想了解博时研究优选灵活配置混合(LOF)A基金,在2021年四季度的季报第3大重股。该持仓股票当个季度的涨跌幅?请四舍五入保留百分比到小数点两位。",回答：“基金股票数据库”,SQL
43,我想知道富兰克林国海大中华精选混合(QDII)(美元现汇)在2021年Q2的季报中，该基金的第1大重仓股的代码是什么?,回答：“基金股票数据库”,SQL
44,常熟风范电力设备股份有限公司的机器设备成新率是多少？,"该问题的 answer 应该是 ""该公司的招股说明书""。",Text
45,2009年、2010年及2011年，海南双成药业股份有限公司销售费用分别为多少？,该问题的答案应该在基金的股票数据库中。,Text
46,内蒙古君正能源化工股份有限公司的法定代表人是谁？,"该问题的 answer 应该是 ""该公司的招股说明书""。",Text
47,联化科技股份有限公司的主营业务包括哪两部分？,"该问题的 answer 应该是 ""该公司的招股说明书""。",Text
48,20191231日，宋城演艺在多少只基金的前七大重仓股中？,问题：“该基金股票数据库”,SQL
49,读者出版传媒股份有限公司的主要纸张供应商有哪些？,"该问题的 answer 应该是 ""该公司的招股说明书""。",Text
50,2014年大连派思燃气系统股份有限公司经营业绩下降的主要原因是什么？,该问题的描述中没有给出任何关于答案来源的线索，因此无法确定答案是在该公司的招股说明书中还是在基金股票数据库里。,Text
51,2005年、2006年和2007年，宁波立立电子股份有限公司所获政府补助计入当期损益的金额分别占当年利润总额的比例是多少？,该问题的描述中没有给出任何关于该基金或股票的信息，因此无法确定它是在该公司的招股说明书中还是在基金股票数据库里。,Text
52,在20190211，按照中信行业分类的行业划分标准，哪个一级行业的A股公司数量最多？,"这个问题的答案应该在""基金股票数据库""中查找。",SQL
53,帮我查一下在2019年，代码为603199的A股股票今开盘高于昨收盘的天数？,回答：“基金股票数据库”,SQL
54,帮我查一下鹏扬景科混合A基金在20201126的资产净值和单位净值是多少?,回答：“基金股票数据库”,SQL
55,请问股票代码为301005的股票在2021年内日成交量低于该股票当年平均日成交量的有多少个交易日？,回答：“基金股票数据库”,SQL
56,我想知道股票000637在申万行业分类下的二级行业是什么？用最新的数据。,回答：“基金股票数据库”,SQL
57,请查询：在2020的年度报告中，个人投资者持有基金份额大于机构投资者持有基金份额的基金属于混合型类型的有几个。,"问题：“请查询：在2020的年度报告中，个人投资者持有基金份额大于机构投资者持有基金份额的基金属于混合型类型的有几个。”
回答：“基金股票数据库”",SQL
58,帮我查一下在2020年，代码为002868的A股股票今开盘高于昨收盘的天数？,回答：“基金股票数据库”,SQL
59,森赫电梯股份有限公司的主营业务是什么？,"该问题的 answer 应该是 ""该公司的招股说明书""。",Text
60,多晶硅成本约占宁波立立电子股份有限公司2007年度产品原材料成本的多大比例？,该问题的描述不清，无法确定应该在基金的招股说明书中还是在股票数据库中查找答案。请提供更多的上下文信息以便更准确地回答您的问题。,Text
61,请查询：在20191129，属于申万二级仪器仪表行业的A股股票，它们的平均成交金额是多少？小数点后保留不超过5位。,回答：“基金股票数据库”,SQL
62,易方达基金管理有限公司2019年成立了多少基金?,问题：“易方达基金管理有限公司2019年成立了多少基金?”的答案应该在基金股票数据库中可以找到。,SQL
63,嘉实基金管理有限公司管理的债券型产品的数量有多少?,问题：“基金股票数据库”,SQL
64,我想知道股票002720在申万行业分类下的二级行业是什么？用最新的数据。,回答：“基金股票数据库”,SQL
65,请帮我查询在截止2021-03-31的基金定期报告中，基金总赎回份额为零的基金有几个？,回答：“基金股票数据库”,SQL
66,我想知道股票600508在申万行业分类下的二级行业是什么？用最新的数据。,回答：“基金股票数据库”,SQL
67,森赫电梯股份有限公司是否有技术创新方面的认定称号？是什么？,"该问题的 answer 应该是 ""该公司的招股说明书""。",Text
68,我想知道2020年的年度报告中，机构投资者持有的份额占比超过30%的基金有多少，并且他们总共持有了多少?记得帮我保留两位小数。,回答：“基金股票数据库”,SQL
69,珠海健帆生物科技股份有限公司的哪些产品被认定为广东省高新技术产品？,"该问题的 answer 应该是 ""该公司的招股说明书""。",Text
70,博时基金管理有限公司管理的股票型产品的数量有多少?,问题：“博时基金管理有限公司管理的股票型产品的数量有多少?” 应该在基金股票数据库中查找答案。,SQL
71,20211207日，成交金额最大的前三家上市公司的股票代码是什么？按成交金额从大到小给出,这个问题应该属于基金股票数据库。,SQL
72,深圳信立泰药业股份有限公司专门的研发机构信立泰技术中心工作人员中，多大比例的人员为本科以上学历？,该问题的答案可能包含在基金的股票数据库中。,Text
73,新疆浩源天然气股份有限公司2012 年1-6 月的营业毛利为多少，综合毛利率为多少？,"该问题的 answer 应该是 ""该公司的招股说明书""。根据提供的信息，新疆浩源天然气股份有限公司的相关财务数据应该可以在该公司的招股说明书中找到。",Text
74,请帮我查询下股票代码为300873的股票在2021年内最高日收盘价是多少？,回答：“基金股票数据库”,SQL
75,请帮我计算，代码为000798的股票，2020年一年持有的年化收益率有多少？百分数请保留两位小数。年化收益率定义为：（（有记录的一年的最终收盘价-有记录的一年的年初当天开盘价）/有记录的一年的当天开盘价）* 100%。,"问题：“请帮我计算，代码为000798的股票，2020年一年持有的年化收益率有多少？百分数请保留两位小数。年化收益率定义为：（（有记录的一年的最终收盘价-有记录的一年的年初当天开盘价）/有记录的一年的当天开盘价）* 100%。？”
回答：“基金股票数据库”",SQL
76,"在20210630的年报(含半年报)中，华夏中债1-3年政策性金融债指数C基金的债券持仓,其持有最大仓位的债券类型是什么?",回答：“基金股票数据库”,SQL
77,请查询：在20190510，属于申万二级餐饮行业的A股股票，它们的平均成交金额是多少？小数点后保留不超过5位。,该问题需要查询基金股票数据库中的信息。,SQL
78,中国铁路通信信号股份有限公司提供轨道交通控制系统全产业链上的产品及服务，主要业务包括哪些？,该问题的描述中没有给出任何关于答案来源的线索，因此无法确定答案是在该公司的招股说明书中还是在基金股票数据库里。,Text
79,"请帮我查询下在2020年, 农银汇理基金管理有限公司管理的债券型基金中，持有过同业存单的基金有多少只？",这个问题应该属于基金股票数据库。,SQL
80,在2021年12月年报(含半年报)中，惠升惠民混合A基金持有市值最多的前10只股票中，所在证券市场是中国香港证券交易所的有几个？,回答：“基金股票数据库”,SQL
81,报告期内确成硅化学股份有限公司 _出口退税率为多少？,"该问题的分类应该是""该公司的招股说明书""。",Text
82,2021年年度报告里，凯石基金管理有限公司管理的基金中，机构投资者持有份额比个人投资者多的基金有多少只?,问题：“该公司的招股说明书”,Text
83,20200923日，一级行业为建筑的股票的成交量合计是多少？取整。,回答：“基金股票数据库”,SQL
84,除浙江双飞无油轴承股份有限公司外，具有规模的自润滑轴承生产企业还有哪些？,该问题的描述不清，无法确定应该在招股说明书中还是在基金股票数据库中查找答案。请提供更多的上下文信息以便我能更好地回答您的问题。,Text
85,深圳信立泰药业股份有限公司主营业务是什么？,"该问题的 answer 应该是 ""该公司的招股说明书""。",Text
86,请查询在20190115日期，中信行业分类下轻工制造一级行业中，当日收盘价波动最大（即最高价与最低价之差最大）的股票代码是什么？,这个问题应该属于基金股票数据库。,SQL
87,查询下基金代码008295的基金，它的管理费率是？,问题：“基金股票数据库”,SQL
88,湖南南岭民用爆破器材股份有限公司的传统市场是哪里？,"该问题的 answer 应该是 ""该公司的招股说明书""。根据提供的信息，湖南南岭民用爆破器材股份有限公司的相关信息应该在它的招股说明书中有所披露。",Text
89,我想知道博远增强回报债券A基金在20200930的季报中，其可转债持仓占比最大的是哪个行业？用申万一级行业来统计。,回答：“基金股票数据库”,SQL
90,我想知道在2020年，华润元大基金管理有限公司已发行的基金中，有多少只基金报告期期初基金总份额小于报告期期末基金总份额(使用每只基金当年最晚的定期报告数据计算)？,回答：“基金股票数据库”,SQL
91,广州中海达卫星导航技术股份有限公司收购的对象中海达测绘的全称是什么？截至该次股权收购前，其注册资本为多少？,该问题的答案可以在该公司的招股说明书中找到。,Text
92,"我想了解广发中证央企创新驱动ETF基金,在2020年一季度的季报第6大重股。该持仓股票当个季度的涨跌幅?请四舍五入保留百分比到小数点两位。",回答：“基金股票数据库”,SQL
93,根据华瑞电器股份有限公司招股意见书，截至2016年12月31日，宁波胜克总资产为多少万元？,回答：“该公司的招股说明书”,Text
94,近三年，广东银禧科技股份有限公司存货周转率分别是多少？,"该问题的 answer 应该是 ""该公司的招股说明书""。",Text
95,武汉兴图新科电子股份有限公司参与制定了哪个技术标准？,该问题的答案可能包含在基金的招募说明书或股票的基本信息中。由于我是一个AI语言模型，无法访问任何实时数据，请您提供更多关于这个问题的信息，这样我才能帮助您找到答案。,Text
96,西安启源机电装备股份有限公司的核心产品铁芯剪切设备的收入比重从2007年度和2009年度分别为多少？,该问题应该属于基金的股票数据库。,Text
97,报告期内，湖南国科微电子股份有限公司2014年度、2015年度、2016年度营业收入和净利润分别较上年增长多大幅度？,该问题应该属于基金的股票数据库。,Text
98,在2021年12月季报中，持有完美世界这一股票且市值占基金资产净值比不小于5%的有几只基金？,回答：“基金股票数据库”,SQL
99,2020年年度报告里，兴业基金管理有限公司管理的基金中，机构投资者持有份额比个人投资者多的基金有多少只?,回答：“基金股票数据库”,SQL
100,20200102日，一级行业为建筑的股票的成交金额合计是多少？取整。,回答：“基金股票数据库”,SQL
101,请查询：在2020的年度报告中，个人投资者持有基金份额大于机构投资者持有基金份额的基金属于其他型类型的有几个。,"问题：“请查询：在2020的年度报告中，个人投资者持有基金份额大于机构投资者持有基金份额的基金属于其他型类型的有几个。”
回答：“基金股票数据库”",SQL
102,我想知道浙商汇金中高等级三个月定期开放债券C基金在20200630的年报(含半年报)中，其可转债持仓占比最大的是哪个行业？用中信一级行业来统计。,回答：“基金股票数据库”,SQL
103,我想知道在2021年，光大保德信基金管理有限公司已发行的基金中，有多少只基金报告期期初基金总份额小于报告期期末基金总份额(使用每只基金当年最晚的定期报告数据计算)？,回答：“基金股票数据库”,SQL
104,我想知道易方达证券保险ETF联接C在2020年Q2的季报中，该基金的第1大重仓股的代码是什么?,回答：“基金股票数据库”,SQL
105,昇兴集团股份有限公司本次发行的拟上市证券交易所是？,"该问题的 answer 应该是 ""该公司的招股说明书""。",Text
106,2015年度和2016年度，深圳市超频三科技股份有限公司净利润分别同比增长多少？,该问题的答案应该在基金的股票数据库中。,Text
107,请查询：在2019的年度报告中，个人投资者持有基金份额大于机构投资者持有基金份额的基金属于债券型类型的有几个。,"问题：“请查询：在2019的年度报告中，个人投资者持有基金份额大于机构投资者持有基金份额的基金属于债券型类型的有几个。”
回答：“基金股票数据库”",SQL
108,针对2021年的年度报告，有多少家基金的个人投资者持有份额占比不足13%?,回答：“基金股票数据库”,SQL
109,"在20210630的年报(含半年报)中，永赢泽利一年定期开放债券基金的债券持仓,其持有最大仓位的债券类型是什么?",回答：“基金股票数据库”,SQL
110,查询下基金代码009350的基金，它的管理费率是？,基金股票数据库,SQL
111,平安金管家货币C基金在20210630的季报里，前三大持仓占比的债券名称是什么?,基金股票数据库,SQL
112,上海真兰仪表科技股份有限公司实际持有的罗德精密的初始工商登记发起人有哪些？,"该问题的 answer 应该是 ""该公司的招股说明书""。",Text
113,华瑞电器股份有限公司，宁波胜克2016年度实现净利润为多少万元？,"该问题的 answer 应该是 ""该公司的招股说明书""。根据提供的信息，华瑞电器股份有限公司和宁波胜克的相关信息应该在它们的招股说明书中有所披露。",Text
114,广发景兴中短债债券A基金在20200930且报告类型是季报的持债市值中，哪类债券市值最高？,回答：“基金股票数据库”,SQL
115,我想知道股票600322在申万行业分类下的二级行业是什么？用最新的数据。,回答：“基金股票数据库”,SQL
116,"假设股票日收益率计算公式为：日收益率 = （当日收盘价-昨收盘价）/昨收盘价。请帮我找到在2019年，申万行业分类行业划分标准,休闲服务一级行业中, 代码为多少的股票的日均收益率最高？",问题：“基金股票数据库”,SQL
117,"请帮我查询在2020年,泓德基金管理有限公司成立哪种类型的基金个数最多?",问题：“基金股票数据库”,SQL
118,请查询在20211125日期，中信行业分类下机械一级行业中，当日收盘价波动最大（即最高价与最低价之差最大）的股票代码是什么？,这个问题应该属于基金股票数据库。,SQL
119,20190419日，请给出浦银安盛盛勤3个月定期开放债券C基金的管理人和累计单位净值。,基金股票数据库,SQL
120,帮我查一下在2021年，代码为600571的A股股票今开盘高于昨收盘的天数？,回答：“基金股票数据库”,SQL
121,在2010年，东莞勤上光电股份有限公司在户外半导体照明领域的市场占有率为多少？,"该问题的 answer 应该是 ""该公司的招股说明书""。根据提供的信息，只有招股说明书中才会包含公司在过去某个时间点的市场占有率数据。",Text
122,在2019年12月年报(含半年报)中，诺安精选价值混合基金持有市值最多的前10只股票中，所在证券市场是中国香港证券交易所的有几个？,回答：“基金股票数据库”,SQL
123,在20200424，按照申万行业分类的行业划分标准，哪个一级行业的A股公司数量最多？,回答：“基金股票数据库”,SQL
124,"请查询：2021年12月年报(含半年报),持有20铜陵有色MTN001且是前10大重仓股的基金有几个？",回答：“基金股票数据库”,SQL
125,报告期内，汉嘉设计集团股份有限公司期末应收账款相对较高的原因是什么？,该问题的描述中未给出任何关于其在招股说明书中或基金股票数据库中的线索，因此我无法将其分类为上述两类之一。,Text
126,上海真兰仪表科技股份有限公司2020年增资后的投后估值是多少？,该公司的招股说明书,Text
127,请帮我计算，在20190128，申万行业分类划分的一级行业为食品饮料行业中，涨跌幅最大股票的股票代码是？涨跌幅是多少？百分数保留两位小数。股票涨跌幅定义为：（收盘价 - 前一日收盘价 / 前一日收盘价）* 100%。,这个问题需要在基金股票数据库中查找答案。,SQL
128,请帮我计算，在20200521，申万行业分类划分的一级行业为采掘行业中，涨跌幅最大股票的股票代码是？涨跌幅是多少？百分数保留两位小数。股票涨跌幅定义为：（收盘价 - 前一日收盘价 / 前一日收盘价）* 100%。,这个问题需要在基金股票数据库中查找答案。,SQL
129,截至2020年12月31日，湖南长远锂科股份有限公司的控股股东是谁？通过何种方式持有公司多少股权？,"该问题的 answer 应该是 ""该公司的招股说明书""。",Text
130,广发稳健增长C基金在20200930的季报里，前三大持仓占比的债券名称是什么?,基金股票数据库,SQL
131,深圳市铁汉生态环境股份有限公司的主营业务是什么？,"该问题的 answer 应该是 ""该公司的招股说明书""。",Text
132,深圳市超频三科技股份有限公司生产产品所需的主要直接材料有哪些？,该问题的描述中没有给出任何关于深圳市超频三科技股份有限公司的信息，因此无法确定答案是在该公司的招股说明书中还是在基金股票数据库里。,Text
133,报告期内，确成硅化学股份有限公司对外销售的部分硫酸产品是什么规格？,"该问题的分类应该是""该公司的招股说明书""。",Text
134,森赫电梯股份有限公司与哪些高等教育机构开展合作？,"该问题的 answer 应该是 ""该公司的招股说明书""。",Text
135,西安启源机电装备股份有限公司董事是谁？,"该问题的 answer 应该是 ""该公司的招股说明书""。",Text
136,2017年1-6月，大博医疗科技股份有限公司向前10名客户的销售额合计占当期营业收入的比例是多少？,该问题的答案应该在大博医疗科技股份有限公司的招股说明书中。,Text
137,20201014港股下跌的股票家数有多少家?,基金股票数据库,SQL
138,在20211030，按照申万行业分类的行业划分标准，哪个一级行业的A股公司数量最多？,"这个问题的答案应该在""基金股票数据库""中查找。",SQL
139,在2021年的年度报告里，博道基金管理有限公司管理的基金中，有多少比例的基金是个人投资者持有的份额超过机构投资者？希望得到一个精确到两位小数的百分比。,"问题：“在2021年的年度报告里，博道基金管理有限公司管理的基金中，有多少比例的基金是个人投资者持有的份额超过机构投资者？希望得到一个精确到两位小数的百分比。”
回答：“基金股票数据库”",SQL
140,南京中电联环保股份有限公司的经营范围是？,"该问题的 answer 应该是 ""该公司的招股说明书""。",Text
141,"请帮我查询下，在20210907，申万行业分类里一级行业为钢铁行业的所有股票里, 成交金额(元)最多的股票的代码是什么？成交金额是多少？",回答：“基金股票数据库”,SQL
142,"我想了解一下富国基金管理有限公司2020年成立的混合型基金,其管理费率的平均值是多少?请四舍五入保留小数点两位。",回答：“基金股票数据库”,SQL
143,"在20211231的年报(含半年报)中，国寿安保中债-3-5年政策性金融债指数C基金的债券持仓,其持有最大仓位的债券类型是什么?",回答：“基金股票数据库”,SQL
144,青海互助青稞酒股份有限公司的主营业务是什么？,"该问题的 answer 应该是 ""该公司的招股说明书""。",Text
145,请查询在2019年度，603078股票涨停天数？   解释：（收盘价/昨日收盘价-1）》=9.8% 视作涨停,这个问题应该属于基金股票数据库。,SQL
146,湖南国科微电子股份有限公司业务分为哪些产品线？,该问题的分类应该是“该公司的招股说明书”，因为答案可能包含在湖南国科微电子股份有限公司的招股说明书中。,Text
147,请帮我查询下在2020年浙商基金管理有限公司成立的基金中，有多少只基金持仓过可转债债券？,回答：“基金股票数据库”,SQL
148,珠海健帆生物科技股份有限公司的核心技术产品有哪些？,"该问题的 answer 应该是 ""该公司的招股说明书""。",Text
149,湖南长远锂科股份有限公司所属细分子行业是什么？,该问题的答案应该在湖南长远锂科股份有限公司的招股说明书中。,Text
150,"请帮我查询在2020年,中航基金管理有限公司成立哪种类型的基金个数最多?",问题：“基金股票数据库”,SQL
151,请查询在20190724日期，中信行业分类下房地产一级行业中，当日收盘价波动最大（即最高价与最低价之差最大）的股票代码是什么？,这个问题需要查询基金股票数据库中的信息。,SQL
152,帮我查询在2020年12月31日，代码为009704的基金前20大重仓股票中属于中信二级酒类行业的平均市值是多少？小数点后保留不超过3位。,基金股票数据库,SQL
153,招商基金管理有限公司2020年成立了多少基金?,问题：“招商基金管理有限公司2020年成立了多少基金?”的答案应该在基金股票数据库中可以找到。,SQL
154,帮我查一下蜂巢添益纯债债券A基金在20210817的资产净值和单位净值是多少?,基金股票数据库,SQL
155,浙江开尔新材料股份有限公司主要消耗的能源是什么？,"该问题的 answer 应该是 ""该公司的招股说明书""。",Text
156,"请帮我查询在2019年,海富通基金管理有限公司成立哪种类型的基金个数最多?",问题：“基金股票数据库”,SQL
157,云南沃森生物技术股份有限公司的第一个产品是什么？何时上市？,"该问题的 answer 应该是 ""该公司的招股说明书""。",Text
158,请查询在20210519日期，中信行业分类下电力设备及新能源一级行业中，当日收盘价波动最大（即最高价与最低价之差最大）的股票代码是什么？,回答：“基金股票数据库”,SQL
159,请帮我查询在截止2019-12-31的报告期间，基金总份额降低的基金数量是多少？,问题：“基金股票数据库”,SQL
160,湖南南岭民用爆破器材股份有限公司技术中心现有多少研发人员？其中具有高级职称和中级职称的人员分别有多少人？,该问题的答案可能包含在基金的股票数据库中。,Text
161,请列出国泰基金管理有限公司在2020年成立并且托管人为中国邮政储蓄银行股份有限公司的所有基金的基金托管费率的平均数。,回答：“基金股票数据库”,SQL
162,请帮我查询出20201020日，电力及公用事业一级行业涨幅超过5%（不包含）的股票数量。,"这个问题应该归为""基金股票数据库""类别。",SQL
163,常熟风范电力设备股份有限公司的主营业务是什么？ 是否在报告期内发生重大变化？,"该问题的答案可能包含在常熟风范电力设备股份有限公司的招股说明书中。因此，答案属于""该公司的招股说明书""类别。",Text
164,联化科技股份有限公司目前的主要产品是什么？,"该问题的 answer 应该是 ""该公司的招股说明书""。",Text
165,依据招股意向书，常熟风范电力设备股份有限公司本次发行股票数量是多少？,该问题的描述中没有给出任何关于答案来源的线索，因此无法确定答案是在该公司的招股说明书中还是在基金股票数据库里。,Text
166,请查询在2019年度，002093股票涨停天数？   解释：（收盘价/昨日收盘价-1）》=9.8% 视作涨停,这个问题应该属于基金股票数据库。,SQL
167,在2021年的中期报告里，中信证券股份有限公司管理的基金中，有多少比例的基金是个人投资者持有的份额超过机构投资者？希望得到一个精确到两位小数的百分比。,"问题：“在2021年的中期报告里，中信证券股份有限公司管理的基金中，有多少比例的基金是个人投资者持有的份额超过机构投资者？希望得到一个精确到两位小数的百分比。”
回答：“基金股票数据库”",SQL
168,我想知道鹏扬添利增强债券A基金在20200630的年报(含半年报)中，其可转债持仓占比最大的是哪个行业？用中信一级行业来统计。,回答：“基金股票数据库”,SQL
169,根据大连派思燃气系统股份有限公司招股意向书，预计到2030年，天然气发电用气在天然气消费结构中的比例将上升到多少？,该问题的描述中没有给出任何关于答案来源的线索，因此无法确定答案是在该公司的招股说明书中还是在基金股票数据库里。,Text
170,请列出平安基金管理有限公司在2019年成立并且托管人为兴业银行股份有限公司的所有基金的基金托管费率的平均数。,回答：“基金股票数据库”,SQL
171,青海互助青稞酒股份有限公司主要困难是什么？,该问题的描述类别最适合于在该公司的招股说明书中寻找答案。,Text
172,广州中海达卫星导航技术股份有限公司的子公司中海达测绘的主营业务是什么？,该问题的答案可以在该公司的招股说明书中找到。,Text
173,"请帮我查询在2020年,信达澳亚基金管理有限公司成立哪种类型的基金个数最多?",问题：“基金股票数据库”,SQL
174,兰州海默科技股份有限公司的主营业务有何季节性特征？,该问题最好被描述为“该公司的招股说明书”类别，因为兰州海默科技股份有限公司的业务特征在其招股说明书中可能会有详细的描述。,Text
175,汉嘉设计集团股份有限公司法定代表人是谁？,"该问题的 answer 应该是 ""该公司的招股说明书""。根据问题描述，我们需要在汉嘉设计集团股份有限公司的招股说明书中查找答案。",Text
176,浙商智多宝稳健一年持有期混合A基金在20211231且报告类型是季报的持债市值中，哪类债券市值最高？,回答：“基金股票数据库”,SQL
177,股票000554在20210723日期中的收盘价是多少?（小数点保留3位）,回答：“基金股票数据库”,SQL
178,20190726日，一级行业为电力设备的股票的成交量合计是多少？取整。,这个问题需要在基金股票数据库中查找相关数据并进行计算。因此，答案是“基金股票数据库”。,SQL
179,湖南国科微电子股份有限公司的主营业务是什么？,"该问题的 answer 应该是 ""该公司的招股说明书""。",Text
180,20201231日，中国化学在多少只基金的前五大重仓股中？,问题：“该基金股票数据库”,SQL
181,在2020年7月10日，使用中信行业分类标准，股票代码603801是属于哪个一级行业的?,回答：“基金股票数据库”,SQL
182,江苏爱康太阳能科技股份有限公司拥有的参股子公司是哪些？,"该问题的 answer 应该是 ""该公司的招股说明书""。",Text
183,我想知道兴全磐稳增利债券C基金在20200930的季报中，其可转债持仓占比最大的是哪个行业？用申万一级行业来统计。,回答：“基金股票数据库”,SQL
184,西安启源机电装备股份有限公司专用设备销售价格波动的主要原因是什么？,该问题的描述类别最适合放在招股说明书中。,Text
185,从长期来看，影响烟台杰瑞石油服务集团股份有限公司所处行业景气程度的因素有哪些？,该问题属于招股说明书中提到的内容。,Text
186,北京天宜上佳高新材料股份有限公司外购件有哪些？,"该问题的 answer 应该是 ""该公司的招股说明书""。",Text
187,我想知道浦银安盛双债增强债券C基金在20200331的季报中，其可转债持仓占比最大的是哪个行业？用申万一级行业来统计。,回答：“基金股票数据库”,SQL
188,在2020年12月季报中，持有东方雨虹这一股票且市值占基金资产净值比不小于5%的有几只基金？,回答：“基金股票数据库”,SQL
189,浙江双飞无油轴承股份有限公司目前的主要产品应用在哪些下游领域？,"该问题的 answer 应该是 ""该公司的招股说明书""。",Text
190,我想知道博时价值臻选两年持有期灵活配置混合C基金，在2021年年度报告中，前10大重仓股中，有多少只股票在报告期内取得正收益。,回答：“基金股票数据库”,SQL
191,20200923港股下跌的股票家数有多少家?,基金股票数据库,SQL
192,我想知道凯石沣混合C基金在20201231的季报中，其可转债持仓占比最大的是哪个行业？用申万一级行业来统计。,回答：“基金股票数据库”,SQL
193,"我想了解南方益和灵活配置混合基金,在2019年一季度的季报第6大重股。该持仓股票当个季度的涨跌幅?请四舍五入保留百分比到小数点两位。",回答：“基金股票数据库”,SQL
194,昇兴集团股份有限公司的主要产品是什么？其主要原材料是什么？,该问题的答案可能包含在昇兴集团股份有限公司的招股说明书中。,Text
195,国寿安保泰弘纯债债券基金在20210930的季报里，前三大持仓占比的债券名称是什么?,回答：“基金股票数据库”,SQL
196,"请查询：2020年12月年报(含半年报),持有20平安银行CD073且是前10大重仓股的基金有几个？",回答：“基金股票数据库”,SQL
197,新疆浩源天然气股份有限公司从事的业务具有较为明显的区域性特征，主要体现在什么方面？,该问题的描述未给出任何关于答案来源的线索，因此无法确定答案是在该公司的招股说明书中还是在基金股票数据库里。,Text
198,"我想了解一下东方阿尔法基金管理有限公司2020年成立的混合型基金,其管理费率的平均值是多少?请四舍五入保留小数点两位。",回答：“基金股票数据库”,SQL
199,宁波立立电子股份有限公司本次发行多少股？,该问题的答案可能包含在宁波立立电子股份有限公司的招股说明书中。,Text
200,截至2011年，内蒙古君正能源化工股份有限公司正在从事的研发项目有哪些？,该问题的描述中没有给出任何关于其在招股说明书中或基金股票数据库中的线索，因此我无法确定该问题的答案来源。,Text
201,查询下基金代码005137的基金，它的托管人是？,基金股票数据库,SQL
202,大连派思燃气系统股份有限公司在哪些年份获得了美国GE公司的奖项？,"该问题的 answer 应该是 ""该公司的招股说明书""。",Text
203,20210106日，请给出汇安宜创量化精选混合C基金的管理人和累计单位净值。,回答：“基金股票数据库”,SQL
204,请帮我计算，在20210715，中信行业分类划分的一级行业为消费者服务行业中，涨跌幅最大股票的股票代码是？涨跌幅是多少？百分数保留两位小数。股票涨跌幅定义为：（收盘价 - 前一日收盘价 / 前一日收盘价）* 100%。,该问题需要在基金股票数据库中查找答案。,SQL
205,"在20201231的年报(含半年报)中，泰康长江经济带债券C基金的债券持仓,其持有最大仓位的债券类型是什么?",回答：“基金股票数据库”,SQL
206,森赫电梯股份有限公司境外销售的获客方式有哪些？,该问题的描述中没有给出任何关于其在招股说明书中或基金股票数据库中的线索，因此我无法确定答案来源。,Text
207,武汉兴图新科电子股份有限公司计划使用本次发行募集资金的多少用于补充流动资金？,该问题的描述中没有给出任何关于答案来源的线索，因此无法确定答案是在该公司的招股说明书中还是在基金股票数据库里。,Text
208,烟台杰瑞石油服务集团股份有限公司在成立以来业务范围如何扩展？,该问题的描述不清，无法确定应该在招股说明书中还是在基金股票数据库中查找答案。请提供更多的信息或者更清晰的问题描述。,Text
209,截至本招股意向书签署日，浙江开尔新材料股份有限公司的全资子公司是哪些？,回答：“该公司的招股说明书”,Text
210,我想知道股票300819在申万行业分类下的二级行业是什么？用最新的数据。,回答：“基金股票数据库”,SQL
211,股票002215在20190228日期中的收盘价是多少?（小数点保留3位）,问题：“股票002215在20190228日期中的收盘价是多少?（小数点保留3位）”属于基金股票数据库。,SQL
212,请问股票代码为002164的股票在2019年内日成交量低于该股票当年平均日成交量的有多少个交易日？,回答：“基金股票数据库”,SQL
213,平安惠添纯债债券基金在20190930的季报里，前三大持仓占比的债券名称是什么?,回答：“基金股票数据库”,SQL
214,帮我查询在2020年12月31日，代码为011131的基金前20大重仓股票中属于中信二级生物医药Ⅱ行业的平均市值是多少？小数点后保留不超过3位。,基金股票数据库,SQL
215,针对欧盟的REACH法规，联化科技股份有限公司计划采取哪些应对措施？,该问题属于招股说明书中提到的问题。,Text
216,在2019年11月16日，使用中信行业分类标准，股票代码003004是属于哪个一级行业的?,回答：“基金股票数据库”,SQL
217,在燃煤电厂脱硫工程、空气预热器领域，除浙江开尔新材料股份有限公司外，还有哪些主要的竞争企业？,这个问题的答案应该在基金的股票数据库中。,Text
218,"我想了解一下红塔红土基金管理有限公司2019年成立的债券型基金,其管理费率的平均值是多少?请四舍五入保留小数点两位。",回答：“基金股票数据库”,SQL
219,我想知道股票000809在申万行业分类下的二级行业是什么？用最新的数据。,回答：“基金股票数据库”,SQL
220,根据招股意向书，预计昇兴集团股份有限公司2015年1-3月实现净利润的范围是？,该问题的描述中没有给出任何关于答案来源的线索，因此无法确定答案是在该公司的招股说明书中还是在基金股票数据库里。,Text
221,请帮我计算，代码为603108的股票，2020年一年持有的年化收益率有多少？百分数请保留两位小数。年化收益率定义为：（（有记录的一年的最终收盘价-有记录的一年的年初当天开盘价）/有记录的一年的当天开盘价）* 100%。,"问题：“请帮我计算，代码为603108的股票，2020年一年持有的年化收益率有多少？百分数请保留两位小数。年化收益率定义为：（（有记录的一年的最终收盘价-有记录的一年的年初当天开盘价）/有记录的一年的当天开盘价）* 100%。？”
回答：“基金股票数据库”",SQL
222,2012年、2013年、2014年，昇兴集团股份有限公司应收账款周转率分别为多少？,该问题的答案应该在该公司 的招股说明书中。,Text
223,"我想了解一下西部利得基金管理有限公司2020年成立的债券型基金,其管理费率的平均值是多少?请四舍五入保留小数点两位。",回答：“基金股票数据库”,SQL
224,在2020年5月2日，使用中信行业分类标准，股票代码600483是属于哪个一级行业的?,回答：“基金股票数据库”,SQL
225,请帮我查询出20200713日，公用事业一级行业涨幅超过5%（不包含）的股票数量。,该问题需要查询基金股票数据库中的数据。,SQL
226,宁波立立电子股份有限公司实际控制人是谁？,"该问题的 answer 应该是 ""该公司的招股说明书""。",Text
227,20201231日，轻工制造一级行业有多少只A股股票？,回答：“基金股票数据库”,SQL
228,20200204日，开盘价较上一交易日最高价高的股票有多少只？（如上一交易日没有某只股票，则不统计在内）,这个问题的答案应该在基金股票数据库中。,SQL
229,请帮我查询下，在2019年Q4季报报告中，007837基金的第一大重仓可转债同期还有多少只基金也进行了持仓？,回答：“基金股票数据库”,SQL
230,报告期内大博医疗科技股份有限公司涉诉产品销售收入占公司总营收的比例是多少？,该问题应该属于基金的股票数据库。,Text
231,深圳市超频三科技股份有限公司募集资金的散热器生产基地建设项目建设地在哪里？,该问题的描述中没有给出任何关于答案来源的线索，因此无法确定答案是在该公司的招股说明书中还是在基金股票数据库里。,Text
232,20200706日，一级行业为机械的股票的成交金额合计是多少？取整。,"问题：“请帮我查询下股票代码为XXXXXX的股票在20200706日的成交金额合计是多少？取整。”
回答：“基金股票数据库”",SQL
233,我想知道2020年的年度报告中，机构投资者持有的份额占比超过75%的基金有多少，并且他们总共持有了多少?记得帮我保留两位小数。,回答：“基金股票数据库”,SQL
234,嘉实基金管理有限公司管理的其他型产品的数量有多少?,问题：“基金股票数据库”,SQL
235,在2020年12月年报(含半年报)中，富安达科技领航混合A基金持有市值最多的前10只股票中，所在证券市场是深圳证券交易所的有几个？,回答：“基金股票数据库”,SQL
236,"我想了解九泰聚鑫混合C基金,在2020年四季度的季报第1大重股。该持仓股票当个季度的涨跌幅?请四舍五入保留百分比到小数点两位。",回答：“基金股票数据库”,SQL
237,我想知道股票300897在申万行业分类下的二级行业是什么？用最新的数据。,回答：“基金股票数据库”,SQL
238,请帮我查询下股票代码为600977的股票在2019年内最高日收盘价是多少？,回答：“基金股票数据库”,SQL
239,南京中电联环保股份有限公司科研带头人是？,"该问题的 answer 应该是 ""该公司的招股说明书""。",Text
240,湖南南岭民用爆破器材股份有限公司拥有的核心技术有哪些？,"该问题的 answer 应该是 ""该公司的招股说明书""。",Text
241,我想知道东方阿尔法优势产业混合C基金，在2021年年度报告中，前10大重仓股中，有多少只股票在报告期内取得正收益。,回答：“基金股票数据库”,SQL
242,易方达基金管理有限公司2020年成立了多少基金?,问题：“易方达基金管理有限公司2020年成立了多少基金?”的答案应该在基金股票数据库中可以找到。,SQL
243,森赫电梯股份有限公司产品生产材料是什么？,"该问题的 answer 应该是 ""该公司的招股说明书""。",Text
244,本次新疆浩源天然气股份有限公司募集资金投资项目有哪些？,该问题的描述中没有给出任何关于答案来源的线索，因此无法确定答案是在该公司的招股说明书中还是在基金股票数据库里。,Text
245,20190723港股下跌的股票家数有多少家?,基金股票数据库,SQL
246,在本招股意见书签署的未来两年，新疆浩源天然气股份有限公司在城市管网总长度方面将主要完成的经营目标是什么？,该问题属于招股说明书中提到的内容。,Text
247,20210930日，一级行业为机械的股票的成交金额合计是多少？取整。,回答：“基金股票数据库”,SQL
248,20210607日，一级行业为公用事业的股票的成交量合计是多少？取整。,该问题需要查询基金股票数据库中的数据。,SQL
249,内蒙古君正能源化工股份有限公司的注册时间是什么日期？注册资本是多少元？,"该问题的 answer 应该是 ""该公司的招股说明书""。",Text
250,我想知道鹏扬景科混合A基金，在2020年半年度报告中，前10大重仓股中，有多少只股票在报告期内取得正收益。,回答：“基金股票数据库”,SQL
251,针对2020年的年度报告，有多少家基金的个人投资者持有份额占比不足80%?,回答：“基金股票数据库”,SQL
252,我想知道大成高新技术产业股票C基金，在2021年年度报告中，前10大重仓股中，有多少只股票在报告期内取得正收益。,回答：“基金股票数据库”,SQL
253,帮我查一下在2021年，代码为300238的A股股票今开盘高于昨收盘的天数？,回答：“基金股票数据库”,SQL
254,20210121日，开盘价较上一交易日最高价高的股票有多少只？（如上一交易日没有某只股票，则不统计在内）,这个问题应该属于基金股票数据库。,SQL
255,我想知道国寿安保国证创业板中盘精选88ETF基金，在2021年半年度报告中，前10大重仓股中，有多少只股票在报告期内取得正收益。,回答：“基金股票数据库”,SQL
256,请帮我查询下股票代码为688010的股票在2019年内最高日收盘价是多少？,回答：“基金股票数据库”,SQL
257,我想知道2021年的中期报告中，机构投资者持有的份额占比超过66%的基金有多少，并且他们总共持有了多少?记得帮我保留两位小数。,回答：“基金股票数据库”,SQL
258,昇兴集团股份有限公司因租赁厂房存在经营风险的下属企业是什么？,该问题的分类应该是“该公司的招股说明书”。,Text
259,报告期内，华瑞电器股份有限公司人工成本占主营业务成本的比例分别为多少？,"该问题的 answer 应该是 ""该公司的招股说明书""。因为这个问题涉及到公司的成本结构，而这种信息通常会在招股说明书中披露。",Text
260,报告期内，武汉兴图新科电子股份有限公司来自军用领域的收入分别是多少？,"该问题的分类应该是""该公司的招股说明书""。",Text
261,内蒙古君正能源化工股份有限公司的董事会成员是谁？,"该问题的 answer 应该是 ""该公司的招股说明书""。",Text
262,报告期内，深圳市超频三科技股份有限公司制造费用占主营业务成本比例分别为多少？,"该问题的 answer 应该是 ""该公司的招股说明书""。",Text
263,"请帮我查询下，在20200826，申万行业分类里一级行业为综合行业的所有股票里, 成交金额(元)最多的股票的代码是什么？成交金额是多少？",回答：“基金股票数据库”,SQL
264,广发招财短债债券A基金在20190930且报告类型是季报的持债市值中，哪类债券市值最高？,回答：“基金股票数据库”,SQL
265,西安启源机电装备股份有限公司控股子公司是谁？公司持有其多少的股份？,"该问题的 answer 应该是 ""该公司的招股说明书""。",Text
266,我想知道浙江浙商证券资产管理有限公司在2019年成立了多少只管理费率小于0.8%的基金？,回答：“基金股票数据库”,SQL
267,确成硅化学股份有限公司的子公司无锡东沃经营范围是？,该问题的分类应该是“该公司的招股说明书”。,Text
268,我想知道2021年的中期报告中，机构投资者持有的份额占比超过15%的基金有多少，并且他们总共持有了多少?记得帮我保留两位小数。,回答：“基金股票数据库”,SQL
269,创金合信鑫收益灵活配置混合E基金在20190930的季报里，前三大持仓占比的债券名称是什么?,回答：“基金股票数据库”,SQL
270,南方基金管理股份有限公司2019年成立了多少基金?,问题：“南方基金管理股份有限公司2019年成立了多少基金?”的答案应该在基金股票数据库中可以找到。,SQL
271,请问股票代码为002641的股票在2021年内日成交量低于该股票当年平均日成交量的有多少个交易日？,回答：“基金股票数据库”,SQL
272,窦剑文先生持有兰州海默科技股份有限公司多少股权？,"该问题的 answer 应该是 ""该公司的招股说明书""。",Text
273,请问股票代码为603679的股票在2021年内日成交量低于该股票当年平均日成交量的有多少个交易日？,回答：“基金股票数据库”,SQL
274,帮我查询在2020年12月31日，代码为008376的基金前20大重仓股票中属于中信二级畜牧业行业的平均市值是多少？小数点后保留不超过3位。,基金股票数据库,SQL
275,"请帮我查询下在2020年, 睿远基金管理有限公司管理的债券型基金中，持有过可转换债券的基金有多少只？",问题：“基金股票数据库”,SQL
276,2014年度、2015年度以及2016年度湖南国科微电子股份有限公司向前五大客户销售的金额占同期营业收入的比例分别是多少？,该问题属于招股说明书中提供的信息。,Text
277,截至2014 年12 月31 日，读者出版传媒股份有限公司共有员工多少人？,该问题的答案可能包含在招股说明书中。,Text
278,我想知道在20200331的季报里，中银证券价值精选灵活配置混合投资的股票分别是哪些申万一级行业？,回答：“基金股票数据库”,SQL
279,2020年10月6日，上海真兰仪表科技股份有限公司的注册资本由多少增加到多少？,"该问题的 answer 应该是 ""该公司的招股说明书""。",Text
280,华瑞股份发生了几次股权转让？,该问题的答案可能包含在该公司 的招股说明书中。,Text
281,请查询：在20201216，属于申万二级房屋建设行业的A股股票，它们的平均成交金额是多少？小数点后保留不超过5位。,回答：“基金股票数据库”,SQL
282,"请查询：2021年12月年报(含半年报),持有17扬城建MTN001且是前10大重仓股的基金有几个？",回答：“基金股票数据库”,SQL
283,查询下基金代码009407的基金，它的托管人是？,基金股票数据库,SQL
284,易方达恒盛3个月定期开放混合基金在20200331的季报里，前三大持仓占比的债券名称是什么?,回答：“基金股票数据库”,SQL
285,湖南长远锂科股份有限公司在高效电池正极材料领域的技术水平如何？掌握了哪些技术？,"该问题的描述类别最适合出现在""该公司的招股说明书""中。",Text
286,浙江开尔新材料股份有限公司实际控制人承诺如何处理因未执行社会保险及住房公积金制度而产生的损失或义务？,该问题的描述中没有给出任何关于其在招股说明书中还是在基金股票数据库里的线索，因此我无法回答这个问题。,Text
287,报告期内，山东海看网络科技有限公司的IPTV用户数量如何变化？截至报告期各期末 IPTV业务用户数为多少？,该问题属于招股说明书中提到的内容。,Text
288,报告期内山东海看网络科技有限公司因进行宣传和活动策划活动共产生的业务宣传费为多少？,该问题的描述中没有给出任何关于该基金股票数据库或该公司招股说明书中可能包含的答案线索，因此最好的类别是“无法确定”。,Text
289,请帮我计算，在20210719，中信行业分类划分的一级行业为消费者服务行业中，涨跌幅最大股票的股票代码是？涨跌幅是多少？百分数保留两位小数。股票涨跌幅定义为：（收盘价 - 前一日收盘价 / 前一日收盘价）* 100%。,该问题需要在基金股票数据库中查找答案。,SQL
290,2015年度和2016年度，深圳市超频三科技股份有限公司营业收入分别同比变动多少？,该问题应该属于招股说明书中包含的信息。,Text
291,"帮我算一下在20190408,代码为00326的港股日价格振幅是多少，小数点后保留不超过3位。",回答：“基金股票数据库”,SQL
292,报告期内，山东海看网络科技有限公司主营业务是什么？,该问题的描述不清，无法确定应该在基金的股票数据库还是公司的招股说明书中查找答案。请提供更多的上下文信息以便更好地回答您的问题。,Text
293,根据招股意向书，2015年国家下调天然气价格后，对大连派思燃气系统股份有限公司未来经营活动的影响是什么？,该问题的描述中没有给出任何关于答案来源的线索，因此无法确定答案是在该公司的招股说明书中还是在基金股票数据库里。,Text
294,青海互助青稞酒股份有限公司的实际控制人是谁？共有几人？,"该问题的 answer 应该是 ""该公司的招股说明书""。",Text
295,20201211港股下跌的股票家数有多少家?,基金股票数据库,SQL
296,帮我查一下诺德短债债券C基金在20200331的资产净值和单位净值是多少?,回答：“基金股票数据库”,SQL
297,广发聚荣一年持有期混合C基金在20211231的季报里，前三大持仓占比的债券名称是什么?,基金股票数据库,SQL
298,请问2019年二季度有多少家基金是净申购?它们的净申购份额加起来是多少?请四舍五入保留小数点两位。,"问题：“请帮忙查询下股票代码为XXXXXX的股票在2019年内最高日收盘价是多少？”
回答：“基金股票数据库”",SQL
299,"我想了解平安估值精选混合C基金,在2020年三季度的季报第5大重股。该持仓股票当个季度的涨跌幅?请四舍五入保留百分比到小数点两位。",回答：“基金股票数据库”,SQL
300,我想知道在20211231的季报里，中信保诚红利精选混合C投资的股票分别是哪些申万一级行业？,回答：“基金股票数据库”,SQL
301,2021年二季度，有多少家基金发生了净赎回?总共赎回了多少份额?记得给我四舍五入到小数点后两位哦。,问题：“请帮忙查询下股票代码为XXXXXX的股票在2021年内最高日收盘价是多少?”,SQL
302,广州中海达卫星导航技术股份有限公司的国内营销网络有多少个办事处和几家分公司？多少营销服务人员？,该问题的描述中没有给出任何关于该基金股票数据库的信息，因此答案应该在该公司的招股说明书中。,Text
303,根据东莞勤上光电股份有限公司招股意向书，全球率先整体用LED路灯替换传统路灯的案例是？,该问题的描述中并没有提到任何具体的公司名称，因此无法确定这是属于哪家公司的招股说明书中提到的信息。同时，这个问题也没有涉及到任何基金或者股票相关的概念，因此可以判断这是一个不属于基金股票数据库中的信息。综上所述，这个问题是属于招股说明书中可能包含的内容。,Text
304,中国铁路通信信号股份有限公司本次发行前总股本为多少？本次发行后本公司总股本为多少？,该问题的答案可以在该公司的招股说明书中找到。,Text
305,什么公司、在何时与浙江双飞无油轴承股份有限公司发生了产品争议事项？产品争议事项是否已经解决？,回答：“该公司的招股说明书”,Text
306,深圳信立泰药业股份有限公司本次募集资金项目拟投资总额为多少？,"该问题的 answer 应该是 ""该公司的招股说明书""。",Text
307,在2021年12月年报(含半年报)中，宝盈龙头优选股票A基金持有市值最多的前10只股票中，所在证券市场是上海证券交易所的有几个？,回答：“基金股票数据库”,SQL
308,请查询在20200623日期，中信行业分类下汽车一级行业中，当日收盘价波动最大（即最高价与最低价之差最大）的股票代码是什么？,回答：“基金股票数据库”,SQL
309,我想知道海富通基金管理有限公司在2020年成立了多少只管理费率小于0.8%的基金？,回答：“基金股票数据库”,SQL
310,在2020年12月30日，使用中信行业分类标准，股票代码002319是属于哪个一级行业的?,回答：“基金股票数据库”,SQL
311,请问在休闲服务行业，20190119行业的A股公司有多少?,该问题需要在基金股票数据库中查找答案。,SQL
312,森赫电梯股份有限公司获得多少项国内专利？其中有多上项发明专利？,"该问题的分类应该是 ""该公司的招股说明书""。",Text
313,股票688200在20200227日期中的收盘价是多少?（小数点保留3位）,回答：“基金股票数据库”,SQL
314,江苏爱康太阳能科技股份有限公司注册资本是多少？,"该问题的 answer 应该是 ""该公司的招股说明书""。",Text
315,2020年三季度，有多少家基金发生了净赎回?总共赎回了多少份额?记得给我四舍五入到小数点后两位哦。,"问题：“请帮忙查询下股票代码为XXXXXX的股票在2020年三季度的净赎回情况，包括净赎回的基金数量和总份额，并将结果四舍五入到小数点后两位。”
回答：“基金股票数据库”",SQL
316,常熟风范电力设备股份有限公司在报告期内的资产总额及逐年变化趋势如何？,该问题的描述中没有给出具体的答案来源，因此无法确定它是在该公司的招股说明书中还是在基金股票数据库里。,Text
317,在2019年12月季报中，持有中国移动这一股票且市值占基金资产净值比不小于5%的有几只基金？,回答：“基金股票数据库”,SQL
318,新疆浩源天然气股份有限公司的主要业务是什么？,"该问题的 answer 应该是 ""该公司的招股说明书""。",Text
319,帮我查一下南方景气驱动混合A基金在20211213的资产净值和单位净值是多少?,回答：“基金股票数据库”,SQL
320,大连派思燃气系统股份有限公司在何时获得美国GE公司的合格供应商认证？,"该问题的 answer 应该是 ""该公司的招股说明书""。根据提供的信息，大连派思燃气系统股份有限公司在招股说明书中应该包含关于获得美国GE公司合格供应商认证的信息。",Text
321,2020年中期报告里，国泰基金管理有限公司管理的基金中，机构投资者持有份额比个人投资者多的基金有多少只?,"问题：“国泰基金管理有限公司2020年中期报告中，机构投资者持有份额比个人投资者多的基金的个数是多少？”
回答：“该公司的招股说明书”",Text
322,青海互助青稞酒股份有限公司报告期内面临的最重要风险因素是什么？,该问题的描述类别最适合出现在青海互助青稞酒股份有限公司的招股说明书中。,Text
323,我想知道申万菱信量化对冲策略灵活配置混合基金在20211231的年报(含半年报)中，其可转债持仓占比最大的是哪个行业？用中信一级行业来统计。,回答：“基金股票数据库”,SQL
324,截至2016年6月30日，华达汽车科技股份有限公司及子公司共有技术研发人员多少人？技术研发人占员工总人数的多大比例？,该问题应该属于该公司的招股说明书中。,Text
325,"请帮我查询下在2021年, 嘉实基金管理有限公司管理的债券型基金中，持有过可交换公司债券的基金有多少只？",问题：“基金股票数据库”,SQL
326,我想知道海富通安益对冲策略灵活配置混合C基金在20211231的年报(含半年报)中，其可转债持仓占比最大的是哪个行业？用中信一级行业来统计。,回答：“基金股票数据库”,SQL
327,我想知道国泰民福策略价值灵活配置混合A基金在20200630的年报(含半年报)中，其可转债持仓占比最大的是哪个行业？用中信一级行业来统计。,回答：“基金股票数据库”,SQL
328,2007年度、2008年度、2009年度，杭州中恒电气股份有限公司的加权平均净资产收益率分别是多少？,该问题的答案应该在基金的股票数据库中。,Text
329,请问在钢铁行业，20190223行业的A股公司有多少?,该问题最好被描述为“基金股票数据库”类别，因为答案可以在股票行情软件或数据库中找到，而不是在某个公司的招股说明书中。,SQL
330,"请帮我查询在2019年,北信瑞丰基金管理有限公司成立哪种类型的基金个数最多?",问题：“基金股票数据库”,SQL
331,20210407日，请给出申万菱信安泰瑞利中短债债券C基金的管理人和累计单位净值。,回答：“基金股票数据库”,SQL
332,森赫电梯股份有限公司产品的材料成本占整梯生产成本的多大比例？,该问题的描述中没有给出任何关于该基金股票数据库的信息，因此答案应该在该公司的招股说明书中。,Text
333,2007年、2008年、2009年、2010年1-6月，南京中电联环保股份有限公司收到的增值税返还分别为多少？,这个问题应该属于基金的股票数据库中。,Text
334,确成硅化学股份有限公司生产的沉淀法二氧化硅广泛应用于哪些行业？其中对哪个行业的依赖度大？,该问题的描述不清，无法确定是在该公司的招股说明书中还是在基金股票数据库里。,Text
335,我想知道股票688266在申万行业分类下的二级行业是什么？用最新的数据。,回答：“基金股票数据库”,SQL
336,截至2009年12月31日，杭州中恒电气股份有限公司具有大、中专以上学历员工占员工总数的比例是多少？,该问题的答案可能包含在基金的股票数据库中。,Text
337,我想知道银华科技创新混合基金，在2021年年度报告中，前10大重仓股中，有多少只股票在报告期内取得正收益。,回答：“基金股票数据库”,SQL
338,"假设股票日收益率计算公式为：日收益率 = （当日收盘价-昨收盘价）/昨收盘价。请帮我找到在2019年，申万行业分类行业划分标准,房地产一级行业中, 代码为多少的股票的日均收益率最高？",问题：“基金股票数据库”,SQL
339,"我想了解长信沪深300指数增强A基金,在2019年一季度的季报第3大重股。该持仓股票当个季度的涨跌幅?请四舍五入保留百分比到小数点两位。",回答：“基金股票数据库”,SQL
340,我想知道股票601615在申万行业分类下的二级行业是什么？用最新的数据。,回答：“基金股票数据库”,SQL
341,我想知道股票300066在申万行业分类下的二级行业是什么？用最新的数据。,回答：“基金股票数据库”,SQL
342,深圳市铁汉生态环境股份有限公司所在的生态环境建设行业涉及的两个领域是什么？,"该问题的 answer 应该是 ""该公司的招股说明书""。根据题目描述，需要在深圳市铁汉生态环境股份有限公司的招股说明书中查找答案。",Text
343,山东海看网络科技有限公司的IPTV业务功能包括哪些？,该问题的描述不清，无法确定应该在基金的招股说明书中还是在股票数据库中查找答案。请提供更多的上下文信息以便更准确地回答您的问题。,Text
344,我想知道2019年的中期报告中，机构投资者持有的份额占比超过75%的基金有多少，并且他们总共持有了多少?记得帮我保留两位小数。,回答：“基金股票数据库”,SQL
345,在2020年12月年报(含半年报)中，宝盈祥裕增强回报混合C基金持有市值最多的前10只股票中，所在证券市场是上海证券交易所的有几个？,回答：“基金股票数据库”,SQL
346,杭州中恒电气股份有限公司计划在项目建设期增加多少固定资产投资？,"该问题的 answer 应该是 ""该公司的招股说明书""。",Text
347,湖南长远锂科股份有限公司公司的生产成本包括哪些部分？,该问题的描述不清，无法判断答案是在该公司的招股说明书中还是在基金股票数据库里。,Text
348,深圳信立泰药业股份有限公司的英文名称是？,"该问题的 answer 应该是 ""该公司的招股说明书""。",Text
349,在2021年12月年报(含半年报)中，博时鑫荣稳健混合C基金持有市值最多的前10只股票中，所在证券市场是上海证券交易所的有几个？,回答：“基金股票数据库”,SQL
350,华达汽车科技股份有限公司的主营业务是什么？,"该问题的 answer 应该是 ""该公司的招股说明书""。",Text
351,2020年二季度，有多少家基金发生了净赎回?总共赎回了多少份额?记得给我四舍五入到小数点后两位哦。,问题：“请帮忙查询下股票代码为XXXXXX的股票在2020年内最高日收盘价是多少?”,SQL
352,请问股票代码为002158的股票在2021年内日成交量低于该股票当年平均日成交量的有多少个交易日？,回答：“基金股票数据库”,SQL
353,云南沃森生物技术股份有限公司创始人的研发资质如何？,该问题的答案可能包含在基金的招募说明书或公司的招股说明书中。由于问题没有给出具体的公司名称，因此无法确定答案所在的位置。,Text
354,读者出版传媒股份有限公司每年与各印刷厂签订的《读者》印刷协议中，2014年度的含税基本印刷单价是多少？,"该问题的 answer 应该是 ""该公司的招股说明书""。",Text
355,浙江双飞无油轴承股份有限公司的主要原材料是什么？,"该问题的 answer 应该是 ""该公司的招股说明书""。",Text
356,查询下基金代码167507的基金，它的基金类型是？,该问题需要查询基金股票数据库。,SQL
357,浙江开尔新材料股份有限公司和合肥翰林是否按规定为员工缴纳了社会保险？,回答：“该公司的招股说明书”,Text
358,对湖南国科微电子股份有限公司持续盈利能力可能产生重大不利影响的因素主要包括哪些？,"该问题的描述类别最适合于 ""该公司的招股说明书""。",Text
359,在2019年报中，汇添富中证长三角一体化发展主题ETF联接A基金第八大重仓股的代码和股票名称是什么？,这个问题的答案应该在基金股票数据库中。,SQL
360,在2019年报中，东方红睿华沪港深灵活配置混合(LOF)A基金第六大重仓股的代码和股票名称是什么？,回答：“基金股票数据库”,SQL
361,请查询：在20210611，属于申万二级一般零售行业的A股股票，它们的平均成交金额是多少？小数点后保留不超过5位。,该问题需要查询基金股票数据库中的信息。,SQL
362,请问股票代码为002771的股票在2021年内日成交量低于该股票当年平均日成交量的有多少个交易日？,回答：“基金股票数据库”,SQL
363,"帮我算一下在20190114,代码为00080的港股日价格振幅是多少，小数点后保留不超过3位。",回答：“基金股票数据库”,SQL
364,"帮我算一下在20201222,代码为02198的港股日价格振幅是多少，小数点后保留不超过3位。",回答：“基金股票数据库”,SQL
365,报告期内，南京中电联环保股份有限公司流动比率、速动比率呈什么趋势？公司资产流动性水平如何？所面临的流动性风险水平如何？,该问题属于招股说明书中可能包含的内容。,Text
366,在2021年报中，平安安享灵活配置混合C基金第八大重仓股的代码和股票名称是什么？,回答：“基金股票数据库”,SQL
367,为什么广东银禧科技股份有限公司核心技术大部分为非专利技术？,该问题属于招股说明书中提到的信息。,Text
368,股票600757在20200915日期中的收盘价是多少?（小数点保留3位）,回答：“基金股票数据库”,SQL
369,请帮我计算，在20190312，中信行业分类划分的一级行业为消费者服务行业中，涨跌幅最大股票的股票代码是？涨跌幅是多少？百分数保留两位小数。股票涨跌幅定义为：（收盘价 - 前一日收盘价 / 前一日收盘价）* 100%。,该问题需要在基金股票数据库中查找答案。,SQL
370,深圳市超频三科技股份有限公司主要采购哪些原材料？,"该问题的 answer 应该是 ""该公司的招股说明书""。",Text
371,2019年1-6月，浙江双飞无油轴承股份有限公司向前五大供应商采购原材料金额占同期采购总额的比例是多少？,这个问题应该属于基金的股票数据库。,Text
372,我想知道股票600887在申万行业分类下的二级行业是什么？用最新的数据。,回答：“基金股票数据库”,SQL
373,招商基金管理有限公司管理的其他型产品的数量有多少?,回答：“基金股票数据库”,SQL
374,"帮我算一下在20190502,代码为00292的港股日价格振幅是多少，小数点后保留不超过3位。",回答：“基金股票数据库”,SQL
375,我想知道股票300555在申万行业分类下的二级行业是什么？用最新的数据。,回答：“基金股票数据库”,SQL
376,读者出版传媒股份有限公司期刊、图书出版业的产业链主要包括哪些环节？,该问题的描述类别最适合出现在该公司的招股说明书中。,Text
377,"我想了解红土创新稳健混合C基金,在2020年二季度的季报第1大重股。该持仓股票当个季度的涨跌幅?请四舍五入保留百分比到小数点两位。",回答：“基金股票数据库”,SQL
378,青海互助青稞酒股份有限公司设置哪些部门？,该问题的类别为“该公司的招股说明书”,Text
379,在2020年2月25日，使用中信行业分类标准，股票代码688012是属于哪个一级行业的?,回答：“基金股票数据库”,SQL
380,我想知道2021年的年度报告中，机构投资者持有的份额占比超过30%的基金有多少，并且他们总共持有了多少?记得帮我保留两位小数。,回答：“基金股票数据库”,SQL
381,我想知道国泰金鹿混合在2020年Q1的季报中，该基金的第2大重仓股的代码是什么?,回答：“基金股票数据库”,SQL
382,宁波立立电子股份有限公司募集资金的6－8英寸硅抛光片扩产项目建设工期预计为几年？,该问题的描述中没有给出任何关于其在招股说明书中或基金股票数据库中的线索，因此我无法回答这个问题。,Text
383,"请帮我查询在2019年,富荣基金管理有限公司成立哪种类型的基金个数最多?",问题：“基金股票数据库”,SQL
384,博时基金管理有限公司2019年成立了多少基金?,问题：“博时基金管理有限公司2019年成立了多少基金？”的答案应该在基金股票数据库中可以找到。,SQL
385,常熟风范电力设备股份有限公司主要客户的收款周期和发生坏帐的可能性如何？,该问题的描述不清，无法确定应该在基金的招股说明书中还是在股票数据库中查找答案。请提供更多的上下文信息以便更准确地回答您的问题。,Text
386,在2021年10月15日，使用中信行业分类标准，股票代码000828是属于哪个一级行业的?,回答：“基金股票数据库”,SQL
387,我想知道华安汇嘉精选混合C在2020年Q4的季报中，该基金的第3大重仓股的代码是什么?,回答：“基金股票数据库”,SQL
388,20210618日，一级行业为基础化工的股票的成交量合计是多少？取整。,回答：“基金股票数据库”,SQL
389,东莞勤上光电股份有限公司建立的LED照明产品系列包括哪些？,"该问题的 answer 应该是 ""该公司的招股说明书""。根据提供的信息，只有在该公司的招股说明书中才能找到关于这个话题的答案。",Text
390,请查询在2021年度，688728股票涨停天数？   解释：（收盘价/昨日收盘价-1）》=9.8% 视作涨停,这个问题应该属于基金股票数据库。,SQL
391,请帮我查询出20210506日，建筑材料一级行业涨幅超过5%（不包含）的股票数量。,这个问题应该属于基金股票数据库。,SQL
392,"我想了解易方达稳健收益债券C基金,在2021年二季度的季报第5大重股。该持仓股票当个季度的涨跌幅?请四舍五入保留百分比到小数点两位。",回答：“基金股票数据库”,SQL
393,我想知道兴全安泰平衡养老目标三年持有期混合(FOF)A基金在20190331的季报中，其可转债持仓占比最大的是哪个行业？用申万一级行业来统计。,回答：“基金股票数据库”,SQL
394,我想知道东方红品质优选两年定期开放混合基金，在2021年半年度报告中，前10大重仓股中，有多少只股票在报告期内取得正收益。,回答：“基金股票数据库”,SQL
395,我想知道在2021年，摩根基金管理(中国)有限公司已发行的基金中，有多少只基金报告期期初基金总份额小于报告期期末基金总份额(使用每只基金当年最晚的定期报告数据计算)？,回答：“基金股票数据库”,SQL
396,请查询在2021年度，600373股票涨停天数？   解释：（收盘价/昨日收盘价-1）》=9.8% 视作涨停,这个问题应该属于基金股票数据库。,SQL
397,我想知道在2020年，广发基金管理有限公司已发行的基金中，有多少只基金报告期期初基金总份额小于报告期期末基金总份额(使用每只基金当年最晚的定期报告数据计算)？,回答：“基金股票数据库”,SQL
398,在采购端，上海真兰仪表科技股份有限公司与中国科学院控股有限公司下属成都中科唯实仪器有限责任公司设立的公司是什么？公司持股多大比例？,该问题的描述中没有给出任何关于答案来源的线索，因此无法确定答案是在该公司的招股说明书中还是在基金股票数据库里。,Text
399,报告期内，宁波立立电子股份有限公司硅抛光片产品2005年毛利率稍低的主要原因是什么？,该问题的描述中没有给出任何关于其在招股说明书中或基金股票数据库中的线索，因此我无法回答这个问题。,Text
400,宁波立立电子股份有限公司企业所得税的法定税率是多少？,"该问题的 answer 应该是 ""该公司的招股说明书""。",Text
401,报告期内，湖南国科微电子股份有限公司的主营业务收入主要来源于什么产品？,"该问题的分类应该是""该公司的招股说明书""。",Text
402,我想知道股票601086在申万行业分类下的二级行业是什么？用最新的数据。,回答：“基金股票数据库”,SQL
403,请帮我查询下，在2019年09月的报告中，报告期基金总申购份额和报告期基金总赎回份额差额最大的一只基金的简称是什么？差额有多少？保留两位小数。,基金股票数据库,SQL
404,2008年度、2009年度深圳市铁汉生态环境股份有限公司园林绿化工程收入的增长率分别为多少？,该问题的描述中没有给出任何关于该基金或股票的信息，因此无法确定它是在该公司的招股说明书中还是在基金股票数据库里。,Text
405,请帮我计算，在20190114，中信行业分类划分的一级行业为建材行业中，涨跌幅最大股票的股票代码是？涨跌幅是多少？百分数保留两位小数。股票涨跌幅定义为：（收盘价 - 前一日收盘价 / 前一日收盘价）* 100%。,这个问题需要在基金股票数据库中查找答案。,SQL
406,请问在机械设备行业，20190508行业的A股公司有多少?,该问题需要在基金股票数据库中查找答案。,SQL
407,我想知道国寿安保基金管理有限公司在2020年成立了多少只管理费率小于0.8%的基金？,回答：“基金股票数据库”,SQL
408,20200722日，一级行业为化工的股票的成交金额合计是多少？取整。,回答：“基金股票数据库”,SQL
409,博时基金管理有限公司管理的债券型产品的数量有多少?,问题：“博时基金管理有限公司管理的债券型产品的数量有多少?” 应该在基金股票数据库中查找。,SQL
410,请列出工银瑞信基金管理有限公司在2019年成立并且托管人为平安银行股份有限公司的所有基金的基金托管费率的平均数。,回答：“基金股票数据库”,SQL
411,20211229日，请给出工银瑞信消费行业股票A基金的管理人和累计单位净值。,回答：“基金股票数据库”,SQL
412,20190318日，开盘价较上一交易日最高价高的股票有多少只？（如上一交易日没有某只股票，则不统计在内）,这个问题的答案应该在基金股票数据库中。,SQL
413,"请查询：2021年12月年报(含半年报),持有21昆山农商二级且是前10大重仓股的基金有几个？",回答：“基金股票数据库”,SQL
414,"请帮我查询下，在20211117，申万行业分类里一级行业为商业贸易行业的所有股票里, 成交金额(元)最多的股票的代码是什么？成交金额是多少？",回答：“基金股票数据库”,SQL
415,嘉实基金管理有限公司管理的混合型产品的数量有多少?,回答：“基金股票数据库”,SQL
416,烟台杰瑞石油服务集团股份有限公司所属行业在产品销售和服务的地点上体现出怎样的区域性特征？,该问题的描述不清，无法确定应该在基金的招股说明书中还是在股票数据库中查找答案。请提供更多的信息或者更清晰的问题描述。,Text
417,招商基金管理有限公司2019年成立了多少基金?,问题：“招商基金管理有限公司2019年成立了多少基金?”的答案应该在基金股票数据库中可以找到。,SQL
418,江苏旷达汽车织物集团股份有限公司的营业收入主要包括哪些？,"该问题的 answer 应该是 ""该公司的招股说明书""。",Text
419,海富通稳健养老目标一年持有期混合(FOF)A基金在20210331的季报里，前三大持仓占比的债券名称是什么?,回答：“基金股票数据库”,SQL
420,请列出汇添富基金管理股份有限公司在2020年成立并且托管人为中国农业银行股份有限公司的所有基金的基金托管费率的平均数。,答案：基金股票数据库,SQL
421,华达汽车科技股份有限公司的实际控制人是谁？截至本招股意向书签署日，公司实际控制人控制本公司多大比例的股份。,"该问题的分类结果应为""该公司的招股说明书""。",Text
422,在2020年6月7日，使用中信行业分类标准，股票代码002162是属于哪个一级行业的?,回答：“基金股票数据库”,SQL
423,常熟风范电力设备股份有限公司在国际市场上的主要合作伙伴有哪些？,"该问题的 answer 应该是 ""该公司的招股说明书""。根据提供的信息，常熟风范电力设备股份有限公司在国际市场上的主要竞争对手或合作伙伴的信息应该包含在该公司的招股说明书中。",Text
424,读者出版传媒股份有限公司本次发行前各股东间的关联关系情况如何？,该问题的描述中没有给出任何关于其在招股说明书中或基金股票数据库中的线索，因此我无法将其分类为上述两类之一。,Text
425,中国铁路通信信号股份有限公司本次上市选择的标准为预计市值不低于人民币多少？最近一年营业收入不低于人民币多少？,问题：“该公司的招股说明书”,Text
426,"在20211231的年报(含半年报)中，泰康长江经济带债券A基金的债券持仓,其持有最大仓位的债券类型是什么?",回答：“基金股票数据库”,SQL
427,在2020年报中，方正富邦沪深300ETF基金第一大重仓股的代码和股票名称是什么？,回答：“基金股票数据库”,SQL
428,股票002648在20210803日期中的收盘价是多少?（小数点保留3位）,问题：“股票002648在20210803日期中的收盘价是多少?（小数点保留3位）”属于基金股票数据库。,SQL
429,南方基金管理股份有限公司2020年成立了多少基金?,问题：“南方基金管理股份有限公司2020年成立了多少基金?”的答案应该在基金股票数据库中可以找到。,SQL
430,烟台杰瑞石油服务集团股份有限公司的战略规划是什么？,该问题的答案可能包含在烟台杰瑞石油服务集团股份有限公司的招股说明书中。,Text
431,"在20211231的年报(含半年报)中，广发资管乾利一年持有期债券A基金的债券持仓,其持有最大仓位的债券类型是什么?",回答：“基金股票数据库”,SQL
432,请列出华宝基金管理有限公司在2019年成立并且托管人为中国民生银行股份有限公司的所有基金的基金托管费率的平均数。,回答：“基金股票数据库”,SQL
433,我想知道股票000060在申万行业分类下的二级行业是什么？用最新的数据。,回答：“基金股票数据库”,SQL
434,请帮我查询下，在2019年03月的报告中，报告期基金总申购份额和报告期基金总赎回份额差额最大的一只基金的简称是什么？差额有多少？保留两位小数。,回答：“基金股票数据库”,SQL
435,20201116日，一级行业为电气设备的股票的成交金额合计是多少？取整。,回答：“基金股票数据库”,SQL
436,根据森赫电梯股份有限公司招股意见书，目前国内电梯市场中，外资品牌和国内电梯品牌各占多少份额？,该问题的描述中并没有明确指出是在招股说明书中还是在基金股票数据库中寻找答案，因此我无法回答这个问题。,Text
437,根据《CRCC产品认证实施规则》，《铁路产品认证证书》有效期为多久？北京天宜上佳高新材料股份有限公司取得 《铁路产品认证证书》后，至少多久需要接受一次监督？,该问题属于招股说明书中提到的内容。,Text
438,2019年1-6月浙江双飞无油轴承股份有限公司经营业绩出现下滑的原因是什么？,该问题的描述中没有给出任何关于其在招股说明书中或基金股票数据库中的线索，因此我无法回答这个问题。,Text
439,"我想了解一下金鹰基金管理有限公司2019年成立的债券型基金,其管理费率的平均值是多少?请四舍五入保留小数点两位。",回答：“基金股票数据库”,SQL
440,2019年一季度，有多少家基金发生了净赎回?总共赎回了多少份额?记得给我四舍五入到小数点后两位哦。,问题：“请帮忙查询下股票代码为XXXXXX的股票在2019年内最高日收盘价是多少?”,SQL
441,请问在基础化工行业，20201215行业的A股公司有多少?,该问题需要在基金股票数据库中查找答案。,SQL
442,"假设股票日收益率计算公式为：日收益率 = （当日收盘价-昨收盘价）/昨收盘价。请帮我找到在2019年，中信行业分类行业划分标准,电力及公用事业一级行业中, 代码为多少的股票的日均收益率最高？",问题：“基金股票数据库”,SQL
443,"在20210630的年报(含半年报)中，鹏华可转债债券C基金的债券持仓,其持有最大仓位的债券类型是什么?",回答：“基金股票数据库”,SQL
444,"请帮我查询下，在20200617，中信行业分类里一级行业为钢铁行业的所有股票里, 成交金额(元)最多的股票的代码是什么？成交金额是多少？",回答：“基金股票数据库”,SQL
445,嘉实基金管理有限公司2020年成立了多少基金?,问题：“嘉实基金管理有限公司2020年成立了多少基金?”的答案应该在基金股票数据库中可以找到。,SQL
446,20190812日，开盘价较上一交易日最高价高的股票有多少只？（如上一交易日没有某只股票，则不统计在内）,这个问题的答案应该在基金股票数据库中。,SQL
447,深圳市超频三科技股份有限公司现有核心技术人员几名？是谁？,"该问题的 answer 应该是 ""该公司的招股说明书""。",Text
448,我想知道在20211231的季报里，鹏扬添利增强债券A投资的股票分别是哪些申万一级行业？,回答：“基金股票数据库”,SQL
449,湖南南岭民用爆破器材股份有限公司主要业务是什么？,该问题的描述不清，无法确定应该在招股说明书中还是在基金股票数据库中查找答案。请提供更多的上下文信息以便更好地回答您的问题。,Text
450,"帮我算一下在20200617,代码为00878的港股日价格振幅是多少，小数点后保留不超过3位。",回答：“基金股票数据库”,SQL
451,华瑞股份第二次股权转让引入的外部投资者是？,"该问题的 answer 应该是 ""该公司的招股说明书""。",Text
452,大成景乐纯债债券C基金在20210331的季报里，前三大持仓占比的债券名称是什么?,回答：“基金股票数据库”,SQL
453,在哪些国家和地区，兰州海默科技股份有限公司必须通过当地公司销售产品和服务？,该问题的答案可能包含在兰州海默科技股份有限公司的招股说明书中。,Text
454,请帮我查询出20210719日，农林牧渔一级行业涨幅超过5%（不包含）的股票数量。,"这个问题应该归为""基金股票数据库""类别。",SQL
455,"请帮我查询下，在20210319，申万行业分类里一级行业为公用事业行业的所有股票里, 成交金额(元)最多的股票的代码是什么？成交金额是多少？",回答：“基金股票数据库”,SQL
456,我想知道光大阳光优选一年持有期混合B基金，在2020年年度报告中，前10大重仓股中，有多少只股票在报告期内取得正收益。,回答：“基金股票数据库”,SQL
457,20191231日，请给出西部利得沣泰债券A基金的管理人和单位净值。单位净值保留两位小数。,基金股票数据库,SQL
458,截至本招股意向书出具之日，广东银禧科技股份有限公司有多少发明专利正在申请？,"该问题的分类应该是 ""该公司的招股说明书""。",Text
459,内蒙古君正能源化工股份有限公司的主营产品是什么？,"该问题的 answer 应该是 ""该公司的招股说明书""。",Text
460,汉嘉设计集团股份有限公司主要无形资产有哪几类？,该问题的描述不够清晰，无法确定应该在招股说明书中还是在基金股票数据库中查找答案。请提供更多的上下文信息以便更好地回答您的问题。,Text
461,我想知道融通增祥三个月定期开放债券基金在20210630的年报(含半年报)中，其可转债持仓占比最大的是哪个行业？用中信一级行业来统计。,回答：“基金股票数据库”,SQL
462,20200910港股下跌的股票家数有多少家?,基金股票数据库,SQL
463,"请查询：2020年12月年报(含半年报),持有20国际港务SCP012且是前10大重仓股的基金有几个？",回答：“基金股票数据库”,SQL
464,自2020年3月20日起，确成硅化学股份有限公司 _产品出口退税率为多少？,这个问题的答案应该在基金的股票数据库中。,Text
465,"我想了解一下长城基金管理有限公司2020年成立的债券型基金,其管理费率的平均值是多少?请四舍五入保留小数点两位。",回答：“基金股票数据库”,SQL
466,湖南南岭民用爆破器材股份有限公司取得的有效期是什么？,该问题的描述不清，无法确定答案所属的类别。,Text
467,海南双成药业股份有限公司使用的“甘美多兰”商标的所有权归哪家公司？商标的授权期限是多久？,"该问题的分类应该是 ""该公司的招股说明书""。",Text
468,"请帮我查询下，在20190617，申万行业分类里一级行业为建筑材料行业的所有股票里, 成交金额(元)最多的股票的代码是什么？成交金额是多少？",回答：“基金股票数据库”,SQL
469,请查询：在2021的年度报告中，个人投资者持有基金份额大于机构投资者持有基金份额的基金属于其他型类型的有几个。,"问题：“请查询：在2021的年度报告中，个人投资者持有基金份额大于机构投资者持有基金份额的基金属于其他型类型的有几个。”
回答：“基金股票数据库”",SQL
470,我想知道在20210630的季报里，嘉实中证央企创新驱动ETF联接C投资的股票分别是哪些申万一级行业？,回答：“基金股票数据库”,SQL
471,我想知道长信双利优选混合A基金，在2021年年度报告中，前10大重仓股中，有多少只股票在报告期内取得正收益。,回答：“基金股票数据库”,SQL
472,西安启源机电装备股份有限公司控股股东是谁？直接持有多少的股份？,"该问题的 answer 应该是 ""该公司的招股说明书""。",Text
473,请查询：在20190121，属于申万二级水泥制造行业的A股股票，它们的平均成交金额是多少？小数点后保留不超过5位。,"这个问题应该归为""基金股票数据库""类别。",SQL
474,请帮我查询在截止2020-12-31的报告期间，基金总份额降低的基金数量是多少？,问题：“基金股票数据库”,SQL
475,帮我查询在2020年12月31日，代码为010058的基金前20大重仓股票中属于中信二级饮料行业的平均市值是多少？小数点后保留不超过3位。,基金股票数据库,SQL
476,截至2010年9月30日，深圳市铁汉生态环境股份有限公司在册员工共多少人？,"该问题的答案可能包含在基金的招募说明书或股票的公司公告中。因此，答案应该属于""基金股票数据库""或""该公司的招股说明书""类别。",Text
477,请查询：在2019的年度报告中，个人投资者持有基金份额大于机构投资者持有基金份额的基金属于混合型类型的有几个。,"问题：“请查询：在2019的年度报告中，个人投资者持有基金份额大于机构投资者持有基金份额的基金属于混合型类型的有几个。”
回答：“该公司的招股说明书”",Text
478,在2019年的年度报告里，中泰证券(上海)资产管理有限公司管理的基金中，有多少比例的基金是个人投资者持有的份额超过机构投资者？希望得到一个精确到两位小数的百分比。,这个问题应该属于基金股票数据库。,SQL
479,请问在休闲服务行业，20211031行业的A股公司有多少?,该问题需要在基金股票数据库中查找答案。,SQL
480,请查询：在20200518，属于申万二级景点行业的A股股票，它们的平均成交金额是多少？小数点后保留不超过5位。,"问题：“请查询：在20200518，属于申万二级景点行业的A股股票，它们的平均成交金额是多少？小数点后保留不超过5位。”
回答：“基金股票数据库”",SQL
481,20191226日，请给出民生加银聚益纯债债券基金的管理人和累计单位净值。,回答：“基金股票数据库”,SQL
482,根据招股意见书，截至评估基准日1996年1月31日止，孙瑞良对宁波华瑞出资的资产市场价值为多少？,该问题的答案应该在基金的招股说明书中。,Text
483,请帮我查询在截止2021-03-31的报告期间，基金总份额降低的基金数量是多少？,问题：“基金股票数据库”,SQL
484,珠海健帆生物科技股份有限公司的首席科学家是谁？,"该问题的 answer 应该是 ""该公司的招股说明书""。",Text
485,请查询在20201123日期，申万行业分类下食品饮料一级行业中，当日收盘价波动最大（即最高价与最低价之差最大）的股票代码是什么？,该问题需要查询基金股票数据库中的信息。,SQL
486,大连派思燃气系统股份有限公司在2014年度的纳税信用等级是多少？,"该问题的 answer 应该是 ""该公司的招股说明书""。根据提供的信息，大连派思燃气系统股份有限公司在2014年度的公司纳税情况应该可以在招股说明书中找到。",Text
487,请问在有色金属行业，20191121行业的A股公司有多少?,这个问题的答案应该在基金股票数据库中可以找到。,SQL
488,20200302日，开盘价较上一交易日最高价高的股票有多少只？（如上一交易日没有某只股票，则不统计在内）,这个问题的答案应该在基金股票数据库中。,SQL
489,西安启源机电装备股份有限公司主要产品有哪些？,该问题的描述不够清晰，无法确定应该在招股说明书中还是在基金股票数据库中查找答案。请提供更多的上下文信息以便更好地回答您的问题。,Text
490,20210531日，请给出易方达恒利3个月定期开放债券基金的管理人和累计单位净值。,回答：“基金股票数据库”,SQL
491,北京天宜上佳高新材料股份有限公司产品生产所需的主要原料是什么？,"该问题的 answer 应该是 ""该公司的招股说明书""。",Text
492,长江安盈中短债六个月定期开放债券基金在20201231的季报里，前三大持仓占比的债券名称是什么?,回答：“基金股票数据库”,SQL
493,请帮我查询出20210825日，有色金属一级行业涨幅超过5%（不包含）的股票数量。,回答：“基金股票数据库”,SQL
494,昇兴集团股份有限公司本次发行的保荐人是？,"该问题的 answer 应该是 ""该公司的招股说明书""。",Text
495,请查询在20211018日期，中信行业分类下交通运输一级行业中，当日收盘价波动最大（即最高价与最低价之差最大）的股票代码是什么？,该问题需要查询基金股票数据库中的信息。,SQL
496,帮我查一下在2020年，代码为300476的A股股票今开盘高于昨收盘的天数？,回答：“基金股票数据库”,SQL
497,华富恒欣纯债债券A基金在20210331的季报里，前三大持仓占比的债券名称是什么?,回答：“基金股票数据库”,SQL
498,请查询：在2019的年度报告中，个人投资者持有基金份额大于机构投资者持有基金份额的基金属于货币型类型的有几个。,"问题：“请查询：在2019的年度报告中，个人投资者持有基金份额大于机构投资者持有基金份额的基金属于货币型类型的有几个。”
回答：“基金股票数据库”",SQL
499,嘉实中债1-3年政策性金融债指数C基金在20211231的季报里，前三大持仓占比的债券名称是什么?,回答：“基金股票数据库”,SQL
500,根据大连派思燃气系统股份有限公司招股意向书，目前，世界已探明的天然气储量主要集中在什么地区？天然气消费以哪些地区为主？,该问题的描述中没有给出任何关于答案来源的线索，因此无法确定答案是在该公司的招股说明书中还是在基金股票数据库里。,Text
501,截至2009年底，中海达、南方测绘合计占有国产品牌销售额的多大比例？,回答：“该公司的招股说明书”,Text
502,联化科技股份有限公司在2007年第一次临时股东大会上审议并通过了哪些募集资金项目？,该问题的描述中并没有明确指出是在招股说明书中还是在基金股票数据库中寻找答案，因此我无法回答这个问题。,Text
503,帮我查一下广发瑞安精选股票A基金在20211222的资产净值和单位净值是多少?,回答：“基金股票数据库”,SQL
504,我想知道工银瑞信双盈债券C基金在20210930的季报中，其可转债持仓占比最大的是哪个行业？用申万一级行业来统计。,回答：“基金股票数据库”,SQL
505,"请帮我查询下，在20190419，申万行业分类里一级行业为轻工制造行业的所有股票里, 成交金额(元)最多的股票的代码是什么？成交金额是多少？",回答：“基金股票数据库”,SQL
506,景顺长城中短债债券C基金在20210331的季报里，前三大持仓占比的债券名称是什么?,回答：“基金股票数据库”,SQL
507,我想知道股票600373在申万行业分类下的二级行业是什么？用最新的数据。,回答：“基金股票数据库”,SQL
508,"请帮我查询下在2020年, 前海开源基金管理有限公司管理的债券型基金中，持有过非公开发行公司债的基金有多少只？",这个问题应该属于基金股票数据库。,SQL
509,广州中海达卫星导航技术股份有限公司整体变更前后，股本增加了多少？,回答：“该公司的招股说明书”,Text
510,"请查询：2021年12月年报(含半年报),持有20汇金小微债01且是前10大重仓股的基金有几个？",回答：“基金股票数据库”,SQL
511,2021年年度报告里，光大保德信基金管理有限公司管理的基金中，机构投资者持有份额比个人投资者多的基金有多少只?,问题：“该公司的招股说明书”,Text
512,在2021年12月年报(含半年报)中，朱雀企业优选股票A基金持有市值最多的前10只股票中，所在证券市场是深圳证券交易所的有几个？,回答：“基金股票数据库”,SQL
513,2007年、2008年、2009年，南京中电联环保股份有限公司存货周转率分别为多少次？,该问题的描述中没有给出任何关于该基金或股票的信息，因此无法确定它是在该公司的招股说明书中还是在基金股票数据库里。,Text
514,请帮我查询出20210120日，综合一级行业涨幅超过5%（不包含）的股票数量。,该问题需要查询股票行情数据，因此应该回答“基金股票数据库”。,SQL
515,根据招股意见书，公司何时整体变更为华瑞电器股份有限公司？,回答：“该公司的招股说明书”,Text
516,根据浙江开尔新材料股份有限公司招股意向书，截至2010年末，合肥翰林总资产为多少？,回答：“该公司的招股说明书”,Text
517,持有烟台杰瑞石油服务集团股份有限公司5%以上股份的股东有是谁？本次公开发行前，他们持有的股份分别占公司总股本的多少比例？,"该问题的分类应该是 ""该公司的招股说明书""。因为这类关于公司基本信息的问题通常可以在招股说明书中找到。",Text
518,在2020年1月30日，使用中信行业分类标准，股票代码600185是属于哪个一级行业的?,回答：“基金股票数据库”,SQL
519,截至2018年末 ，按照国内高速铁路控制系统集成项目累计中标里程统计，中国铁路通信信号股份有限公司的中标里程覆盖率为多少？,该问题应该属于“该公司的招股说明书”类别。,Text
520,截至2009年12月31日，杭州中恒电气股份有限公司的净资产是多少？,"该问题的 answer 应该是 ""该公司的招股说明书""。",Text
521,请查询在20200731日期，申万行业分类下家用电器一级行业中，当日收盘价波动最大（即最高价与最低价之差最大）的股票代码是什么？,回答：“基金股票数据库”,SQL
522,在2020年的年度报告里，浙江浙商证券资产管理有限公司管理的基金中，有多少比例的基金是个人投资者持有的份额超过机构投资者？希望得到一个精确到两位小数的百分比。,这个问题应该属于基金股票数据库。,SQL
523,20191121日，成交金额最大的前三家上市公司的股票代码是什么？按成交金额从大到小给出,这个问题应该属于基金股票数据库。,SQL
524,旷达汽车织物集团何时设立股份有限公司，注册资本是多少？,"该问题的 answer 应该是 ""该公司的招股说明书""。",Text
525,"我想了解国寿安保灵活优选混合基金,在2021年一季度的季报第6大重股。该持仓股票当个季度的涨跌幅?请四舍五入保留百分比到小数点两位。",回答：“基金股票数据库”,SQL
526,新疆浩源天然气股份有限公司实际控制人直系亲属控股的企业有哪些？,"该问题的 answer 应该是 ""该公司的招股说明书""。",Text
527,北京天宜上佳高新材料股份有限公司2017年度的营业收入和净利润分别为多少？,"该问题的 answer 应该是 ""该公司的招股说明书""。",Text
528,请问股票代码为300300的股票在2019年内日成交量低于该股票当年平均日成交量的有多少个交易日？,回答：“基金股票数据库”,SQL
529,20190212日，成交金额最大的前三家上市公司的股票代码是什么？按成交金额从大到小给出,这个问题应该属于基金股票数据库。,SQL
530,帮我查询在2020年12月31日，代码为007840的基金前20大重仓股票中属于中信二级半导体行业的平均市值是多少？小数点后保留不超过3位。,基金股票数据库,SQL
531,武汉兴图新科电子股份有限公司法定代表人是谁？,"该问题的 answer 应该是 ""该公司的招股说明书""。",Text
532,请帮我查询下股票代码为600595的股票在2019年内最高日收盘价是多少？,回答：“基金股票数据库”,SQL
533,在营销模式方面，云南沃森生物技术股份有限公司如何提高疫苗产品的品牌影响力？,该问题属于该公司的招股说明书。,Text
534,博时基金管理有限公司2020年成立了多少基金?,问题：“博时基金管理有限公司2020年成立了多少基金?”的答案应该在基金股票数据库中可以找到。,SQL
535,我想知道在2021年，格林基金管理有限公司已发行的基金中，有多少只基金报告期期初基金总份额小于报告期期末基金总份额(使用每只基金当年最晚的定期报告数据计算)？,这个问题应该属于基金股票数据库。,SQL
536,我想知道兴银研究精选股票A基金，在2021年年度报告中，前10大重仓股中，有多少只股票在报告期内取得正收益。,回答：“基金股票数据库”,SQL
537,20200326日，开盘价较上一交易日最高价高的股票有多少只？（如上一交易日没有某只股票，则不统计在内）,这个问题的答案应该在基金股票数据库中。,SQL
538,我想知道在20210630的季报里，招商MSCI中国A股国际通ETF联接C投资的股票分别是哪些申万一级行业？,回答：“基金股票数据库”,SQL
539,请帮我计算，在20200617，中信行业分类划分的一级行业为商贸零售行业中，涨跌幅最大股票的股票代码是？涨跌幅是多少？百分数保留两位小数。股票涨跌幅定义为：（收盘价 - 前一日收盘价 / 前一日收盘价）* 100%。,这个问题需要在基金股票数据库中查找答案。,SQL
540,"请帮我查询在2020年,万家基金管理有限公司成立哪种类型的基金个数最多?",问题：“基金股票数据库”,SQL
541,烟台杰瑞石油服务集团股份有限公司面临的市场风险有哪些？,该问题属于招股说明书中可能包含的信息。,Text
542,我想知道股票300321在申万行业分类下的二级行业是什么？用最新的数据。,回答：“基金股票数据库”,SQL
543,武汉兴图新科电子股份有限公司注册资本是多少？,"该问题的 answer 应该是 ""该公司的招股说明书""。",Text
544,华瑞电器股份有限公司成立以来的是否存在重大资产重组？如果存在，该重组是什么？,该问题属于招股说明书中提到的信息。,Text
545,5、确成硅化学股份有限公司的子公司确成国际主营业务是什么？,该问题的类别为“该公司的招股说明书”。,Text
546,我想知道红土创新稳进混合C基金在20201231的年报(含半年报)中，其可转债持仓占比最大的是哪个行业？用中信一级行业来统计。,回答：“基金股票数据库”,SQL
547,请查询：在2019的年度报告中，个人投资者持有基金份额大于机构投资者持有基金份额的基金属于股票型类型的有几个。,"问题：“请查询：在2019的年度报告中，个人投资者持有基金份额大于机构投资者持有基金份额的基金属于股票型类型的有几个。”
回答：“该公司的招股说明书”",Text
548,鑫元悦利定期开放债券基金在20191231的季报里，前三大持仓占比的债券名称是什么?,回答：“基金股票数据库”,SQL
549,帮我查一下华商计算机行业量化股票A基金在20211213的资产净值和单位净值是多少?,基金股票数据库,SQL
550,内蒙古君正能源化工股份有限公司控股股东、实际控制人控制的其他企业有哪些？,"该问题的 answer 应该是 ""该公司的招股说明书""。",Text
551,"请帮我查询下在2019年, 国联基金管理有限公司管理的债券型基金中，持有过国债现货的基金有多少只？",问题：“基金股票数据库”,SQL
552,帮我查一下在2020年，代码为603056的A股股票今开盘高于昨收盘的天数？,回答：“基金股票数据库”,SQL
553,中国铁路通信信号股份有限公司本次发行初始战略配售发行数量为多少股？占发行数量的多大比例？,该问题的答案可以在该公司的招股说明书中找到。,Text
554,华达汽车科技股份有限公司近年开发的代表性新产品及新技术有哪些？,该问题的描述类别最适合出现在该公司的招股说明书中。,Text
555,"我想了解汇安信利债券A基金,在2020年二季度的季报第3大重股。该持仓股票当个季度的涨跌幅?请四舍五入保留百分比到小数点两位。",回答：“基金股票数据库”,SQL
556,海南双成药业股份有限公司的前身是什么？成立于何时？,"该问题的 answer 应该是 ""该公司的招股说明书""。",Text
557,帮我查一下兴业优势产业混合A基金在20211013的资产净值和单位净值是多少?,回答：“基金股票数据库”,SQL
558,根据江苏爱康太阳能科技股份有限公司招股意向书，从太阳能电池企业布局供给结构来看，大部分企业最主要分布在什么地区？,该问题的描述中没有给出任何关于答案来源的线索，因此无法确定答案是在该公司的招股说明书中还是在基金股票数据库里。,Text
559,东莞勤上光电股份有限公司目前主要竞争对手有哪些？,"该问题的 answer 应该是 ""该公司的招股说明书""。",Text
560,广州中海达卫星导航技术股份有限公司两家全资子公司是？,"该问题的 answer 应该是 ""该公司的招股说明书""。",Text
561,"假设股票日收益率计算公式为：日收益率 = （当日收盘价-昨收盘价）/昨收盘价。请帮我找到在2019年，申万行业分类行业划分标准,非银金融一级行业中, 代码为多少的股票的日均收益率最高？",问题：“基金股票数据库”,SQL
562,在2019年12月季报中，持有坚朗五金这一股票且市值占基金资产净值比不小于5%的有几只基金？,回答：“基金股票数据库”,SQL
563,嘉实基金管理有限公司管理的货币型产品的数量有多少?,问题：“基金股票数据库”,SQL
564,请查询在2021年度，600423股票涨停天数？   解释：（收盘价/昨日收盘价-1）》=9.8% 视作涨停,这个问题应该属于基金股票数据库。,SQL
565,报告期内，广东银禧科技股份有限公司国外销售收入占当期主营业务收入的比重分别是多少？,该问题的答案可能包含在基金的股票数据库中。,Text
566,海南双成药业股份有限公司制定了哪些环保和安全管理规程？,该问题的描述不够清晰，无法确定它是在该公司的招股说明书中还是在基金股票数据库里。请提供更多的信息或者更清晰的问题描述以便我能更好地回答您的问题。,Text
567,在环保资质方面，森赫电梯股份有限公司取得了哪些排污许可证，有效期是什么时候？,"该问题的 answer 应该是 ""该公司的招股说明书""。",Text
568,20201231日，机械设备一级行业有多少只A股股票？,问题：“该公司的招股说明书”,Text
569,请帮我查询在截止2020-06-30的报告期间，基金总份额降低的基金数量是多少？,问题：“基金股票数据库”,SQL
570,我想知道在20201231的季报里，长盛竞争优势股票C投资的股票分别是哪些申万一级行业？,回答：“基金股票数据库”,SQL
571,常熟风范电力设备股份有限公司采取了哪些措施来降低实际控制人风险？,该问题的描述中没有给出任何关于其在招股说明书中或基金股票数据库中的线索，因此我无法将其分类为在这两个地方中的任何一个。,Text
572,2019年二季度，有多少家基金发生了净赎回?总共赎回了多少份额?记得给我四舍五入到小数点后两位哦。,问题：“请帮忙查询下股票代码为XXXXXX的股票在2019年内最高日收盘价是多少?”,SQL
573,请帮我计算，代码为300346的股票，2020年一年持有的年化收益率有多少？百分数请保留两位小数。年化收益率定义为：（（有记录的一年的最终收盘价-有记录的一年的年初当天开盘价）/有记录的一年的当天开盘价）* 100%。,"问题：“请帮我计算，代码为300346的股票，2020年一年持有的年化收益率有多少？百分数请保留两位小数。年化收益率定义为：（（有记录的一年的最终收盘价-有记录的一年的年初当天开盘价）/有记录的一年的当天开盘价）* 100%。？”
回答：“基金股票数据库”",SQL
574,我想知道中信保诚安鑫回报债券A基金在20211231的年报(含半年报)中，其可转债持仓占比最大的是哪个行业？用中信一级行业来统计。,回答：“基金股票数据库”,SQL
575,20200225日，一级行业为房地产的股票的成交金额合计是多少？取整。,回答：“基金股票数据库”,SQL
576,在2021年的中期报告里，方正富邦基金管理有限公司管理的基金中，有多少比例的基金是个人投资者持有的份额超过机构投资者？希望得到一个精确到两位小数的百分比。,"问题：“在2021年的中期报告里，方正富邦基金管理有限公司管理的基金中，有多少比例的基金是个人投资者持有的份额超过机构投资者？希望得到一个精确到两位小数的百分比。”
回答：“基金股票数据库”",SQL
577,报告期内，山东海看网络科技有限公司移动媒体平台服务业务收入呈现怎样的趋势？各期为多少？,该问题应该属于招股说明书中提供的信息。,Text
578,我想知道嘉实动力先锋混合A在2021年Q3的季报中，该基金的第4大重仓股的代码是什么?,回答：“基金股票数据库”,SQL
579,进入常熟风范电力设备股份有限公司所属行业的主要障碍有哪些？,该问题的描述类别最适合出现在该公司的招股说明书中。,Text
580,请帮我查询在截止2021-09-30的报告期间，基金总份额降低的基金数量是多少？,问题：“基金股票数据库”,SQL
581,股票600386在20210924日期中的收盘价是多少?（小数点保留3位）,回答：“基金股票数据库”,SQL
582,深圳信立泰药业股份有限公司药品的生产工艺涉会产生哪些污染物？,该问题的分类应该是“该公司的招股说明书”。,Text
583,20210519日，请给出融通通慧混合A/B基金的管理人和单位净值。单位净值保留两位小数。,回答：“基金股票数据库”,SQL
584,20200427港股下跌的股票家数有多少家?,基金股票数据库,SQL
585,"帮我算一下在20210715,代码为01071的港股日价格振幅是多少，小数点后保留不超过3位。",回答：“基金股票数据库”,SQL
586,2015年末珠海健帆生物科技股份有限公司的货币资金相比2014年末增加了多少？这个增加主要是由于什么原因？,"该问题的 answer 应该是 ""该公司的招股说明书""。根据提供的信息，该问题似乎并不在基金股票数据库中，而是在该公司的招股说明书中可能包含答案。",Text
587,"假设股票日收益率计算公式为：日收益率 = （当日收盘价-昨收盘价）/昨收盘价。请帮我找到在2020年，申万行业分类行业划分标准,建筑材料一级行业中, 代码为多少的股票的日均收益率最高？",问题：“基金股票数据库”,SQL
588,股票002501在20210802日期中的收盘价是多少?（小数点保留3位）,问题：“股票002501在20210802日期中的收盘价是多少?（小数点保留3位）”属于基金股票数据库。,SQL
589,请列出华宝基金管理有限公司在2020年成立并且托管人为中国民生银行股份有限公司的所有基金的基金托管费率的平均数。,答案：基金股票数据库,SQL
590,请帮我计算，代码为600552的股票，2020年一年持有的年化收益率有多少？百分数请保留两位小数。年化收益率定义为：（（有记录的一年的最终收盘价-有记录的一年的年初当天开盘价）/有记录的一年的当天开盘价）* 100%。,"问题：“请帮我计算，代码为600552的股票，2020年一年持有的年化收益率有多少？百分数请保留两位小数。年化收益率定义为：（（有记录的一年的最终收盘价-有记录的一年的年初当天开盘价）/有记录的一年的当天开盘价）* 100%。？”
回答：“基金股票数据库”",SQL
591,20200819日，开盘价较上一交易日最高价高的股票有多少只？（如上一交易日没有某只股票，则不统计在内）,这个问题的答案应该在基金股票数据库中。,SQL
592,报告期内，深圳市超频三科技股份有限公司直接材料成本占营业成本比例分别为多少？,"该问题的 answer 应该是 ""该公司的招股说明书""。",Text
593,"假设股票日收益率计算公式为：日收益率 = （当日收盘价-昨收盘价）/昨收盘价。请帮我找到在2020年，申万行业分类行业划分标准,房地产一级行业中, 代码为多少的股票的日均收益率最高？",问题：“基金股票数据库”,SQL
594,请帮我计算，代码为600884的股票，2020年一年持有的年化收益率有多少？百分数请保留两位小数。年化收益率定义为：（（有记录的一年的最终收盘价-有记录的一年的年初当天开盘价）/有记录的一年的当天开盘价）* 100%。,"问题：“请帮我计算，代码为600884的股票，2020年一年持有的年化收益率有多少？百分数请保留两位小数。年化收益率定义为：（（有记录的一年的最终收盘价-有记录的一年的年初当天开盘价）/有记录的一年的当天开盘价）* 100%。？”
回答：“基金股票数据库”",SQL
595,湖南南岭民用爆破器材股份有限公司监事有谁？,"该问题的 answer 应该是 ""该公司的招股说明书""。",Text
596,深圳市铁汉生态环境股份有限公司公司的人才队伍有副研究员、高级工程师各几人？,该问题的描述中没有给出任何关于其在招股说明书中或基金股票数据库中的线索，因此我无法确定该问题的答案类别。,Text
597,请帮我查询在截止2020-03-31的报告期间，基金总份额降低的基金数量是多少？,问题：“基金股票数据库”,SQL
598,我想知道长信国防军工量化灵活配置混合C在2021年Q1的季报中，该基金的第5大重仓股的代码是什么?,回答：“基金股票数据库”,SQL
599,20211126日，一级行业为休闲服务的股票的成交金额合计是多少？取整。,该问题需要查询基金股票数据库中的数据。,SQL
600,根据海南双成药业股份有限公司招股意向书，医药行业的主要销售渠道是怎样的？,该问题的描述中没有给出任何关于答案来源的线索，因此无法确定答案是在该公司的招股说明书中还是在基金股票数据库里。,Text
601,江苏爱康太阳能科技股份有限公司实际控制人是谁？,"该问题的 answer 应该是 ""该公司的招股说明书""。根据江苏爱康太阳能科技股份有限公司的招股书，可以找到关于公司实际控制人的信息。",Text
602,帮我查一下在2020年，代码为002993的A股股票今开盘高于昨收盘的天数？,回答：“基金股票数据库”,SQL
603,我想知道在2020年，中航基金管理有限公司已发行的基金中，有多少只基金报告期期初基金总份额小于报告期期末基金总份额(使用每只基金当年最晚的定期报告数据计算)？,这个问题应该属于基金股票数据库。,SQL
604,我想知道华商电子行业量化股票基金，在2019年年度报告中，前10大重仓股中，有多少只股票在报告期内取得正收益。,回答：“基金股票数据库”,SQL
605,请问股票代码为603359的股票在2020年内日成交量低于该股票当年平均日成交量的有多少个交易日？,回答：“基金股票数据库”,SQL
606,请帮我计算，在20190213，中信行业分类划分的一级行业为有色金属行业中，涨跌幅最大股票的股票代码是？涨跌幅是多少？百分数保留两位小数。股票涨跌幅定义为：（收盘价 - 前一日收盘价 / 前一日收盘价）* 100%。,这个问题需要在基金股票数据库中查找答案。,SQL
607,请查询：在2019的年度报告中，个人投资者持有基金份额大于机构投资者持有基金份额的基金属于其他型类型的有几个。,"问题：“请查询：在2019的年度报告中，个人投资者持有基金份额大于机构投资者持有基金份额的基金属于其他型类型的有几个。”
回答：“该公司的招股说明书”",Text
608,我想知道国泰致远优势混合基金，在2020年年度报告中，前10大重仓股中，有多少只股票在报告期内取得正收益。,回答：“基金股票数据库”,SQL
609,国科微电子计划在哪里建立一个研发产业基地？,"该问题的 answer 应该是 ""该公司的招股说明书""。",Text
610,2016年-2018年，北京天宜上佳高新材料股份有限公司参与并中标的铁总联采数量分别为多少？,该问题属于招股说明书中提到的信息。,Text
611,在与索特传动的产品争议中，浙江双飞无油轴承股份有限公司承担多少的维修发生额？,该问题的描述中并没有提到任何具体的公司名称或产品争议的详细信息，因此无法确定答案是在该公司的招股说明书中还是在基金股票数据库里。,Text
612,"在20210630的年报(含半年报)中，金信民达纯债债券A基金的债券持仓,其持有最大仓位的债券类型是什么?",回答：“基金股票数据库”,SQL
613,2021年年度报告里，中海基金管理有限公司管理的基金中，机构投资者持有份额比个人投资者多的基金有多少只?,问题：“该公司的招股说明书”,Text
614,"请帮我查询在2019年,睿远基金管理有限公司成立哪种类型的基金个数最多?",问题：“基金股票数据库”,SQL
615,2009年、2008年、2007年兰州海默科技股份有限公司的综合毛利率分别是多少？,该问题的答案应该在该公司 的招股说明书中。,Text
616,我想知道股票300138在申万行业分类下的二级行业是什么？用最新的数据。,回答：“基金股票数据库”,SQL
617,青海互助青稞酒股份有限公司2010年经备案的青稞收购量及实际采购量是多少？,该问题的描述中没有给出任何关于其在招股说明书中或基金股票数据库中的线索，因此我无法将其分类为上述两类之一。,Text
618,"假设股票日收益率计算公式为：日收益率 = （当日收盘价-昨收盘价）/昨收盘价。请帮我找到在2019年，申万行业分类行业划分标准,通信一级行业中, 代码为多少的股票的日均收益率最高？",回答：“基金股票数据库”,SQL
619,请帮我查询在截止2019-03-31的报告期间，基金总份额降低的基金数量是多少？,问题：“基金股票数据库”,SQL
620,帮我查一下在2021年，代码为600546的A股股票今开盘高于昨收盘的天数？,回答：“基金股票数据库”,SQL
621,我想知道国泰CES半导体芯片行业ETF联接A基金，在2020年半年度报告中，前10大重仓股中，有多少只股票在报告期内取得正收益。,回答：“基金股票数据库”,SQL
622,我想知道天风(上海)证券资产管理有限公司在2020年成立了多少只管理费率小于0.8%的基金？,回答：“基金股票数据库”,SQL
623,20200415港股下跌的股票家数有多少家?,问题：“基金股票数据库”,SQL
624,青海互助青稞酒股份有限公司2010年度营业收入与净利润是多少？,"该问题的 answer 应该是 ""该公司的招股说明书""。根据青海互助青稞酒股份有限公司的招股说明书中所披露的信息，可以找到该公司2010年度的营业收入与净利润。",Text
625,"在20201231的年报(含半年报)中，嘉合磐泰短债债券C基金的债券持仓,其持有最大仓位的债券类型是什么?",回答：“基金股票数据库”,SQL
626,请问在农林牧渔行业，20191104行业的A股公司有多少?,这个问题的答案应该在基金股票数据库中。,SQL
627,宁波立立电子股份有限公司主要产品是什么？,"该问题的 answer 应该是 ""该公司的招股说明书""。",Text
628,我想知道股票300584在申万行业分类下的二级行业是什么？用最新的数据。,回答：“基金股票数据库”,SQL
629,根据深圳信立泰药业股份有限公司招股意向书，进入医药行业的壁垒较高，有哪几个方面？,该问题的描述类别最适合出现在招股说明书中。,Text
630,截至2007年12月31日，宁波立立电子股份有限公司存货账面价值为多少？占总资产的多大比例？,"该问题的 answer 应该是 ""该公司的招股说明书""。因为这类关于公司财务信息的问题通常可以在招股说明书中找到。",Text
631,请查询在20200923日期，中信行业分类下家电一级行业中，当日收盘价波动最大（即最高价与最低价之差最大）的股票代码是什么？,回答：“基金股票数据库”,SQL
632,"假定股票'日波动值'计算公式为：'日波动值' = 日最高价-日最低价。请帮我查询下在2021年，中信行业分类行业划分标准,电力设备及新能源一级行业中，股票日均波动值最小的股票对应的股票代码是？",这个问题应该属于“基金股票数据库”类别。,SQL
633,兰州海默科技股份有限公司的主要产品有哪些？,"该问题的 answer 应该是 ""该公司的招股说明书""。",Text
634,嘉实基金管理有限公司管理的股票型产品的数量有多少?,问题：“基金股票数据库”,SQL
635,我想知道2019年的年度报告中，机构投资者持有的份额占比超过66%的基金有多少，并且他们总共持有了多少?记得帮我保留两位小数。,回答：“基金股票数据库”,SQL
636,请问在有色金属行业，20191119行业的A股公司有多少?,这个问题的答案应该在基金股票数据库中。,SQL
637,请帮我查询在截止2019-09-30的基金定期报告中，基金总赎回份额为零的基金有几个？,回答：“基金股票数据库”,SQL
638,请问2020年四季度有多少家基金是净申购?它们的净申购份额加起来是多少?请四舍五入保留小数点两位。,"问题：“请帮忙查询下股票代码为XXXXXX的股票在2020年四季度的净申购情况，包括净申购数量和净申购金额，并将结果四舍五入保留两位小数。”
回答：“基金股票数据库”",SQL
639,湖南长远锂科股份有限公司报告期内何时发生了重大资产重组？该重大资产重组是什么？,该问题属于招股说明书中提到的信息。,Text
640,我想知道德邦基金管理有限公司在2019年成立了多少只管理费率小于0.8%的基金？,问题：“基金股票数据库”,SQL
641,在销售端，上海真兰仪表科技股份有限公司与中国燃气合作设立的公司是什么？该公司的主要客户是什么？,该问题的答案可能包含在基金的股票数据库中。,Text
642,我想知道兴全优选进取三个月持有期混合(FOF)A基金在20210630的季报中，其可转债持仓占比最大的是哪个行业？用申万一级行业来统计。,回答：“基金股票数据库”,SQL
643,根据募集资金项目的可行性研究报告，项目全部达产后，杭州中恒电气股份有限公司可增加多少销售收入？新增利润总额为多少？,该问题的答案可能包含在杭州中恒电气股份有限公司的招股说明书中。因此，答案是“该公司的招股说明书”。,Text
644,请帮我查询在截止2021-12-31的基金定期报告中，基金总赎回份额为零的基金有几个？,回答：“基金股票数据库”,SQL
645,20200820日，开盘价较上一交易日最高价高的股票有多少只？（如上一交易日没有某只股票，则不统计在内）,这个问题的答案应该在基金股票数据库中。,SQL
646,本次发行前，汉嘉设计集团股份有限公司实际控制人是谁？,"该问题的 answer 应该是 ""该公司的招股说明书""。",Text
647,请列出博时基金管理有限公司在2019年成立并且托管人为中国工商银行股份有限公司的所有基金的基金托管费率的平均数。,回答：“基金股票数据库”,SQL
648,请问在家用电器行业，20201007行业的A股公司有多少?,该问题需要在基金股票数据库中查找答案。,SQL
649,报告期内，深圳市超频三科技股份有限公司筹资活动产生的现金流量净额分别为多少？,"该问题的 answer 应该是 ""该公司的招股说明书""。根据提供的信息，只有在该公司的招股说明书中才能找到关于该公司报告期内筹资活动产生的现金流量净额的信息。",Text
650,我想知道易方达全球医药行业混合(QDII)基金，在2020年年度报告中，前10大重仓股中，有多少只股票在报告期内取得正收益。,回答：“基金股票数据库”,SQL
651,报告期各期末，山东海看网络科技有限公司及其控股子公司在册员工总数为多少人？,"该问题的答案可能包含在基金的招募说明书或股票的公司公告中。因此，答案应该在""基金股票数据库""或""该公司的招股说明书""中。",Text
652,"请帮我查询下，在20190114，申万行业分类里一级行业为非银金融行业的所有股票里, 成交金额(元)最多的股票的代码是什么？成交金额是多少？",回答：“基金股票数据库”,SQL
653,2017年末，汉嘉设计集团股份有限公司的应收账款净额是多少？,"该问题的 answer 应该是 ""该公司的招股说明书""。根据给出的例子，问题如果涉及到公司在招股说明书中披露的信息，则回答为 ""该公司的招股说明书""。而问题中所提到的数据似乎并不在招股说明书中，因此该问题应该被归为另一类别。",Text
654,20211206日，一级行业为公用事业的股票的成交量合计是多少？取整。,该问题需要查询基金股票数据库中的数据。,SQL
655,湖南南岭民用爆破器材股份有限公司技术中心下设哪些部门？,该问题的描述中没有提到任何关于基金或者股票的信息，因此答案应该不在基金的股票数据库中，而是在该公司的招股说明书中。,Text
656,根据《国民经济行业分类》，汉嘉设计集团股份有限公司主营业务所属行业是什么？分类代码是什么？,该问题的答案应该在招股说明书中。,Text
657,在2021年12月季报中，持有健之佳这一股票且市值占基金资产净值比不小于5%的有几只基金？,回答：“基金股票数据库”,SQL
658,请帮我查询下，在2019年12月的报告中，报告期基金总申购份额和报告期基金总赎回份额差额最大的一只基金的简称是什么？差额有多少？保留两位小数。,基金股票数据库,SQL
659,2019年中期报告里，国融基金管理有限公司管理的基金中，机构投资者持有份额比个人投资者多的基金有多少只?,问题：“该公司的招股说明书”,Text
660,华瑞股份第二次股权转让在哪一年发生？,"该问题的 answer 应该是 ""该公司的招股说明书""。",Text
661,我想知道兴银基金管理有限责任公司在2020年成立了多少只管理费率小于0.8%的基金？,回答：“基金股票数据库”,SQL
662,联化科技股份有限公司设立以来的业务发展过程可以分为哪几个阶段？,该问题的描述类别最适合出现在该公司的招股说明书中。,Text
663,请帮我计算，在20200911，中信行业分类划分的一级行业为纺织服装行业中，涨跌幅最大股票的股票代码是？涨跌幅是多少？百分数保留两位小数。股票涨跌幅定义为：（收盘价 - 前一日收盘价 / 前一日收盘价）* 100%。,这个问题需要在基金股票数据库中查找答案。,SQL
664,2015年末珠海健帆生物科技股份有限公司资产总额比2014年末增加了多少？,"该问题的 answer 应该是 ""该公司的招股说明书""。根据提供的例子，问题如果涉及到招股说明书中提到的具体数据或信息，则回答为""该公司的招股说明书""。",Text
665,请问2020年三季度有多少家基金是净申购?它们的净申购份额加起来是多少?请四舍五入保留小数点两位。,"问题：“请帮忙查询下股票代码为XXXXXX的股票在2020年三季度的净申购情况，包括净申购的家数和净申购份额，并将结果四舍五入保留两位小数。”
回答：“基金股票数据库”",SQL
666,华达汽车科技股份有限公司的主要无形资产是什么？,"该问题的 answer 应该是 ""该公司的招股说明书""。",Text
667,最近三年及一期，江苏旷达汽车织物集团股份有限公司汽车内饰面料产品的毛利率分别为多少？呈现怎样的趋势？,"该问题的 answer 应该是 ""该公司的招股说明书""。因为江苏旷达汽车织物集团股份有限公司的汽车内饰面料产品的具体信息在其招股说明书中会有详细的描述。",Text
668,根据江苏爱康太阳能科技股份有限公司招股意向书，2009年我国光伏新增装机容量占全球市场需求份额的多少？,该问题的描述中没有给出任何关于答案来源的线索，因此无法确定答案是在该公司的招股说明书中还是在基金股票数据库里。,Text
669,"在20191231的年报(含半年报)中，广发景宁纯债债券A基金的债券持仓,其持有最大仓位的债券类型是什么?",回答：“基金股票数据库”,SQL
670,20210427港股下跌的股票家数有多少家?,问题：“基金股票数据库”,SQL
671,请帮我查询下，在2021年06月的报告中，报告期基金总申购份额和报告期基金总赎回份额差额最大的一只基金的简称是什么？差额有多少？保留两位小数。,回答：“基金股票数据库”,SQL
672,青海互助青稞酒股份有限公司材料采购物资主要有哪些？,该问题的描述不清，无法判断答案是在该公司的招股说明书中还是在基金股票数据库里。,Text
673,在2021年的年度报告里，交银施罗德基金管理有限公司管理的基金中，有多少比例的基金是个人投资者持有的份额超过机构投资者？希望得到一个精确到两位小数的百分比。,"问题：“在2021年的年度报告里，交银施罗德基金管理有限公司管理的基金中，有多少比例的基金是个人投资者持有的份额超过机构投资者？希望得到一个精确到两位小数的百分比。”
回答：“基金股票数据库”",SQL
674,请查询：在2020的年度报告中，个人投资者持有基金份额大于机构投资者持有基金份额的基金属于货币型类型的有几个。,"问题：“请查询：在2020的年度报告中，个人投资者持有基金份额大于机构投资者持有基金份额的基金属于货币型类型的有几个。”
回答：“基金股票数据库”",SQL
675,帮我查询在2020年12月31日，代码为008303的基金前20大重仓股票中属于中信二级其他医药医疗行业的平均市值是多少？小数点后保留不超过3位。,基金股票数据库,SQL
676,请帮我查询在截止2021-09-30的基金定期报告中，基金总赎回份额为零的基金有几个？,回答：“基金股票数据库”,SQL
677,帮我查一下在2021年，代码为002300的A股股票今开盘高于昨收盘的天数？,回答：“基金股票数据库”,SQL
678,截至本招股意向书签署日，山东海看网络科技有限公司IPTV智能运营平台能够支持多少终端用户同时在线观看？,该问题的描述中没有给出任何关于其在招股说明书中或基金股票数据库中的线索，因此我无法将其分类为上述两类之一。,Text
679,请列出博时基金管理有限公司在2019年成立并且托管人为平安银行股份有限公司的所有基金的基金托管费率的平均数。,回答：“基金股票数据库”,SQL
680,"请帮我查询下在2020年, 永赢基金管理有限公司管理的债券型基金中，持有过超短期融资券的基金有多少只？",回答：“基金股票数据库”,SQL
681,青海互助青稞酒股份有限公司本次发行股票的数量、每股面值分别是多少？,"该问题的 answer 应该是 ""该公司的招股说明书""。",Text
682,联化科技股份有限公司主要产品处于精细化工产业链的哪个阶段？,该问题的答案可能包含在联化科技股份有限公司的招股说明书中。,Text
683,帮我查询在2020年12月31日，代码为009926的基金前20大重仓股票中属于中信二级其他军工Ⅱ行业的平均市值是多少？小数点后保留不超过3位。,基金股票数据库,SQL
684,读者出版传媒股份有限公司所在行业具有怎样的波动性特征？销售高峰是什么时候？,该问题属于招股说明书中提到的信息。,Text
685,云南沃森生物技术股份有限公司的疫苗研发团队由多少人组成？,"该问题的 answer 应该是 ""该公司的招股说明书""。",Text
686,请列出格林基金管理有限公司在2020年成立并且托管人为中国农业银行股份有限公司的所有基金的基金托管费率的平均数。,答案：基金股票数据库,SQL
687,新疆浩源天然气股份有限公司所处行业的经营特点是怎样的？,该问题的答案可能出现在该公司的招股说明书中。,Text
688,"帮我算一下在20211108,代码为00159的港股日价格振幅是多少，小数点后保留不超过3位。",回答：“基金股票数据库”,SQL
689,2021年一季度，有多少家基金发生了净赎回?总共赎回了多少份额?记得给我四舍五入到小数点后两位哦。,"问题：“2021年一季度，有多少家基金发生了净赎回?总共赎回了多少份额?记得给我四舍五入到小数点后两位哦。”
回答：“基金股票数据库”",SQL
690,请帮我查询下股票代码为002560的股票在2020年内最高日收盘价是多少？,回答：“基金股票数据库”,SQL
691,在2008年至2010年间，内蒙古君正能源化工股份有限公司的盈利能力如何？,该问题的答案应该在基金的股票数据库中。,Text
692,杭州中恒电气股份有限公司本次募投项目涉及的新产品是什么？,"该问题的 answer 应该是 ""该公司的招股说明书""。",Text
693,2014年珠海健帆生物科技股份有限公司应收账款增加的主要原因是什么？,"该问题的 answer 应该是 ""该公司的招股说明书""。根据提供的信息，没有关于这个问题的答案。",Text
694,湖南国科微电子股份有限公司近三年四季度实现的净利润均高于全年净利润的原因有哪些？,该问题最好被描述为“该公司的招股说明书”，因为要回答这个问题需要查看湖南国科微电子股份有限公司的财务报告，而这些信息通常会在招股说明书中披露。,Text
695,请查询在2021年度，688656股票涨停天数？   解释：（收盘价/昨日收盘价-1）》=9.8% 视作涨停,这个问题应该属于基金股票数据库。,SQL
696,2016年大博医疗科技股份有限公司电费单价为什么下降？,"该问题的 answer 应该是 ""该公司的招股说明书""。",Text
697,截至本招股意向书出具之日，广东银禧科技股份有限公司共拥有多少发明专利？,"该问题的分类应该是 ""该公司的招股说明书""。",Text
698,"帮我算一下在20190828,代码为08613的港股日价格振幅是多少，小数点后保留不超过3位。",回答：“基金股票数据库”,SQL
699,确成硅化学股份有限公司所在地在何处？,"该问题的 answer 应该是 ""该公司的招股说明书""。",Text
700,烟台杰瑞石油服务集团股份有限公司的上下游行业是什么？,"该问题的 answer 应该是 ""该公司的招股说明书""。",Text
701,内蒙古君正能源化工股份有限公司及其子公司享受的税收优惠政策有哪些？,"该问题的 answer 应该是 ""该公司的招股说明书""。",Text
702,昇兴集团股份有限公司的英文名称是？,"该问题的 answer 应该是 ""该公司的招股说明书""。",Text
703,北京天宜上佳高新材料股份有限公司在报告期内主要从事什么业务？,该问题的描述不清，无法确定应该在招股说明书中还是在基金股票数据库中查找答案。请提供更多的信息或者更清晰的问题描述。,Text
704,大博医疗科技股份有限公司注册资本是多少？,"该问题的 answer 应该是 ""该公司的招股说明书""。",Text
705,湖南长远锂科股份有限公司董事会成员是谁？,"该问题的 answer 应该是 ""该公司的招股说明书""。",Text
706,我想知道2020年的中期报告中，机构投资者持有的份额占比超过75%的基金有多少，并且他们总共持有了多少?记得帮我保留两位小数。,回答：“基金股票数据库”,SQL
707,20200424日，一级行业为汽车的股票的成交金额合计是多少？取整。,回答：“基金股票数据库”,SQL
708,民生加银睿智一年定期开放债券基金在20200930的季报里，前三大持仓占比的债券名称是什么?,回答：“基金股票数据库”,SQL
709,请帮我计算，代码为600510的股票，2020年一年持有的年化收益率有多少？百分数请保留两位小数。年化收益率定义为：（（有记录的一年的最终收盘价-有记录的一年的年初当天开盘价）/有记录的一年的当天开盘价）* 100%。,"问题：“请帮我计算，代码为600510的股票，2020年一年持有的年化收益率有多少？百分数请保留两位小数。年化收益率定义为：（（有记录的一年的最终收盘价-有记录的一年的年初当天开盘价）/有记录的一年的当天开盘价）* 100%。？”
回答：“基金股票数据库”",SQL
710,我想知道2020年的中期报告中，机构投资者持有的份额占比超过30%的基金有多少，并且他们总共持有了多少?记得帮我保留两位小数。,回答：“基金股票数据库”,SQL
711,东莞勤上光电股份有限公司获得多少项国内专利？其中有多少项发明专利？,"该问题的分类应该是 ""该公司的招股说明书""。",Text
712,南京中电联环保股份有限公司业务范围涉及哪些行业？,"该问题的 answer 应该是 ""该公司的招股说明书""。",Text
713,江苏爱康太阳能科技股份有限公司拥有的控股子公司是哪些？,"该问题的 answer 应该是 ""该公司的招股说明书""。",Text
714,信澳慧管家货币B基金在20210630的季报里，前三大持仓占比的债券名称是什么?,回答：“基金股票数据库”,SQL
715,查询下基金代码009250的基金，它的托管人是？,基金股票数据库,SQL
716,我想知道招商安元灵活配置混合C基金在20191231的季报中，其可转债持仓占比最大的是哪个行业？用申万一级行业来统计。,回答：“基金股票数据库”,SQL
717,新疆浩源天然气股份有限公司上、下游企业有哪些？,该问题的描述不清，无法确定答案是在该公司的招股说明书中还是在基金股票数据库里。,Text
718,我想知道股票301096在申万行业分类下的二级行业是什么？用最新的数据。,回答：“基金股票数据库”,SQL
719,帮我查询在2020年12月31日，代码为009902的基金前20大重仓股票中属于中信二级生物医药Ⅱ行业的平均市值是多少？小数点后保留不超过3位。,基金股票数据库,SQL
720,西安启源机电装备股份有限公司上游行业发展状况对本行业制约情况如何？,该问题的描述不清，无法判断答案是在该公司的招股说明书中还是在基金股票数据库里。请提供更多的上下文信息以便我能更好地回答您的问题。,Text
721,2018年度、2019年1～6月浙江双飞无油轴承股份有限公司出口美国收入占当期主营业收入的比例分别为多少？,这个问题应该属于基金的股票数据库。,Text
722,在2021年的中期报告里，易方达基金管理有限公司管理的基金中，有多少比例的基金是个人投资者持有的份额超过机构投资者？希望得到一个精确到两位小数的百分比。,"问题：“在2021年的中期报告里，易方达基金管理有限公司管理的基金中，有多少比例的基金是个人投资者持有的份额超过机构投资者？希望得到一个精确到两位小数的百分比。”
回答：“基金股票数据库”",SQL
723,2008年度深圳信立泰药业股份有限公司适用税率为多少的减半征收企业所得税的优惠政策？,该问题的描述中没有给出任何关于该基金股票数据库的信息，因此答案应该在公司招股说明书中。,Text
724,湖南国科微电子股份有限公司设计的哪些产品具备较高的性价比，形成了较为明显的领先优势？,该问题的描述类别最适合出现在该公司的招股说明书中。,Text
725,在2021年12月年报(含半年报)中，国泰君安君得鑫两年持有期混合C基金持有市值最多的前10只股票中，所在证券市场是上海证券交易所的有几个？,回答：“基金股票数据库”,SQL
726,读者出版传媒股份有限公司如何应对纸质媒体竞争加剧，消费群体扩张难度加大的经营管理风险？,该问题的描述类别最适合出现在“该公司的招股说明书”中。,Text
727,2021年中期报告里，西部利得基金管理有限公司管理的基金中，机构投资者持有份额比个人投资者多的基金有多少只?,问题：“该公司的招股说明书”,Text
728,"我想了解一下兴业基金管理有限公司2020年成立的混合型基金,其管理费率的平均值是多少?请四舍五入保留小数点两位。",回答：“基金股票数据库”,SQL
729,截止本招股意向书签署日，持有北京天宜上佳高新材料股份有限公司5%以上股份的主要股东有谁？,回答：“该公司的招股说明书”,Text
730,在20201031，按照申万行业分类的行业划分标准，哪个一级行业的A股公司数量最多？,回答：“基金股票数据库”,SQL
731,请查询：在2021的年度报告中，个人投资者持有基金份额大于机构投资者持有基金份额的基金属于债券型类型的有几个。,"问题：“请查询：在2021的年度报告中，个人投资者持有基金份额大于机构投资者持有基金份额的基金属于债券型类型的有几个。”
回答：“基金股票数据库”",SQL
732,我想知道易方达裕富债券A基金在20200630的季报中，其可转债持仓占比最大的是哪个行业？用申万一级行业来统计。,回答：“基金股票数据库”,SQL
733,报告期内，山东海看网络科技有限公司主要收入来源是什么？,该问题的描述中没有给出任何关于其在招股说明书中或基金股票数据库中的线索，因此我无法回答这个问题。,Text
734,请问在非银金融行业，20190603行业的A股公司有多少?,该问题需要在基金股票数据库中查找答案。,SQL
735,在2013年度至2016年度上半年间，华达汽车科技股份有限公司的各年（2016年度为上半年）加权平均净资产收益率（扣除非经常性损益后）分别为多少？,该问题的答案应该在华达汽车科技股份有限公司的招股说明书中。,Text
736,查询下基金代码007059的基金，它的管理费率是？,基金股票数据库,SQL
737,大连派思燃气系统股份有限公司拥有哪些制造许可证？,该问题的答案可能包含在大连派思燃气系统股份有限公司的招股说明书中。,Text
738,"请帮我查询下在2019年, 山西证券股份有限公司管理的债券型基金中，持有过公司债券的基金有多少只？",问题：“基金股票数据库”,SQL
739,我想知道建信基金管理有限责任公司在2020年成立了多少只管理费率小于0.8%的基金？,回答：“基金股票数据库”,SQL
740,"请帮我查询下在2020年, 安信基金管理有限责任公司管理的债券型基金中，持有过超短期融资券的基金有多少只？",问题：“基金股票数据库”,SQL
741,"请查询：2019年12月年报(含半年报),持有19农业银行CD207且是前10大重仓股的基金有几个？",回答：“基金股票数据库”,SQL
742,北京天宜上佳高新材料股份有限公司在生产环节使用的什么物质属于危险化学品？,该问题的分类应该是“该公司的招股说明书”。,Text
743,请查询在20210301日期，中信行业分类下电子一级行业中，当日收盘价波动最大（即最高价与最低价之差最大）的股票代码是什么？,回答：“基金股票数据库”,SQL
744,2009年度杭州中恒电气股份有限公司室外通信电源系统销售价格较2008年度上涨的主要原因是什么？,该问题的描述类别最适合放在“该公司的招股说明书”中。,Text
745,山东海看网络科技有限公司所属行业的主要监管部门是什么？,该问题的答案可能在基金的招募说明书或股票的基本信息中都有提及。因此，我无法确定该问题的答案类别。,Text
746,南京中电联环保股份有限公司本次发行股数是多少？,"该问题的 answer 应该是 ""该公司的招股说明书""。",Text
747,我想知道易方达恒盛3个月定期开放混合基金在20210930的季报中，其可转债持仓占比最大的是哪个行业？用申万一级行业来统计。,回答：“基金股票数据库”,SQL
748,我想知道汇添富悦享定期开放混合基金，在2021年年度报告中，前10大重仓股中，有多少只股票在报告期内取得正收益。,回答：“基金股票数据库”,SQL
749,我想知道股票300645在申万行业分类下的二级行业是什么？用最新的数据。,回答：“基金股票数据库”,SQL
750,深圳市铁汉生态环境股份有限公司如何发放劳务公司施工人员的工资？,该问题的描述不清，无法确定答案所在的位置。建议提供更多的上下文信息以便更准确地回答问题。,Text
751,"请查询：2020年12月年报(含半年报),持有20交投Y4且是前10大重仓股的基金有几个？",回答：“基金股票数据库”,SQL
752,确成硅化学股份有限公司的控股股东是谁？,"该问题的 answer 应该是 ""该公司的招股说明书""。",Text
753,20201027日，请给出华安添瑞6个月持有期混合C基金的管理人和累计单位净值。,基金股票数据库,SQL
754,宁波立立电子股份有限公司募集资金的6－8英寸硅抛光片扩产项目总投资为多少？,该问题的描述中没有给出任何关于答案来源的线索，因此无法确定答案是在该公司的招股说明书中还是在基金股票数据库里。,Text
755,报告期内，珠海健帆生物科技股份有限公司核心技术产品的销售收入分别是多少？,"该问题的 answer 应该是 ""该公司的招股说明书""。",Text
756,截至本招股意向书签署日，确成硅化学股份有限公司拥有几家控股子公司？,"该问题的分类应该是 ""该公司的招股说明书""。",Text
757,报告期内，大博医疗科技股份有限公司主营业务的毛利率是多少？,"该问题的 answer 应该是 ""该公司的招股说明书""。",Text
758,我想知道交银施罗德可转债债券C基金在20200331的季报中，其可转债持仓占比最大的是哪个行业？用申万一级行业来统计。,回答：“基金股票数据库”,SQL
759,在2020年12月季报中，持有温氏股份这一股票且市值占基金资产净值比不小于5%的有几只基金？,回答：“基金股票数据库”,SQL
760,我想知道金鹰鑫益灵活配置混合E基金在20190930的季报中，其可转债持仓占比最大的是哪个行业？用申万一级行业来统计。,回答：“基金股票数据库”,SQL
761,本次发行前，东莞勤上光电股份有限公司总股本为多少？本次发行的股份约占发行后总股本的比例为多少？,"该问题的 answer 应该是 ""该公司的招股说明书""。",Text
762,20211104日，开盘价较上一交易日最高价高的股票有多少只？（如上一交易日没有某只股票，则不统计在内）,这个问题应该属于基金股票数据库。,SQL
763,我想知道国泰信用互利债券A基金在20211231的季报中，其可转债持仓占比最大的是哪个行业？用申万一级行业来统计。,回答：“基金股票数据库”,SQL
764,请帮我查询下股票代码为002925的股票在2021年内最高日收盘价是多少？,回答：“基金股票数据库”,SQL
765,报告期内，海南双成药业股份有限公司保护氨基酸的采购量怎样变化？产生这样变化的主要原因是什么？,该问题的描述中没有给出任何关于其在招股说明书中或基金股票数据库中的线索，因此我无法将其分类为在这两个地方中的任何一个。,Text
766,湖南国科微电子股份有限公司所处行业竞争激烈，什么因素可能对公司的成长性带来不利影响？,该问题的描述类别最适合放在招股说明书中。,Text
767,请帮我查询在截止2020-06-30的基金定期报告中，基金总赎回份额为零的基金有几个？,回答：“基金股票数据库”,SQL
768,请查询在2020年度，300397股票涨停天数？   解释：（收盘价/昨日收盘价-1）》=9.8% 视作涨停,这个问题应该属于基金股票数据库。,SQL
769,请问股票代码为600578的股票在2019年内日成交量低于该股票当年平均日成交量的有多少个交易日？,回答：“基金股票数据库”,SQL
770,兰州海默科技股份有限公司的哪些产品处于推广阶段？,"该问题的 answer 应该是 ""该公司的招股说明书""。",Text
771,2008年南京中电联环保股份有限公司营业收入增长主要来源是什么？,该问题的描述不清，无法确定应该在招股说明书中还是在基金股票数据库中查找答案。请提供更多的上下文信息以便回答您的问题。,Text
772,在本招股意向书的报告期内，常熟风范电力设备股份有限公司生产所需的主要原材料是什么？,该问题的描述中没有给出任何关于答案来源的线索，因此无法确定答案是在该公司的招股说明书中还是在基金股票数据库里。,Text
773,2020年一季度，有多少家基金发生了净赎回?总共赎回了多少份额?记得给我四舍五入到小数点后两位哦。,"问题：“2020年一季度，有多少家基金发生了净赎回?总共赎回了多少份额?记得给我四舍五入到小数点后两位哦。”
回答：“基金股票数据库”",SQL
774,帮我查一下在2020年，代码为000929的A股股票今开盘高于昨收盘的天数？,回答：“基金股票数据库”,SQL
775,我想知道鹏华丰诚债券A基金在20200930的季报中，其可转债持仓占比最大的是哪个行业？用申万一级行业来统计。,回答：“基金股票数据库”,SQL
776,真兰仪表的主营业务是什么？,"该问题的 answer 应该是 ""该公司的招股说明书""。",Text
777,请帮我查询出20210511日，建筑装饰一级行业涨幅超过5%（不包含）的股票数量。,这个问题应该属于基金股票数据库。,SQL
778,西安启源机电装备股份有限公司战略委员会成员由几名公司董事组成？,"该问题的 answer 应该是 ""该公司的招股说明书""。根据提供的信息，西安启源机电装备股份有限公司的战略委员会成员由几名公司的董事组成，并没有在基金股票数据库中提及。因此，该问题应该在公司的招股说明书中寻找答案。",Text
779,请帮我查询下股票代码为002870的股票在2021年内最高日收盘价是多少？,回答：“基金股票数据库”,SQL
780,帮我查一下在2020年，代码为601028的A股股票今开盘高于昨收盘的天数？,回答：“基金股票数据库”,SQL
781,20190917日，成交金额最大的前三家上市公司的股票代码是什么？按成交金额从大到小给出,这个问题应该属于基金股票数据库。,SQL
782,截至2010年6月30日，西安启源机电装备股份有限公司在册员工总数为多少人？,该问题的答案可能包含在基金的招募说明书或股票数据库中。由于问题没有给出具体的公司名称或基金名称，因此无法确定具体的信息来源。,Text
783,20190401日，成交金额最大的前三家上市公司的股票代码是什么？按成交金额从大到小给出,这个问题应该属于基金股票数据库。,SQL
784,我想知道信澳量化多因子混合(LOF)A在2020年Q1的季报中，该基金的第5大重仓股的代码是什么?,回答：“基金股票数据库”,SQL
785,20190726日，一级行业为化工的股票的成交量合计是多少？取整。,这个问题需要在基金股票数据库中查找相关数据并进行计算。因此，答案是“基金股票数据库”。,SQL
786,广州中海达卫星导航技术股份有限公司的主要发起人是谁？,"该问题的 answer 应该是 ""该公司的招股说明书""。根据提供的信息，要在招股说明书中查找广州中海达卫星导航技术股份有限公司的主要发起人。",Text
787,我想知道在2019年，广发基金管理有限公司已发行的基金中，有多少只基金报告期期初基金总份额小于报告期期末基金总份额(使用每只基金当年最晚的定期报告数据计算)？,回答：“基金股票数据库”,SQL
788,广东银禧科技股份有限公司设立时的发起人是谁？,回答：“该公司的招股说明书”,Text
789,请帮我查询在截止2019-03-31的基金定期报告中，基金总赎回份额为零的基金有几个？,回答：“基金股票数据库”,SQL
790,2017年大博医疗科技股份有限公司收到了哪家公司的侵犯专利诉讼？,该问题的分类应该是“该公司的招股说明书”。,Text
791,珠海健帆生物科技股份有限公司在哪些方面形成了较强的竞争优势？,"该问题的 answer 应该是 ""该公司的招股说明书""。",Text
792,"请查询：2019年12月年报(含半年报),持有19农业银行CD120且是前10大重仓股的基金有几个？",基金股票数据库,SQL
793,根据武汉兴图新科电子股份有限公司招股意向书，电子信息行业的下游主要包括哪些行业？,该问题的分类应该是“该公司的招股说明书”。,Text
794,招股意向书中所披露的湖南长远锂科股份有限公司的特别风险因素有哪些？,该问题的答案应该在湖南长远锂科股份有限公司的招股说明书中。,Text
795,武汉兴图新科电子股份有限公司参与的哪个工程荣获了国家科技进步一等奖？,"该问题的 answer 应该是 ""该公司的招股说明书""。",Text
796,云南沃森生物技术股份有限公司先后承担了多少国家级、省级、市级课题项目？,该问题属于招股说明书中提到的信息。,Text
797,海南双成药业股份有限公司的主导产品是什么？,"该问题的 answer 应该是 ""该公司的招股说明书""。",Text
798,国寿安保泰恒纯债债券基金在20200630且报告类型是年报(含半年报)的持债市值中，哪类债券市值最高？,回答：“基金股票数据库”,SQL
799,截止2006 年6月30日，湖南南岭民用爆破器材股份有限公司是否有长期借款，余额为多少？,该问题的描述中没有给出任何关于该基金或股票的信息，因此无法确定答案是在该公司的招股说明书中还是在基金股票数据库里。,Text
800,北京天宜上佳高新材料股份有限公司的控股股东是谁？持有多少的股份？,"该问题的 answer 应该是 ""该公司的招股说明书""。",Text
801,2007年广东银禧科技股份有限公司收购了银禧工塑多少股份？这次收购的目的是什么？,该问题的描述不清，无法确定应该在基金的招股说明书中还是在股票数据库中查找答案。建议提供更多的上下文信息以便更准确地回答问题。,Text
802,在2020年的年度报告里，华安基金管理有限公司管理的基金中，有多少比例的基金是个人投资者持有的份额超过机构投资者？希望得到一个精确到两位小数的百分比。,回答：“基金股票数据库”,SQL
803,烟台杰瑞石油服务集团股份有限公司的劣势是什么？,该问题的类别为“该公司的招股说明书”。,Text
804,请问2020年一季度有多少家基金是净申购?它们的净申购份额加起来是多少?请四舍五入保留小数点两位。,问题：“请帮忙查询下股票代码为XXXXXX的股票在2020年内最高日收盘价是多少？”,SQL
805,请帮我计算，代码为300142的股票，2020年一年持有的年化收益率有多少？百分数请保留两位小数。年化收益率定义为：（（有记录的一年的最终收盘价-有记录的一年的年初当天开盘价）/有记录的一年的当天开盘价）* 100%。,"问题：“请帮我计算，代码为300142的股票，2020年一年持有的年化收益率有多少？百分数请保留两位小数。年化收益率定义为：（（有记录的一年的最终收盘价-有记录的一年的年初当天开盘价）/有记录的一年的当天开盘价）* 100%。？”
回答：“基金股票数据库”",SQL
806,请问2021年四季度有多少家基金是净申购?它们的净申购份额加起来是多少?请四舍五入保留小数点两位。,问题：“请帮忙查询下股票代码为XXXXXX的股票在2021年内最高日收盘价是多少?”,SQL
807,中国铁路通信信号股份有限公司的实际控制人是谁？,"该问题的 answer 应该是 ""该公司的招股说明书""。",Text
808,20190408日，开盘价较上一交易日最高价高的股票有多少只？（如上一交易日没有某只股票，则不统计在内）,这个问题的答案应该在基金股票数据库中。,SQL
809,广州中海达卫星导航技术股份有限公司的国内营销网络七大区是哪些？,"该问题的 answer 应该是 ""该公司的招股说明书""。",Text
810,截止2005年12月31日，南岭化工厂的总资产和净资产分别是多少？,"该问题的 answer 应该是 ""该公司的招股说明书""。",Text
811,截至2017年12月31日，汉嘉设计集团股份有限公司无形资产原值为多少？ 账面价值为多少？,"该问题的 answer 应该是 ""该公司的招股说明书""。",Text
812,20210218港股下跌的股票家数有多少家?,基金股票数据库,SQL
813,2007年度，联化科技股份有限公司向欧盟出口的销售收入占公司工业业务收入的比重是多少？,该问题的描述中没有给出任何关于其在招股说明书中或基金股票数据库中的线索，因此我无法将其分类为在这两个地方中的任何一个。,Text
814,请问股票代码为600601的股票在2019年内日成交量低于该股票当年平均日成交量的有多少个交易日？,回答：“基金股票数据库”,SQL
815,报告期各期，深圳市铁汉生态环境股份有限公司 经营活动产生的现金流量净额分别为多少？,"该问题的 answer 应该是 ""该公司的招股说明书""。",Text
816,"请帮我查询在2020年,恒生前海基金管理有限公司成立哪种类型的基金个数最多?",问题：“基金股票数据库”,SQL
817,请帮我查询下股票代码为301182的股票在2021年内最高日收盘价是多少？,回答：“基金股票数据库”,SQL
818,珠海健帆生物科技股份有限公司的产品已覆盖全国多少个省市和医院？,"该问题的 answer 应该是 ""该公司的招股说明书""。",Text
819,招商基金管理有限公司管理的混合型产品的数量有多少?,回答：“基金股票数据库”,SQL
820,请查询：在20190729，属于申万二级橡胶行业的A股股票，它们的平均成交金额是多少？小数点后保留不超过5位。,回答：“基金股票数据库”,SQL
821,根据招股意向书，预计昇兴集团股份有限公司2015年1-3月实现销售收入的范围是？,该问题的描述中没有给出任何关于答案来源的线索，因此无法确定答案是在该公司的招股说明书中还是在基金股票数据库里。,Text
822,融通增强收益债券C基金在20201231的季报里，前三大持仓占比的债券名称是什么?,回答：“基金股票数据库”,SQL
823,请查询：在20190906，属于申万二级营销传播行业的A股股票，它们的平均成交金额是多少？小数点后保留不超过5位。,该问题需要查询基金股票数据库中的信息。,SQL
824,2019年三季度，有多少家基金发生了净赎回?总共赎回了多少份额?记得给我四舍五入到小数点后两位哦。,问题：“请帮忙查询下股票代码为XXXXXX的股票在2019年内最高日收盘价是多少?”,SQL
825,在2021年11月22日，使用中信行业分类标准，股票代码600267是属于哪个一级行业的?,回答：“基金股票数据库”,SQL
826,烟台杰瑞石油服务集团股份有限公司的产品和服务主要应用于哪个行业？,"该问题的 answer 应该是 ""该公司的招股说明书""。",Text
827,大博医疗科技股份有限公司合并报表中商誉的金额是多少？,"该问题的 answer 应该是 ""该公司的招股说明书""。",Text
828,20201231日，建筑装饰一级行业有多少只A股股票？,这个问题的答案应该在基金股票数据库中。,SQL
829,请帮我计算，代码为601117的股票，2020年一年持有的年化收益率有多少？百分数请保留两位小数。年化收益率定义为：（（有记录的一年的最终收盘价-有记录的一年的年初当天开盘价）/有记录的一年的当天开盘价）* 100%。,"问题：“请帮我计算，代码为601117的股票，2020年一年持有的年化收益率有多少？百分数请保留两位小数。年化收益率定义为：（（有记录的一年的最终收盘价-有记录的一年的年初当天开盘价）/有记录的一年的当天开盘价）* 100%。？”
回答：“基金股票数据库”",SQL
830,兰州海默科技股份有限公司的销售方式主要有哪两种？,该问题的描述中没有给出任何关于答案来源的线索，因此无法确定答案是在该公司的招股说明书中还是在基金股票数据库里。,Text
831,在2019年报中，中科沃土沃瑞灵活配置混合C基金第七大重仓股的代码和股票名称是什么？,回答：“基金股票数据库”,SQL
832,20200616日，成交金额最大的前三家上市公司的股票代码是什么？按成交金额从大到小给出,这个问题的答案应该在基金股票数据库中。,SQL
833,2020年四季度，有多少家基金发生了净赎回?总共赎回了多少份额?记得给我四舍五入到小数点后两位哦。,"问题：“请帮忙查询下股票代码为XXXXXX的股票在2020年四季度的净赎回情况，包括净赎回的基金数量和总份额，并将结果四舍五入到小数点后两位。”
回答：“基金股票数据库”",SQL
834,2009年南京中电联环保股份有限公司支付给职工以及为职工支付的现金共计为多少？,"该问题的 answer 应该是 ""该公司的招股说明书""。根据提供的信息，只有招股说明书中才会包含关于某个公司过去几年的财务信息，包括支付给职工以及为职工支付的现金的数据。",Text
835,根据中国证监会颁布《上市公司行业分类指引（ 2012 年修订）》，中国铁路通信信号股份有限公司所属的行业是？,该问题的分类应该是“该公司的招股说明书”，因为答案可能包含在该公司招股说明书中。,Text
836,云南沃森生物技术股份有限公司生产的的冻干A、C群脑膜炎球菌多糖结合疫苗具有怎样的国际地位？,该问题的描述类别最适合出现在“该公司的招股说明书”中。,Text
837,浙江双飞无油轴承股份有限公司收入是否与其下游客户规模匹配？,该问题的描述不清，无法判断答案是在该公司的招股说明书中还是在基金股票数据库里。请提供更多的信息和上下文以便我能更好地回答您的问题。,Text
838,20210907日，一级行业为家用电器的股票的成交量合计是多少？取整。,回答：“基金股票数据库”,SQL
839,我想知道泰康申润一年持有期混合C基金在20210331的季报中，其可转债持仓占比最大的是哪个行业？用申万一级行业来统计。,回答：“基金股票数据库”,SQL
840,20190812日，一级行业为家用电器的股票的成交金额合计是多少？取整。,回答：“基金股票数据库”,SQL
841,我想知道蜂巢基金管理有限公司在2020年成立了多少只管理费率小于0.8%的基金？,回答：“基金股票数据库”,SQL
842,"假设股票日收益率计算公式为：日收益率 = （当日收盘价-昨收盘价）/昨收盘价。请帮我找到在2019年，中信行业分类行业划分标准,建筑一级行业中, 代码为多少的股票的日均收益率最高？",这个问题需要在基金股票数据库中查找答案。,SQL
843,内蒙古君正能源化工股份有限公司发行前每股净资产为多少元？,"该问题的 answer 应该是 ""该公司的招股说明书""。",Text
844,兰州海默科技股份有限公司的实际控制人是谁？,"该问题的 answer 应该是 ""该公司的招股说明书""。",Text
845,在2021年报中，荃银高科和格力地产分别在多少只基金的前10大重仓股里？,这个问题应该属于基金股票数据库。,SQL
846,请帮我查询在截止2019-09-30的报告期间，基金总份额降低的基金数量是多少？,问题：“基金股票数据库”,SQL
847,深圳信立泰药业股份有限公司注射盐酸头孢吡肟（信力威、1.0 克装）在2006 年、2007 年、2008 年、2009 年1-6 月的最高零售价格分别为多少？,该问题的答案应该在基金股票数据库中。,Text
848,"请帮我查询下在2020年, 西部利得基金管理有限公司管理的债券型基金中，持有过可交换公司债券的基金有多少只？",这个问题应该属于基金股票数据库。,SQL
849,20201207日，请给出嘉合永泰优选三个月持有期混合(FOF)C基金的管理人和累计单位净值。,回答：“基金股票数据库”,SQL
850,请帮我计算，代码为000776的股票，2020年一年持有的年化收益率有多少？百分数请保留两位小数。年化收益率定义为：（（有记录的一年的最终收盘价-有记录的一年的年初当天开盘价）/有记录的一年的当天开盘价）* 100%。,"问题：“请帮我计算，代码为000776的股票，2020年一年持有的年化收益率有多少？百分数请保留两位小数。年化收益率定义为：（（有记录的一年的最终收盘价-有记录的一年的年初当天开盘价）/有记录的一年的当天开盘价）* 100%。？”
回答：“基金股票数据库”",SQL
851,广东银禧科技股份有限公司的控股股东是谁？,"该问题的 answer 应该是 ""该公司的招股说明书""。",Text
852,"请帮我查询下，在20201030，中信行业分类里一级行业为房地产行业的所有股票里, 成交金额(元)最多的股票的代码是什么？成交金额是多少？",回答：“基金股票数据库”,SQL
853,目前新疆浩源天然气股份有限公司的上游供应商是？,"该问题的 answer 应该是 ""该公司的招股说明书""。",Text
854,大博医疗科技股份有限公司的主要技术有哪些？,该问题的描述类别最适合出现在该公司的招股说明书中。,Text
855,上海真兰仪表科技股份有限公司何时完成与主业不相关的电气业务剥离？,"该问题的 answer 应该是 ""该公司的招股说明书""。根据问题描述，需要在招股说明书中查找相关信息。",Text
856,中国铁路通信信号股份有限公司生产经营中是否涉及环境污染？如果涉及，涉及环境污染的环节有哪些？,"该问题的分类结果应该为""该公司的招股说明书""。",Text
857,读者出版传媒股份有限公司的主要业务是什么？,"该问题的 answer 应该是 ""该公司的招股说明书""。",Text
858,20200617日，成交金额最大的前三家上市公司的股票代码是什么？按成交金额从大到小给出,这个问题的答案应该在基金股票数据库中。,SQL
859,我想知道鹏扬聚利六个月持有期债券A基金在20201231的年报(含半年报)中，其可转债持仓占比最大的是哪个行业？用中信一级行业来统计。,回答：“基金股票数据库”,SQL
860,请帮我查询下，在2021年03月的报告中，报告期基金总申购份额和报告期基金总赎回份额差额最大的一只基金的简称是什么？差额有多少？保留两位小数。,回答：“基金股票数据库”,SQL
861,勤上有限何时变更为内资企业？,该问题的描述中没有给出任何关于答案来源的线索，因此无法确定答案是在该公司的招股说明书中还是在基金股票数据库里。,SQL
862,北京天宜上佳高新材料股份有限公司的注册资本是多少？,"该问题的 answer 应该是 ""该公司的招股说明书""。",Text
863,20210701日，请给出博道嘉兴一年持有期混合基金的管理人和累计单位净值。,基金股票数据库,SQL
864,请查询：在20200319，属于申万二级电气自动化设备行业的A股股票，它们的平均成交金额是多少？小数点后保留不超过5位。,回答：“基金股票数据库”,SQL
865,西部利得得尊纯债债券C基金在20211231且报告类型是季报的持债市值中，哪类债券市值最高？,回答：“基金股票数据库”,SQL
866,2015年2016 年，汉嘉设计集团股份有限公司主营业务成本中，人工费用占主营业务成本比例分别为多少？,该问题应该属于基金的股票数据库中。,Text
867,浙江双飞无油轴承股份有限公司客户为哪些行业的企业？,"该问题的 answer 应该是 ""该公司的招股说明书""。",Text
868,湖南长远锂科股份有限公司的采购模式是怎样的？,"该问题的 answer 应该是 ""该公司的招股说明书""。",Text
869,我想知道长城品质成长混合C基金，在2021年半年度报告中，前10大重仓股中，有多少只股票在报告期内取得正收益。,基金股票数据库,SQL
870,鹏华添利宝货币B基金在20210331且报告类型是季报的持债市值中，哪类债券市值最高？,回答：“基金股票数据库”,SQL
871,浙江开尔新材料股份有限公司成立时主要产品有什么？,该问题的描述不清，无法确定答案是在该公司的招股说明书中还是在基金股票数据库里。请提供更多的信息或者更清晰的问题描述。,Text
872,请帮我查询在截止2019-06-30的基金定期报告中，基金总赎回份额为零的基金有几个？,回答：“基金股票数据库”,SQL
873,在2020年12月年报(含半年报)中，中欧真益稳健一年持有期混合C基金持有市值最多的前10只股票中，所在证券市场是深圳证券交易所的有几个？,回答：“基金股票数据库”,SQL
874,请帮我查询下，在2020年03月的报告中，报告期基金总申购份额和报告期基金总赎回份额差额最大的一只基金的简称是什么？差额有多少？保留两位小数。,基金股票数据库,SQL
875,20190129日，成交金额最大的前三家上市公司的股票代码是什么？按成交金额从大到小给出,这个问题应该属于基金股票数据库。,SQL
876,在2019年12月季报中，持有长实集团这一股票且市值占基金资产净值比不小于5%的有几只基金？,回答：“基金股票数据库”,SQL
877,2019年四季度，有多少家基金发生了净赎回?总共赎回了多少份额?记得给我四舍五入到小数点后两位哦。,问题：“请帮忙查询下股票代码为XXXXXX的股票在2019年内最高日收盘价是多少?”,SQL
878,青海互助青稞酒股份有限公司本次发行后总股本不超过多少？,"该问题的 answer 应该是 ""该公司的招股说明书""。",Text
879,生态环境建设行业的上游是什么行业？,该问题的答案可能包含在基金的股票数据库中。,SQL
880,华达汽车科技股份有限公司的下游行业是什么？主要客户有哪些？,该问题的答案可能包含在华达汽车科技股份有限公司的招股说明书中。,Text
881,根据读者出版传媒股份有限公司招股意向书，2013年我国新闻出版产业的利润总额是多少？,该问题的答案应该在招股说明书中。,Text
882,在2020年12月季报中，持有九洲药业这一股票且市值占基金资产净值比不小于5%的有几只基金？,回答：“基金股票数据库”,SQL
883,"在20200630的年报(含半年报)中，国泰农惠定期开放债券基金的债券持仓,其持有最大仓位的债券类型是什么?",回答：“基金股票数据库”,SQL
884,内蒙古君正能源化工股份有限公司产业链的核心环节是什么？,该问题的描述类别最适合出现在该公司的招股说明书中。,Text
885,海南双成药业股份有限公司的核心技术优势是什么？,"该问题的 answer 应该是 ""该公司的招股说明书""。",Text
886,为防止技术失密，华达汽车科技股份有限公司采取了哪些措施？,"该问题的描述类别最适合于 ""该公司的招股说明书""。",Text
887,大连派思燃气系统股份有限公司的技术开发机构在何时被认定为省级企业技术中心？,"该问题的 answer 应该是 ""该公司的招股说明书""。根据提供的信息，只有在该公司的招股说明书中才能找到关于这个问题的答案。",Text
888,查询下基金代码010663的基金，它的管理费率是？,基金股票数据库,SQL
889,请帮我查询在截止2020-09-30的基金定期报告中，基金总赎回份额为零的基金有几个？,回答：“基金股票数据库”,SQL
890,若2011年、2012年深圳信立泰药业股份有限公司未被认定为高新技术企业，则按照新税法规定，公司将分别按照多少税率缴纳企业所得税？,该问题的答案应该在基金的招募说明书或股票的相关信息中，因此答案是“基金股票数据库”。,Text
891,20200907日，请给出华宝大健康混合A基金的管理人和累计单位净值。,回答：“基金股票数据库”,SQL
892,我想知道凯石沣混合C基金在20201231的年报(含半年报)中，其可转债持仓占比最大的是哪个行业？用中信一级行业来统计。,回答：“基金股票数据库”,SQL
893,在2020年报中，招商沪深300高贝塔指数基金第三大重仓股的代码和股票名称是什么？,这个问题的答案应该在基金股票数据库中。,SQL
894,根据该招股意向书，江苏旷达汽车织物集团股份有限公司正在从事研发项目包括哪些？,"该问题的分类应该是""该公司的招股说明书""。",Text
895,在2021年报中，鹏华核心优势混合A基金第十大重仓股的代码和股票名称是什么？,回答：“基金股票数据库”,SQL
896,2021年四季度，有多少家基金发生了净赎回?总共赎回了多少份额?记得给我四舍五入到小数点后两位哦。,问题：“请帮忙查询下股票代码为XXXXXX的股票在2021年内最低日收盘价是多少?”,SQL
897,20211027日，请给出光大阳光稳债收益12个月持有期债券C基金的管理人和单位净值。单位净值保留两位小数。,回答：“基金股票数据库”,SQL
898,我想知道在2020年，南方基金管理股份有限公司已发行的基金中，有多少只基金报告期期初基金总份额小于报告期期末基金总份额(使用每只基金当年最晚的定期报告数据计算)？,回答：“基金股票数据库”,SQL
899,请查询：在20201130，属于申万二级农产品加工行业的A股股票，它们的平均成交金额是多少？小数点后保留不超过5位。,回答：“基金股票数据库”,SQL
900,我想知道在2019年，泓德基金管理有限公司已发行的基金中，有多少只基金报告期期初基金总份额小于报告期期末基金总份额(使用每只基金当年最晚的定期报告数据计算)？,这个问题应该属于基金股票数据库。,SQL
901,海南双成药业股份有限公司的竞争劣势有哪些？,"该问题的 answer 应该是 ""该公司的招股说明书""。",Text
902,在2019年报中，鹏华核心优势混合A基金第四大重仓股的代码和股票名称是什么？,回答：“基金股票数据库”,SQL
903,20190724日，一级行业为医药生物的股票的成交量合计是多少？取整。,该问题需要查询基金股票数据库中的数据。,SQL
904,股票600290在20211105日期中的收盘价是多少?（小数点保留3位）,问题：“股票600290在20211105日期中的收盘价是多少?（小数点保留3位）”属于基金股票数据库。,SQL
905,请问2020年二季度有多少家基金是净申购?它们的净申购份额加起来是多少?请四舍五入保留小数点两位。,问题：“请帮忙查询下股票代码为XXXXXX的股票在2020年内最高日收盘价是多少？”,SQL
906,我想知道前海开源中药研究精选股票A在2021年Q2的季报中，该基金的第4大重仓股的代码是什么?,回答：“基金股票数据库”,SQL
907,读者出版传媒股份有限公司董事是谁？,"该问题的 answer 应该是 ""该公司的招股说明书""。",Text
908,请问2021年一季度有多少家基金是净申购?它们的净申购份额加起来是多少?请四舍五入保留小数点两位。,问题：“请帮忙查询下股票代码为XXXXXX的股票在2021年内最高日收盘价是多少?”,SQL
909,江苏爱康太阳能科技股份有限公司报告期内第一大客户是谁？,"该问题的 answer 应该是 ""该公司的招股说明书""。根据江苏爱康太阳能科技股份有限公司的招股书，我们可以找到关于该公司报告期内第一大客户的信息。",Text
910,请帮我计算，代码为603937的股票，2020年一年持有的年化收益率有多少？百分数请保留两位小数。年化收益率定义为：（（有记录的一年的最终收盘价-有记录的一年的年初当天开盘价）/有记录的一年的当天开盘价）* 100%。,"问题：“请帮我计算，代码为603937的股票，2020年一年持有的年化收益率有多少？百分数请保留两位小数。年化收益率定义为：（（有记录的一年的最终收盘价-有记录的一年的年初当天开盘价）/有记录的一年的当天开盘价）* 100%。？”
回答：“基金股票数据库”",SQL
911,"我想了解一下银华基金管理股份有限公司2020年成立的债券型基金,其管理费率的平均值是多少?请四舍五入保留小数点两位。",回答：“基金股票数据库”,SQL
912,"请查询：2020年12月年报(含半年报),持有16华润01且是前10大重仓股的基金有几个？",回答：“基金股票数据库”,SQL
913,在2021年的中期报告里，博时基金管理有限公司管理的基金中，有多少比例的基金是个人投资者持有的份额超过机构投资者？希望得到一个精确到两位小数的百分比。,"问题：“在2021年的中期报告里，博时基金管理有限公司管理的基金中，有多少比例的基金是个人投资者持有的份额超过机构投资者？希望得到一个精确到两位小数的百分比。”
回答：“基金股票数据库”",SQL
914,20201116日，一级行业为综合金融的股票的成交量合计是多少？取整。,问题：“基金股票数据库”,SQL
915,海南双成药业股份有限公司的经营范围是什么？,"该问题的 answer 应该是 ""该公司的招股说明书""。",Text
916,江苏旷达汽车织物集团股份有限公司是否存在管理风险？有哪些管理风险？,该问题的分类应该是“该公司的招股说明书”。因为这类问题通常需要查阅招股说明书中 company 的风险因素部分来获取答案。,Text
917,在2020年报中，南方荣尊混合A基金第六大重仓股的代码和股票名称是什么？,回答：“基金股票数据库”,SQL
918,广东银禧科技股份有限公司注册资本是多少？,"该问题的 answer 应该是 ""该公司的招股说明书""。",Text
919,2019年中期报告里，东方基金管理股份有限公司管理的基金中，机构投资者持有份额比个人投资者多的基金有多少只?,问题：“该公司的招股说明书”,Text
920,请帮我计算：在20190612，日收益率为负的A股股票有几个。,"问题：“请帮我计算：在20190612，日收益率为负的A股股票有几个。”
回答：“基金股票数据库”",SQL
921,大博医疗科技股份有限公司在2015年受到了哪些行政处罚？,该问题的分类应该是“该公司的招股说明书”。,Text
922,2010年和2009年浙江开尔新材料股份有限公司签署的海外项目折合人民币金额分别是多少？,该问题的答案应该在该公司 的招股说明书中。,Text
923,我想知道兴全合宜灵活配置混合(LOF)C在2021年Q1的季报中，该基金的第2大重仓股的代码是什么?,回答：“基金股票数据库”,SQL
924,湖南长远锂科股份有限公司日常业务的经营主要涉及哪些部门？,该问题的描述中没有给出任何关于其在招股说明书中或基金股票数据库中的线索，因此我无法确定答案所在的位置。,Text
925,请帮我查询下股票代码为600351的股票在2021年内最高日收盘价是多少？,回答：“基金股票数据库”,SQL
926,烟台杰瑞石油服务集团股份有限公司获得过哪些荣誉称号？,"该问题的 answer 应该是 ""该公司的招股说明书""。",Text
927,为推广IPTV业务并提升山东海看网络科技有限公司IPTV业务知名度，报告期内山东海看网络科技有限公司要主要通过什么方式进行业务宣传？,该问题的答案可能包含在基金的招募说明书或股票的公司公告中。,Text
928,南京中电联环保股份有限公司的住所为？,"该问题的 answer 应该是 ""该公司的招股说明书""。",Text
929,浙江开尔新材料股份有限公司本次发行拟发行股份多少？发行后总股本为多少？,"该问题的 answer 应该是 ""该公司的招股说明书""。",Text
930,2018年、2019年及2020年，森赫电梯股份有限公司境外销售收入分别为多少万元？占主营业务收入的比例为多少？,该问题的答案应该可以在该公司的招股说明书中找到。,Text
931,"假设股票日收益率计算公式为：日收益率 = （当日收盘价-昨收盘价）/昨收盘价。请帮我找到在2020年，中信行业分类行业划分标准,非银行金融一级行业中, 代码为多少的股票的日均收益率最高？",问题：“基金股票数据库”,SQL
932,珠海健帆生物科技股份有限公司计划投资多少资金用于扩建研发中心？,"该问题的 answer 应该是 ""该公司的招股说明书""。",Text
933,根据中国证监会颁布的《上市公司行业分类指导》的规定，西安启源机电装备股份有限公司所属的行业大类、中类、小类是什么？,该问题的答案应该在该公司 的招股说明书中。,Text
934,20210429港股下跌的股票家数有多少家?,问题：“基金股票数据库”,SQL
935,请帮我查询下，在2021年09月的报告中，报告期基金总申购份额和报告期基金总赎回份额差额最大的一只基金的简称是什么？差额有多少？保留两位小数。,回答：“基金股票数据库”,SQL
936,我想知道在20200930的季报里，东兴中证消费50指数C投资的股票分别是哪些申万一级行业？,回答：“基金股票数据库”,SQL
937,江苏爱康太阳能科技股份有限公司成立时，主要发起人是谁？,"该问题的 answer 应该是 ""该公司的招股说明书""。",Text
938,帮我查一下上银中证500指数增强C基金在20210827的资产净值和单位净值是多少?,回答：“基金股票数据库”,SQL
939,请帮我查询出20210712日，建材一级行业涨幅超过5%（不包含）的股票数量。,这个问题应该属于基金股票数据库。,SQL
940,请帮我查询下，在2020年Q4季报报告中，008572基金的第一大重仓可转债同期还有多少只基金也进行了持仓？,回答：“基金股票数据库”,SQL
941,2017年1-6月，大博医疗科技股份有限公司水费单价为什么上升？,"该问题的 answer 应该是 ""该公司的招股说明书""。",Text
942,"在20190630的年报(含半年报)中，德邦锐兴债券A基金的债券持仓,其持有最大仓位的债券类型是什么?",回答：“基金股票数据库”,SQL
943,上海真兰仪表科技股份有限公司2020年增资的价格是多少？,"该问题的 answer 应该是 ""该公司的招股说明书""。",Text
944,招商基金管理有限公司管理的股票型产品的数量有多少?,问题：“该基金股票数据库中有招商基金管理有限公司管理的股票型产品的数量，请告诉我具体的数字。”,SQL
945,查询下基金代码009106的基金，它的托管费率是？,基金股票数据库,SQL
946,2015年至2017年，汉嘉设计集团股份有限公司来自浙江省内的业务收入占公司当期主营业务收入的比例分别是多少？,该问题的答案应该在该公司 的招股说明书中。,Text
947,报告期内云南沃森生物技术股份有限公司销售的自产疫苗产品有哪些？,"该问题的 answer 应该是 ""该公司的招股说明书""。",Text
948,湖南长远锂科股份有限公司的主要产品有哪些？,"该问题的 answer 应该是 ""该公司的招股说明书""。",Text
949,在2019年1月27日，使用中信行业分类标准，股票代码002051是属于哪个一级行业的?,回答：“基金股票数据库”,SQL
950,查询下基金代码009104的基金，它的管理费率是？,基金股票数据库,SQL
951,请查询：在20200629，属于申万二级金属非金属新材料行业的A股股票，它们的平均成交金额是多少？小数点后保留不超过5位。,回答：“基金股票数据库”,SQL
952,我想知道华夏创业板动量成长ETF基金，在2021年年度报告中，前10大重仓股中，有多少只股票在报告期内取得正收益。,回答：“基金股票数据库”,SQL
953,我想知道淳厚基金管理有限公司在2019年成立了多少只管理费率小于0.8%的基金？,回答：“基金股票数据库”,SQL
954,在20191007，按照申万行业分类的行业划分标准，哪个一级行业的A股公司数量最多？,回答：“基金股票数据库”,SQL
955,"请帮我查询在2019年,宏利基金管理有限公司成立哪种类型的基金个数最多?",问题：“基金股票数据库”,SQL
956,为了防范意外事故造成的损失，新疆浩源天然气股份有限公司何时购买了什么保险？,该问题的分类应该是“该公司的招股说明书”。,Text
957,武汉兴图新科电子股份有限公司在哪个领域已经成为重要供应商？,"该问题的 answer 应该是 ""该公司的招股说明书""。",Text
958,2007年度和2008年度杭州中恒电气股份有限公司经销的室内通信电源系统（集采产品）的价格是多少？,该问题的描述中没有给出任何关于该基金或股票的信息，因此无法确定答案是在该公司的招股说明书中还是在基金股票数据库里。,Text
959,博时双季享六个月持有期债券C基金在20210630的季报里，前三大持仓占比的债券名称是什么?,基金股票数据库,SQL
960,根据招股意向书，昇兴集团股份有限公司与下游食品饮料行业中的哪些知名企业结成了良好的合作关系？,该问题的描述中没有给出任何关于答案来源的线索，因此无法确定答案是在该公司的招股说明书中还是在基金股票数据库里。,Text
961,国泰宏益一年持有期混合A基金在20210630且报告类型是年报(含半年报)的持债市值中，哪类债券市值最高？,回答：“基金股票数据库”,SQL
962,请查询：在2021的年度报告中，个人投资者持有基金份额大于机构投资者持有基金份额的基金属于股票型类型的有几个。,"问题：“请查询：在2021的年度报告中，个人投资者持有基金份额大于机构投资者持有基金份额的基金属于股票型类型的有几个。”
回答：“基金股票数据库”",SQL
963,20191030日，成交金额最大的前三家上市公司的股票代码是什么？按成交金额从大到小给出,这个问题应该属于基金股票数据库。,SQL
964,项目建成达产后，杭州中恒电气股份有限公司将新增多少套通信电源系统和电力操作电源系统？,该问题的描述中没有给出任何关于该基金或股票的信息，因此无法确定它是在该公司的招股说明书中还是在基金股票数据库里。,Text
965,华达汽车科技股份有限公司的主要原材料是什么？报告期间，主要原材料占公司主营业务成本比例约为多少？,"该问题的 answer 应该是 ""该公司的招股说明书""。",Text
966,根据江苏爱康太阳能科技股份有限公司招股意向书，2009年我国太阳能电池产量为多少？,该问题的描述中没有提到任何具体的股票或者基金信息，因此它应该属于招股说明书中包含的信息。所以，答案是“该公司的招股说明书”。,Text
967,与江苏旷达汽车织物集团股份有限公司在行业内形成竞争的汽车内饰面料生产企业的合资企业和内资企业有哪些？,该问题的描述类别最适合出现在“该公司的招股说明书”中。,Text
968,20191231日，创世纪在多少只基金的前十大重仓股中？,问题：“该基金股票数据库中是否有创世纪这只股票？如果有的话，请告诉我它在多少只基金的前十大重仓股中？”,SQL
969,2017年，汉嘉设计集团股份有限公司因计提应收账款坏账准备产生的资产减值损失是多少？,"该问题的 answer 应该是 ""该公司的招股说明书""。因为这类涉及具体财务数据的问题通常可以在招股说明书中找到。",Text
970,请问2019年一季度有多少家基金是净申购?它们的净申购份额加起来是多少?请四舍五入保留小数点两位。,"问题：“请帮忙查询下股票代码为XXXXXX的股票在2019年内最高日收盘价是多少？”
回答：“基金股票数据库”",SQL
971,2008年度、2009年度深圳市铁汉生态环境股份有限公司生态修复工程收入的增长率分别为多少？,该问题的描述中没有给出任何关于该基金或股票的信息，因此无法确定它是在该公司的招股说明书中还是在基金股票数据库里。,Text
972,在本招股意向书的报告期内，常熟风范电力设备股份有限公司的综合毛利率分别为多少？呈现怎样的趋势？,该问题属于招股说明书中提到的问题。,Text
973,请问2019年四季度有多少家基金是净申购?它们的净申购份额加起来是多少?请四舍五入保留小数点两位。,"问题：“请帮忙查询下股票代码为XXXXXX的股票在2019年内最高日收盘价是多少？”
回答：“基金股票数据库”",SQL
974,东莞勤上光电股份有限公司应收账款净额在2008年末、2009年末、2010年末和2011年6月30日分别为多少？占资产总额的比重分别为多少？,"该问题的 answer 应该是 ""该公司的招股说明书""。",Text
975,请查询：在20190304，属于申万二级电气自动化设备行业的A股股票，它们的平均成交金额是多少？小数点后保留不超过5位。,"这个问题应该归为""基金股票数据库""类别。",SQL
976,"请查询：2019年12月年报(含半年报),持有15象屿MTN002且是前10大重仓股的基金有几个？",回答：“基金股票数据库”,SQL
977,帮我查一下易方达科融混合基金在20190426的资产净值和单位净值是多少?,回答：“基金股票数据库”,SQL
978,2019年年度报告里，格林基金管理有限公司管理的基金中，机构投资者持有份额比个人投资者多的基金有多少只?,问题：“该公司的招股说明书”,Text
979,在2019年12月季报中，持有山东黄金这一股票且市值占基金资产净值比不小于5%的有几只基金？,回答：“基金股票数据库”,SQL
980,杭州中恒电气股份有限公司面临哪些人力资源方面的风险？,"该问题的描述类别最适合于 ""该公司的招股说明书""。",Text
981,根据联化科技股份有限公司招股意见书，精细化工产品与基础化工产品相比有哪些特性？,该问题的答案可能包含在联化科技股份有限公司的招股说明书中。因此，答案是“该公司的招股说明书”。,Text
982,我想知道诺安鼎利混合A基金在20210930的季报中，其可转债持仓占比最大的是哪个行业？用申万一级行业来统计。,回答：“基金股票数据库”,SQL
983,中加优选中高等级债券C基金在20200331的季报里，前三大持仓占比的债券名称是什么?,回答：“基金股票数据库”,SQL
984,请列出国泰基金管理有限公司在2019年成立并且托管人为中国工商银行股份有限公司的所有基金的基金托管费率的平均数。,回答：“基金股票数据库”,SQL
985,20200908日，成交金额最大的前三家上市公司的股票代码是什么？按成交金额从大到小给出,这个问题的答案应该在基金股票数据库中。,SQL
986,浙江开尔新材料股份有限公司的主要原材料有哪些？,"该问题的 answer 应该是 ""该公司的招股说明书""。",Text
987,广州中海达卫星导航技术股份有限公司对海外代理商的选择标准是怎样的？,该问题属于招股说明书中提到的内容。,Text
988,深圳市超频三科技股份有限公司目前主要产品是什么？什么是公司未来业务增长的重点产品？,该问题的分类应该是“该公司的招股说明书”。,Text
989,我想知道广发睿享稳健增利混合A基金，在2019年年度报告中，前10大重仓股中，有多少只股票在报告期内取得正收益。,回答：“基金股票数据库”,SQL
990,我想知道2019年的中期报告中，机构投资者持有的份额占比超过50%的基金有多少，并且他们总共持有了多少?记得帮我保留两位小数。,回答：“基金股票数据库”,SQL
991,"我想了解一下格林基金管理有限公司2020年成立的债券型基金,其管理费率的平均值是多少?请四舍五入保留小数点两位。",回答：“基金股票数据库”,SQL
992,报告期内，上海真兰仪表科技股份有限公司实际持有的哪些公司由自然人代为持股？何时该部分股份代持予以解除？,回答：“该公司的招股说明书”,Text
993,嘉合磐泰短债债券C基金在20200630的季报里，前三大持仓占比的债券名称是什么?,回答：“基金股票数据库”,SQL
994,请帮我查询在截止2021-12-31的报告期间，基金总份额降低的基金数量是多少？,问题：“基金股票数据库”,SQL
995,股票000833在20190102日期中的收盘价是多少?（小数点保留3位）,问题：“股票000833在20190102日期中的收盘价是多少?（小数点保留3位）”属于基金股票数据库。,SQL
996,2007年度，工业业务和贸易业务分别占联化科技股份有限公司毛利比重为多少？,该问题的描述不够清晰，无法确定应该在招股说明书中查找还是在基金股票数据库中查找。请提供更多的上下文信息以便更好地回答您的问题。,Text
997,东莞勤上光电股份有限公司实际控制人是谁？持有多少股份？,"该问题的 answer 应该是 ""该公司的招股说明书""。",Text
998,在2020年报中，交银施罗德可转债债券A基金第七大重仓股的代码和股票名称是什么？,回答：“基金股票数据库”,SQL
999,截至2009年12月31日，兰州海默科技股份有限公司的正式在册员工人数是多少？,该问题的答案可能包含在该公司 的招股说明书中。,Text
