基金代码,基金全称,基金简称,管理人,托管人,基金类型,成立日期,到期日期,管理费率,托管费率
000006,西部利得量化成长混合型发起式证券投资基金A类,西部利得量化成长混合A,西部利得基金管理有限公司,中国农业银行股份有限公司,混合型,20190319,30001231,1.2%,0.1%
000028,华富安鑫债券型证券投资基金,华富安鑫债券,华富基金管理有限公司,上海浦东发展银行股份有限公司,债券型,20190612,30001231,0.7%,0.2%
000030,长城核心优选灵活配置混合型证券投资基金A类,长城核心优选灵活配置混合A,长城基金管理有限公司,中国建设银行股份有限公司,混合型,20190524,30001231,1.2%,0.2%
000037,广发景宁纯债债券型证券投资基金A类,广发景宁纯债债券A,广发基金管理有限公司,中国工商银行股份有限公司,债券型,20200422,30001231,0.3%,0.05%
000058,国联安安泰灵活配置混合型证券投资基金,国联安安泰灵活配置混合,国联安基金管理有限公司,中国工商银行股份有限公司,混合型,20190605,30001231,0.9%,0.2%
000066,诺安鸿鑫混合型证券投资基金A类,诺安鸿鑫混合A,诺安基金管理有限公司,中国工商银行股份有限公司,混合型,20190618,30001231,1.2%,0.2%
000072,华安稳健回报混合型证券投资基金A类,华安稳健回报混合A,华安基金管理有限公司,中国建设银行股份有限公司,混合型,20190628,30001231,0.7%,0.2%
000089,民生加银高等级信用债债券型证券投资基金C类,民生加银高等级信用债债券C,民生加银基金管理有限公司,中国建设银行股份有限公司,债券型,20200724,30001231,0.3%,0.1%
000090,民生加银高等级信用债债券型证券投资基金A类,民生加银高等级信用债债券A,民生加银基金管理有限公司,中国建设银行股份有限公司,债券型,20200724,30001231,0.3%,0.1%
000126,招商安润灵活配置混合型证券投资基金A类,招商安润灵活配置混合A,招商基金管理有限公司,中国银行股份有限公司,混合型,20190514,30001231,1.2%,0.2%
000134,中信保诚嘉鸿债券型证券投资基金A类,中信保诚嘉鸿债券A,中信保诚基金管理有限公司,中国银行股份有限公司,债券型,20200724,30001231,0.2%,0.05%
000135,中信保诚嘉鸿债券型证券投资基金C类,中信保诚嘉鸿债券C,中信保诚基金管理有限公司,中国银行股份有限公司,债券型,20200724,30001231,0.2%,0.05%
000142,融通增强收益债券型证券投资基金A类,融通增强收益债券A,融通基金管理有限公司,中国工商银行股份有限公司,债券型,20190716,30001231,0.7%,0.2%
000166,中海信息产业精选混合型证券投资基金A类,中海信息产业精选混合A,中海基金管理有限公司,上海浦东发展银行股份有限公司,混合型,20190515,30001231,1.2%,0.2%
000189,易方达丰华债券型证券投资基金A类,易方达丰华债券A,易方达基金管理有限公司,招商银行股份有限公司,债券型,20190219,30001231,0.8%,0.2%
000195,工银瑞信成长收益混合型证券投资基金A类,工银瑞信成长收益混合A,工银瑞信基金管理有限公司,招商银行股份有限公司,混合型,20190719,30001231,0.6%,0.15%
000196,工银瑞信成长收益混合型证券投资基金B类,工银瑞信成长收益混合B,工银瑞信基金管理有限公司,招商银行股份有限公司,混合型,20190719,30001231,0.6%,0.15%
000270,建信灵活配置混合型证券投资基金,建信灵活配置混合,建信基金管理有限责任公司,中国民生银行股份有限公司,混合型,20191011,30001231,1%,0.2%
000322,农银汇理金汇债券型证券投资基金A类,农银汇理金汇债券A,农银汇理基金管理有限公司,交通银行股份有限公司,债券型,20200629,30001231,0.27%,0.08%
000346,建信安心回报6个月定期开放债券型证券投资基金A类,建信安心回报6个月定期开放债券A,建信基金管理有限责任公司,招商银行股份有限公司,债券型,20190425,30001231,0.3%,0.1%
000347,建信安心回报6个月定期开放债券型证券投资基金C类,建信安心回报6个月定期开放债券C,建信基金管理有限责任公司,招商银行股份有限公司,债券型,20190425,30001231,0.3%,0.1%
000487,嘉实3个月理财债券型证券投资基金A类,嘉实3个月理财债券型A,嘉实基金管理有限公司,中国银行股份有限公司,债券型,20190322,30001231,,0.05%
000488,嘉实3个月理财债券型证券投资基金E类,嘉实3个月理财债券型E,嘉实基金管理有限公司,中国银行股份有限公司,债券型,20190322,30001231,,0.05%
000503,中信建投景和中短债债券型证券投资基金A类,中信建投景和中短债债券A,中信建投基金管理有限公司,上海浦东发展银行股份有限公司,债券型,20190606,30001231,0.3%,0.1%
000504,中信建投景和中短债债券型证券投资基金C类,中信建投景和中短债债券C,中信建投基金管理有限公司,上海浦东发展银行股份有限公司,债券型,20190606,30001231,0.3%,0.1%
000512,国泰沪深300指数增强型证券投资基金A类,国泰沪深300指数增强A,国泰基金管理有限公司,中国银行股份有限公司,股票型,20190402,30001231,0.9%,0.2%
000673,融通四季添利债券型证券投资基金(LOF)C类,融通四季添利债券(LOF)C,融通基金管理有限公司,中国工商银行股份有限公司,债券型,20200513,30001231,0.6%,0.2%
000674,中海中短债债券型证券投资基金,中海中短债债券,中海基金管理有限公司,中国农业银行股份有限公司,债券型,20200605,30001231,0.3%,0.1%
000715,民生加银高等级信用债债券型证券投资基金E类,民生加银高等级信用债债券E,民生加银基金管理有限公司,中国建设银行股份有限公司,债券型,20200724,30001231,0.3%,0.1%
000783,博时季季享三个月持有期债券型证券投资基金A类,博时季季享三个月持有期债券A,博时基金管理有限公司,招商银行股份有限公司,债券型,20190905,30001231,0.2%,0.05%
000784,博时季季享三个月持有期债券型证券投资基金B类,博时季季享三个月持有期债券B,博时基金管理有限公司,招商银行股份有限公司,债券型,20190905,30001231,0.2%,0.05%
000791,银华安颐中短债双月持有期债券型证券投资基金C类,银华安颐中短债双月持有期债券C,银华基金管理股份有限公司,中国农业银行股份有限公司,债券型,20201215,30001231,0.3%,0.05%
000808,招商招利1个月期理财债券型证券投资基金A类,招商招利1个月期理财债券型A,招商基金管理有限公司,中国农业银行股份有限公司,债券型,20200228,30001231,0.3%,0.08%
000809,招商招利1个月期理财债券型证券投资基金B类,招商招利1个月期理财债券型B,招商基金管理有限公司,中国农业银行股份有限公司,债券型,20200228,30001231,0.3%,0.08%
000833,易方达富华纯债债券型证券投资基金C类,易方达富华纯债债券C,易方达基金管理有限公司,兴业银行股份有限公司,债券型,20201228,30001231,0.3%,0.1%
000931,国寿安保尊益信用纯债债券型证券投资基金,国寿安保尊益信用纯债债券,国寿安保基金管理有限公司,上海浦东发展银行股份有限公司,债券型,20190605,30001231,0.3%,0.1%
000961,天弘沪深300交易型开放式指数证券投资基金联接基金A类,天弘沪深300ETF联接A,天弘基金管理有限公司,招商证券股份有限公司,股票型,20191209,30001231,0.5%,0.1%
000962,天弘中证500交易型开放式指数证券投资基金联接基金A类,天弘中证500ETF联接A,天弘基金管理有限公司,国泰君安证券股份有限公司,股票型,20200808,30001231,0.5%,0.1%
001057,华夏理财30天债券型证券投资基金A类,华夏理财30天债券型A,华夏基金管理有限公司,中国建设银行股份有限公司,债券型,20201228,30001231,0.27%,0.08%
001058,华夏理财30天债券型证券投资基金B类,华夏理财30天债券型B,华夏基金管理有限公司,中国建设银行股份有限公司,债券型,20201228,30001231,0.27%,0.08%
001124,融通增强收益债券型证券投资基金C类,融通增强收益债券C,融通基金管理有限公司,中国工商银行股份有限公司,债券型,20190716,30001231,0.7%,0.2%
001351,诺安中证500指数增强型证券投资基金A类,诺安中证500指数增强A,诺安基金管理有限公司,中国银行股份有限公司,股票型,20190115,30001231,1%,0.15%
001516,大成安汇金融债债券型证券投资基金E类,大成安汇金融债债券E,大成基金管理有限公司,中国银行股份有限公司,债券型,20200804,30001231,0.27%,0.08%
001556,天弘中证500指数增强型证券投资基金A类,天弘中证500指数增强A,天弘基金管理有限公司,招商证券股份有限公司,股票型,20190812,30001231,0.6%,0.1%
001557,天弘中证500指数增强型证券投资基金C类,天弘中证500指数增强C,天弘基金管理有限公司,招商证券股份有限公司,股票型,20190812,30001231,0.6%,0.1%
001592,天弘创业板交易型开放式指数证券投资基金联接基金A类,天弘创业板ETF联接A,天弘基金管理有限公司,国泰君安证券股份有限公司,股票型,20190913,30001231,0.5%,0.1%
001593,天弘创业板交易型开放式指数证券投资基金联接基金C类,天弘创业板ETF联接C,天弘基金管理有限公司,国泰君安证券股份有限公司,股票型,20190913,30001231,0.5%,0.1%
001594,天弘中证银行交易型开放式指数证券投资基金联接基金A类,天弘中证银行ETF联接A,天弘基金管理有限公司,招商证券股份有限公司,股票型,20201212,30001231,0.5%,0.1%
001595,天弘中证银行交易型开放式指数证券投资基金联接基金C类,天弘中证银行ETF联接C,天弘基金管理有限公司,招商证券股份有限公司,股票型,20201212,30001231,0.5%,0.1%
001617,天弘中证电子交易型开放式指数证券投资基金联接基金A类,天弘中证电子ETF联接A,天弘基金管理有限公司,海通证券股份有限公司,股票型,20200228,30001231,0.5%,0.1%
001618,天弘中证电子交易型开放式指数证券投资基金联接基金C类,天弘中证电子ETF联接C,天弘基金管理有限公司,海通证券股份有限公司,股票型,20200228,30001231,0.5%,0.1%
001619,兴银汇福定期开放债券型发起式证券投资基金,兴银汇福定期开放债券,兴银基金管理有限责任公司,兴业银行股份有限公司,债券型,20190328,30001231,0.3%,0.1%
001629,天弘中证计算机主题交易型开放式指数证券投资基金联接基金A类,天弘中证计算机主题ETF联接A,天弘基金管理有限公司,中信证券股份有限公司,股票型,20200321,30001231,0.5%,0.1%
001630,天弘中证计算机主题交易型开放式指数证券投资基金联接基金C类,天弘中证计算机主题ETF联接C,天弘基金管理有限公司,中信证券股份有限公司,股票型,20200321,30001231,0.5%,0.1%
001693,招商招利1个月期理财债券型证券投资基金C类,招商招利1个月期理财债券型C,招商基金管理有限公司,中国农业银行股份有限公司,债券型,20200228,30001231,0.3%,0.08%
001723,华商新动力混合型证券投资基金A类,华商新动力混合A,华商基金管理有限公司,中国工商银行股份有限公司,混合型,20201208,30001231,1.2%,0.2%
001750,景顺长城景瑞收益债券型证券投资基金A类,景顺长城景瑞收益债券A,景顺长城基金管理有限公司,兴业银行股份有限公司,债券型,20200423,30001231,0.3%,0.1%
001783,兴银合盈债券型证券投资基金A类,兴银合盈债券A,兴银基金管理有限责任公司,兴业银行股份有限公司,债券型,20190227,30001231,0.3%,0.05%
001784,兴银合盈债券型证券投资基金C类,兴银合盈债券C,兴银基金管理有限责任公司,兴业银行股份有限公司,债券型,20190227,30001231,0.3%,0.05%
001879,长城创业板指数增强型发起式证券投资基金A类,长城创业板指数增强A,长城基金管理有限公司,中国工商银行股份有限公司,股票型,20190129,30001231,1%,0.15%
001900,诺安精选价值混合型证券投资基金,诺安精选价值混合,诺安基金管理有限公司,中国工商银行股份有限公司,混合型,20190228,30001231,1.2%,0.2%
001932,国寿安保灵活优选混合型证券投资基金,国寿安保灵活优选混合,国寿安保基金管理有限公司,中国银行股份有限公司,混合型,20190412,20230824,0.8%,0.25%
001984,摩根中国生物医药混合型证券投资基金(QDII)A类,摩根中国生物医药混合(QDII)A,摩根基金管理(中国)有限公司,中国银行股份有限公司,其他型,20190222,30001231,1.5%,0.25%
002063,国泰沪深300指数增强型证券投资基金C类,国泰沪深300指数增强C,国泰基金管理有限公司,中国银行股份有限公司,股票型,20190402,30001231,0.9%,0.2%
002076,浙商中证500指数增强型证券投资基金A类,浙商中证500指数增强A,浙商基金管理有限公司,交通银行股份有限公司,股票型,20190424,30001231,0.5%,0.1%
002197,国泰鑫策略价值灵活配置混合型证券投资基金,国泰鑫策略价值灵活配置混合,国泰基金管理有限公司,中国银行股份有限公司,混合型,20190103,30001231,1.2%,0.2%
002256,金信行业优选灵活配置混合型发起式证券投资基金,金信行业优选灵活配置混合,金信基金管理有限公司,招商银行股份有限公司,混合型,20190510,30001231,1.5%,0.25%
002271,招商安弘灵活配置混合型证券投资基金,招商安弘灵活配置混合,招商基金管理有限公司,中国建设银行股份有限公司,混合型,20190103,30001231,1.2%,0.2%
002274,中邮纯债聚利债券型证券投资基金A类,中邮纯债聚利债券型A,中邮创业基金管理股份有限公司,中国农业银行股份有限公司,债券型,20200227,30001231,0.3%,0.1%
002275,中邮纯债聚利债券型证券投资基金C类,中邮纯债聚利债券型C,中邮创业基金管理股份有限公司,中国农业银行股份有限公司,债券型,20200227,30001231,0.3%,0.1%
002282,平安安享灵活配置混合型证券投资基金A类,平安安享灵活配置混合A,平安基金管理有限公司,中国建设银行股份有限公司,混合型,20190215,30001231,0.6%,0.1%
002288,中银稳进策略灵活配置混合型证券投资基金A类,中银稳进策略灵活配置混合A,中银基金管理有限公司,中信银行股份有限公司,混合型,20190213,30001231,1.2%,0.2%
002293,南方益和灵活配置混合型证券投资基金,南方益和灵活配置混合,南方基金管理股份有限公司,中国建设银行股份有限公司,混合型,20190118,30001231,1.2%,0.2%
002295,广发稳安灵活配置混合型证券投资基金A类,广发稳安灵活配置混合A,广发基金管理有限公司,中国工商银行股份有限公司,混合型,20190215,30001231,1.2%,0.2%
002296,长城行业轮动灵活配置混合型证券投资基金A类,长城行业轮动灵活配置混合A,长城基金管理有限公司,中国建设银行股份有限公司,混合型,20190118,30001231,1.2%,0.2%
002301,兴业短债债券型证券投资基金A类,兴业短债债券A,兴业基金管理有限公司,中国民生银行股份有限公司,债券型,20190521,30001231,0.25%,0.05%
002304,平安安心灵活配置混合型证券投资基金A类,平安安心灵活配置混合A,平安基金管理有限公司,中国银行股份有限公司,混合型,20190118,30001231,0.6%,0.1%
002337,创金合信季安鑫3个月持有期债券型证券投资基金A类,创金合信季安鑫3个月持有期债券A,创金合信基金管理有限公司,招商银行股份有限公司,债券型,20200609,30001231,0.25%,0.1%
002338,兴业优债增利债券型证券投资基金A类,兴业优债增利债券A,兴业基金管理有限公司,中国银行股份有限公司,债券型,20200324,30001231,0.3%,0.05%
002344,融通增益债券型证券投资基金C类,融通增益债券C,融通基金管理有限公司,中国邮政储蓄银行股份有限公司,债券型,20190513,30001231,0.3%,0.06%
002389,招商安德灵活配置混合型证券投资基金A类,招商安德灵活配置混合A,招商基金管理有限公司,中国银行股份有限公司,混合型,20190219,30001231,1.2%,0.2%
002390,招商安德灵活配置混合型证券投资基金C类,招商安德灵活配置混合C,招商基金管理有限公司,中国银行股份有限公司,混合型,20190219,30001231,1.2%,0.2%
002412,华富安福债券型证券投资基金,华富安福债券,华富基金管理有限公司,中国建设银行股份有限公司,债券型,20190402,30001231,0.7%,0.2%
002415,融通通盈灵活配置混合型证券投资基金,融通通盈灵活配置混合,融通基金管理有限公司,中国建设银行股份有限公司,混合型,20190321,30001231,1.2%,0.2%
002420,汇添富盈鑫灵活配置混合型证券投资基金A类,汇添富盈鑫灵活配置混合A,汇添富基金管理股份有限公司,中国工商银行股份有限公司,混合型,20190319,30001231,1.2%,0.2%
002446,广发利鑫灵活配置混合型证券投资基金A类,广发利鑫灵活配置混合A,广发基金管理有限公司,兴业银行股份有限公司,混合型,20190327,30001231,1.2%,0.2%
002447,博时裕安纯债一年定期开放债券型发起式证券投资基金,博时裕安纯债一年定期开放债券,博时基金管理有限公司,南京银行股份有限公司,债券型,20200508,30001231,0.3%,0.1%
002456,招商安元灵活配置混合型证券投资基金A类,招商安元灵活配置混合A,招商基金管理有限公司,中国银行股份有限公司,混合型,20190302,30001231,1.2%,0.2%
002457,招商安元灵活配置混合型证券投资基金C类,招商安元灵活配置混合C,招商基金管理有限公司,中国银行股份有限公司,混合型,20190302,30001231,1.2%,0.2%
002458,国泰民利策略收益灵活配置混合型证券投资基金,国泰民利策略收益灵活配置混合,国泰基金管理有限公司,中国建设银行股份有限公司,混合型,20190720,30001231,0.9%,0.2%
002489,国泰民福策略价值灵活配置混合型证券投资基金A类,国泰民福策略价值灵活配置混合A,国泰基金管理有限公司,中国银行股份有限公司,混合型,20190330,30001231,0.8%,0.2%
002512,长城久润灵活配置混合型证券投资基金A类,长城久润灵活配置混合A,长城基金管理有限公司,中国农业银行股份有限公司,混合型,20190507,30001231,1.2%,0.2%
002537,平安安盈灵活配置混合型证券投资基金A类,平安安盈灵活配置混合A,平安基金管理有限公司,平安银行股份有限公司,混合型,20190426,30001231,1.2%,0.2%
002542,长城久鼎灵活配置混合型证券投资基金A类,长城久鼎灵活配置混合A,长城基金管理有限公司,中国银行股份有限公司,混合型,20190726,30001231,1.2%,0.2%
002598,平安消费精选混合型证券投资基金A类,平安消费精选混合A,平安基金管理有限公司,中国建设银行股份有限公司,混合型,20191231,30001231,1.2%,0.2%
002599,平安消费精选混合型证券投资基金C类,平安消费精选混合C,平安基金管理有限公司,中国建设银行股份有限公司,混合型,20191231,30001231,1.2%,0.2%
002601,中银证券价值精选灵活配置混合型证券投资基金,中银证券价值精选灵活配置混合,中银国际证券股份有限公司,中国建设银行股份有限公司,混合型,20190510,30001231,1.2%,0.2%
002603,工银瑞信瑞丰半年定期开放纯债债券型发起式证券投资基金,工银瑞信瑞丰半年定期开放纯债债券,工银瑞信基金管理有限公司,中国光大银行股份有限公司,债券型,20201215,30001231,0.3%,0.1%
002612,融通通慧混合型证券投资基金A/B类,融通通慧混合A/B,融通基金管理有限公司,中国建设银行股份有限公司,混合型,20190516,30001231,0.6%,0.1%
002622,广发稳裕混合型证券投资基金A类,广发稳裕混合A,广发基金管理有限公司,中国建设银行股份有限公司,混合型,20190703,30001231,0.6%,0.1%
002659,兴业中债1-3年政策性金融债指数证券投资基金A类,兴业中债1-3年政策性金融债指数A,兴业基金管理有限公司,交通银行股份有限公司,债券型,20190527,30001231,0.15%,0.05%
002690,前海开源恒泽混合型证券投资基金A类,前海开源恒泽混合A,前海开源基金管理有限公司,中国建设银行股份有限公司,混合型,20190720,30001231,0.6%,0.2%
002691,前海开源恒泽混合型证券投资基金C类,前海开源恒泽混合C,前海开源基金管理有限公司,中国建设银行股份有限公司,混合型,20190720,30001231,0.6%,0.2%
002703,长城久源灵活配置混合型证券投资基金A类,长城久源灵活配置混合A,长城基金管理有限公司,平安银行股份有限公司,混合型,20190627,30001231,1.2%,0.2%
002704,德邦锐兴债券型证券投资基金A类,德邦锐兴债券A,德邦基金管理有限公司,中国民生银行股份有限公司,债券型,20200306,30001231,0.3%,0.1%
002705,德邦锐兴债券型证券投资基金C类,德邦锐兴债券C,德邦基金管理有限公司,中国民生银行股份有限公司,债券型,20200306,30001231,0.3%,0.1%
002714,鹏华金城灵活配置混合型证券投资基金,鹏华金城灵活配置混合,鹏华基金管理有限公司,中国银行股份有限公司,混合型,20190607,30001231,0.6%,0.1%
002719,融通增祥三个月定期开放债券型发起式证券投资基金,融通增祥三个月定期开放债券,融通基金管理有限公司,江苏银行股份有限公司,债券型,20190711,20220712,0.4%,0.1%
002756,招商招兴3个月定期开放债券型发起式证券投资基金A类,招商招兴3个月定期开放债券A,招商基金管理有限公司,兴业银行股份有限公司,债券型,20190516,30001231,0.3%,0.1%
002757,招商招兴3个月定期开放债券型发起式证券投资基金C类,招商招兴3个月定期开放债券C,招商基金管理有限公司,兴业银行股份有限公司,债券型,20190516,30001231,0.3%,0.1%
002768,华安安进灵活配置混合型发起式证券投资基金A类,华安安进灵活配置混合A,华安基金管理有限公司,招商银行股份有限公司,混合型,20190115,30001231,0.6%,0.2%
002769,兴业短债债券型证券投资基金C类,兴业短债债券C,兴业基金管理有限公司,中国民生银行股份有限公司,债券型,20190521,30001231,0.25%,0.05%
002904,博时安仁一年定期开放债券型发起式证券投资基金A类,博时安仁一年定期开放债券型A,博时基金管理有限公司,中国民生银行股份有限公司,债券型,20200909,30001231,0.3%,0.1%
002905,博时安仁一年定期开放债券型发起式证券投资基金C类,博时安仁一年定期开放债券型C,博时基金管理有限公司,中国民生银行股份有限公司,债券型,20200909,30001231,0.3%,0.1%
002959,汇添富盈泰灵活配置混合型证券投资基金,汇添富盈泰灵活配置混合,汇添富基金管理股份有限公司,中国银行股份有限公司,混合型,20190813,30001231,1.2%,0.2%
003002,国金及第中短债债券型证券投资基金A类,国金及第中短债债券A,国金基金管理有限公司,中国民生银行股份有限公司,债券型,20191022,30001231,0.2%,0.05%
003009,国联盈泽中短债债券型证券投资基金A类,国联盈泽中短债债券A,国联基金管理有限公司,中国邮政储蓄银行股份有限公司,债券型,20200617,30001231,0.25%,0.1%
003010,国联盈泽中短债债券型证券投资基金C类,国联盈泽中短债债券C,国联基金管理有限公司,中国邮政储蓄银行股份有限公司,债券型,20200617,30001231,0.25%,0.1%
003070,光大保德信创业板量化优选股票型证券投资基金C类,光大保德信创业板量化优选股票C,光大保德信基金管理有限公司,中国建设银行股份有限公司,股票型,20200102,30001231,1.2%,0.2%
003071,国联睿祥纯债债券型证券投资基金A类,国联睿祥纯债债券A,国联基金管理有限公司,中国邮政储蓄银行股份有限公司,债券型,20200219,30001231,0.3%,0.1%
003072,国联睿祥纯债债券型证券投资基金C类,国联睿祥纯债债券C,国联基金管理有限公司,中国邮政储蓄银行股份有限公司,债券型,20200219,30001231,0.3%,0.1%
003123,天治鑫利纯债债券型证券投资基金A类,天治鑫利纯债债券A,天治基金管理有限公司,交通银行股份有限公司,债券型,20190307,30001231,0.3%,0.05%
003124,天治鑫利纯债债券型证券投资基金C类,天治鑫利纯债债券C,天治基金管理有限公司,交通银行股份有限公司,债券型,20190307,30001231,0.3%,0.05%
003126,长信易进混合型证券投资基金A类,长信易进混合A,长信基金管理有限责任公司,中国民生银行股份有限公司,混合型,20191128,30001231,0.6%,0.1%
003127,长信易进混合型证券投资基金C类,长信易进混合C,长信基金管理有限责任公司,中国民生银行股份有限公司,混合型,20191128,30001231,0.6%,0.1%
003163,金鹰添益3个月定期开放债券型证券投资基金,金鹰添益3个月定期开放债券,金鹰基金管理有限公司,交通银行股份有限公司,债券型,20190910,30001231,0.3%,0.1%
003189,汇添富保鑫灵活配置混合型证券投资基金A类,汇添富保鑫灵活配置混合A,汇添富基金管理股份有限公司,上海浦东发展银行股份有限公司,混合型,20191015,30001231,0.6%,0.15%
003205,财通可转债债券型证券投资基金C类,财通可转债债券C,财通基金管理有限公司,中国工商银行股份有限公司,债券型,20201020,30001231,0.8%,0.2%
003239,博时安祺6个月定期开放债券型证券投资基金A类,博时安祺6个月定期开放债券A,博时基金管理有限公司,平安银行股份有限公司,债券型,20190822,30001231,0.3%,0.1%
003240,博时安祺6个月定期开放债券型证券投资基金C类,博时安祺6个月定期开放债券C,博时基金管理有限公司,平安银行股份有限公司,债券型,20190822,30001231,0.3%,0.1%
003275,国联安添利增长债券型证券投资基金A类,国联安添利增长债券A,国联安基金管理有限公司,中国建设银行股份有限公司,债券型,20190430,30001231,0.6%,0.15%
003276,国联安添利增长债券型证券投资基金C类,国联安添利增长债券C,国联安基金管理有限公司,中国建设银行股份有限公司,债券型,20190430,30001231,0.6%,0.15%
003297,招商双债增强债券型证券投资基金(LOF)E类,招商双债增强债券(LOF)E,招商基金管理有限公司,中国农业银行股份有限公司,债券型,20190306,30001231,0.4%,0.1%
003315,景顺长城政策性金融债债券型证券投资基金A类,景顺长城政策性金融债债券A,景顺长城基金管理有限公司,兴业银行股份有限公司,债券型,20190228,30001231,0.3%,0.1%
003403,华商瑞丰短债债券型证券投资基金A类,华商瑞丰短债债券A,华商基金管理有限公司,中国工商银行股份有限公司,债券型,20190524,30001231,0.3%,0.1%
003471,新疆前海联合添鑫3个月定期开放债券型证券投资基金A类,新疆前海联合添鑫3个月定期开放债券A,新疆前海联合基金管理有限公司,浙商银行股份有限公司,债券型,20200326,30001231,0.7%,0.1%
003472,新疆前海联合添鑫3个月定期开放债券型证券投资基金C类,新疆前海联合添鑫3个月定期开放债券C,新疆前海联合基金管理有限公司,浙商银行股份有限公司,债券型,20200326,30001231,0.7%,0.1%
003520,万家1-3年政策性金融债纯债债券型证券投资基金A类,万家1-3年政策性金融债纯债债券A,万家基金管理有限公司,交通银行股份有限公司,债券型,20190325,30001231,0.3%,0.1%
003521,万家1-3年政策性金融债纯债债券型证券投资基金C类,万家1-3年政策性金融债纯债债券C,万家基金管理有限公司,交通银行股份有限公司,债券型,20190325,30001231,0.3%,0.1%
003532,汇添富鑫利定期开放债券型发起式证券投资基金A类,汇添富鑫利定期开放债券A,汇添富基金管理股份有限公司,中国工商银行股份有限公司,债券型,20190116,30001231,0.3%,0.1%
003533,汇添富鑫利定期开放债券型发起式证券投资基金C类,汇添富鑫利定期开放债券C,汇添富基金管理股份有限公司,中国工商银行股份有限公司,债券型,20190116,30001231,0.3%,0.1%
003564,博时安诚3个月定期开放债券型证券投资基金A类,博时安诚3个月定期开放债券A,博时基金管理有限公司,渤海银行股份有限公司,债券型,20190123,30001231,0.3%,0.1%
003565,博时安诚3个月定期开放债券型证券投资基金C类,博时安诚3个月定期开放债券C,博时基金管理有限公司,渤海银行股份有限公司,债券型,20190123,30001231,0.3%,0.1%
003682,博时安弘一年定期开放债券型发起式证券投资基金A类,博时安弘一年定期开放债券型A,博时基金管理有限公司,招商银行股份有限公司,债券型,20191112,30001231,0.3%,0.1%
003683,博时安弘一年定期开放债券型发起式证券投资基金C类,博时安弘一年定期开放债券型C,博时基金管理有限公司,招商银行股份有限公司,债券型,20191112,30001231,0.3%,0.1%
003696,国泰润鑫定期开放债券型发起式证券投资基金,国泰润鑫定期开放债券,国泰基金管理有限公司,江苏银行股份有限公司,债券型,20190312,30001231,0.3%,0.1%
003760,国泰中证500指数增强型证券投资基金A类,国泰中证500指数增强A,国泰基金管理有限公司,宁波银行股份有限公司,股票型,20190517,30001231,1%,0.1%
003761,国泰中证500指数增强型证券投资基金C类,国泰中证500指数增强C,国泰基金管理有限公司,宁波银行股份有限公司,股票型,20190517,30001231,1%,0.1%
003822,中信建投行业轮换混合型证券投资基金A类,中信建投行业轮换混合A,中信建投基金管理有限公司,招商银行股份有限公司,混合型,20190117,30001231,1.2%,0.2%
003823,中信建投行业轮换混合型证券投资基金C类,中信建投行业轮换混合C,中信建投基金管理有限公司,招商银行股份有限公司,混合型,20190117,30001231,1.2%,0.2%
003879,嘉实6个月理财债券型证券投资基金A类,嘉实6个月理财债券型A,嘉实基金管理有限公司,中国银行股份有限公司,债券型,20190905,30001231,0.2%,0.08%
003880,嘉实稳骏纯债债券型证券投资基金,嘉实稳骏纯债债券,嘉实基金管理有限公司,中国银行股份有限公司,债券型,20201209,30001231,0.3%,0.1%
003938,南方荣尊混合型证券投资基金A类,南方荣尊混合A,南方基金管理股份有限公司,中国工商银行股份有限公司,混合型,20200619,30001231,0.6%,0.15%
003939,南方荣尊混合型证券投资基金C类,南方荣尊混合C,南方基金管理股份有限公司,中国工商银行股份有限公司,混合型,20200619,30001231,0.6%,0.15%
003952,兴业嘉瑞6个月定期开放债券型证券投资基金A类,兴业嘉瑞6个月定期开放债券A,兴业基金管理有限公司,中国民生银行股份有限公司,债券型,20190612,30001231,0.3%,0.1%
003953,兴业嘉瑞6个月定期开放债券型证券投资基金C类,兴业嘉瑞6个月定期开放债券C,兴业基金管理有限公司,中国民生银行股份有限公司,债券型,20190612,30001231,0.3%,0.1%
003957,安信量化精选沪深300指数增强型证券投资基金A类,安信量化精选沪深300指数增强A,安信基金管理有限责任公司,中国工商银行股份有限公司,股票型,20190507,30001231,0.8%,0.1%
003958,安信量化精选沪深300指数增强型证券投资基金C类,安信量化精选沪深300指数增强C,安信基金管理有限责任公司,中国工商银行股份有限公司,股票型,20190507,30001231,0.8%,0.1%
003980,中银证券瑞益灵活配置混合型证券投资基金A类,中银证券瑞益灵活配置混合A,中银国际证券股份有限公司,中国建设银行股份有限公司,混合型,20200725,30001231,0.6%,0.1%
003981,中银证券瑞益灵活配置混合型证券投资基金C类,中银证券瑞益灵活配置混合C,中银国际证券股份有限公司,中国建设银行股份有限公司,混合型,20200725,30001231,0.6%,0.1%
004031,鑫元添利三个月定期开放债券型发起式证券投资基金,鑫元添利三个月定期开放债券,鑫元基金管理有限公司,杭州银行股份有限公司,债券型,20190724,30001231,0.3%,0.1%
004117,大成惠祥纯债债券型证券投资基金,大成惠祥纯债债券,大成基金管理有限公司,交通银行股份有限公司,债券型,20190710,30001231,0.3%,0.1%
004122,兴银长益三个月定期开放债券型证券投资基金,兴银长益三个月定期开放债券,兴银基金管理有限责任公司,兴业银行股份有限公司,债券型,20190904,30001231,0.3%,0.1%
004123,兴银长盈三个月定期开放债券型证券投资基金A类,兴银长盈三个月定期开放债券A,兴银基金管理有限责任公司,兴业银行股份有限公司,债券型,20190710,30001231,0.3%,0.1%
004155,中信保诚至泰中短债债券型证券投资基金A类,中信保诚至泰中短债债券A,中信保诚基金管理有限公司,中信银行股份有限公司,债券型,20200207,30001231,0.3%,0.05%
004156,中信保诚至泰中短债债券型证券投资基金C类,中信保诚至泰中短债债券C,中信保诚基金管理有限公司,中信银行股份有限公司,债券型,20200207,30001231,0.3%,0.05%
004189,华商消费行业股票型证券投资基金,华商消费行业股票,华商基金管理有限公司,中国银行股份有限公司,股票型,20190704,30001231,1.2%,0.2%
004218,前海开源裕和混合型证券投资基金A类,前海开源裕和混合A,前海开源基金管理有限公司,招商银行股份有限公司,混合型,20190614,30001231,0.6%,0.2%
004242,兴业稳康三年定期开放债券型证券投资基金,兴业稳康三年定期开放债券,兴业基金管理有限公司,交通银行股份有限公司,债券型,20200110,30001231,0.2%,0.05%
004356,嘉实6个月理财债券型证券投资基金E类,嘉实6个月理财债券型E,嘉实基金管理有限公司,中国银行股份有限公司,债券型,20190905,30001231,0.2%,0.08%
004389,大成惠明纯债债券型证券投资基金,大成惠明纯债债券,大成基金管理有限公司,中国农业银行股份有限公司,债券型,20200320,30001231,0.3%,0.1%
004469,汇添富鑫益定期开放债券型发起式证券投资基金A类,汇添富鑫益定期开放债券型A,汇添富基金管理股份有限公司,中国工商银行股份有限公司,债券型,20191227,30001231,0.4%,0.1%
004470,汇添富鑫益定期开放债券型发起式证券投资基金C类,汇添富鑫益定期开放债券型C,汇添富基金管理股份有限公司,中国工商银行股份有限公司,债券型,20191227,30001231,0.4%,0.1%
004512,海富通沪深300指数增强型证券投资基金C类,海富通沪深300指数增强C,海富通基金管理有限公司,中国银行股份有限公司,股票型,20191009,30001231,0.8%,0.18%
004513,海富通沪深300指数增强型证券投资基金A类,海富通沪深300指数增强A,海富通基金管理有限公司,中国银行股份有限公司,股票型,20191009,30001231,0.8%,0.18%
004557,北信瑞丰鼎丰灵活配置混合型发起式证券投资基金,北信瑞丰鼎丰灵活配置混合,北信瑞丰基金管理有限公司,中国建设银行股份有限公司,混合型,20191113,20221114,1.5%,0.25%
004567,新华安享惠泽39个月定期开放债券型证券投资基金A类,新华安享惠泽39个月定期开放债券A,新华基金管理股份有限公司,中国邮政储蓄银行股份有限公司,债券型,20200312,30001231,0.15%,0.05%
004596,中科沃土沃安中短期利率债债券型证券投资基金A类,中科沃土沃安中短期利率债债券A,中科沃土基金管理有限公司,广州农村商业银行股份有限公司,债券型,20190318,30001231,0.2%,0.08%
004630,平安合信3个月定期开放债券型发起式证券投资基金,平安合信3个月定期开放债券,平安基金管理有限公司,中国光大银行股份有限公司,债券型,20191216,30001231,0.3%,0.1%
004632,平安合意定期开放债券型发起式证券投资基金,平安合意定期开放债券,平安基金管理有限公司,交通银行股份有限公司,债券型,20190124,30001231,0.3%,0.1%
004639,华夏恒慧一年定期开放债券型发起式证券投资基金,华夏恒慧一年定期开放债券,华夏基金管理有限公司,招商银行股份有限公司,债券型,20200417,30001231,0.3%,0.1%
004647,新华鼎利债券型证券投资基金A类,新华鼎利债券A,新华基金管理股份有限公司,中国民生银行股份有限公司,债券型,20190612,30001231,0.3%,0.1%
004672,华夏短债债券型证券投资基金A类,华夏短债债券A,华夏基金管理有限公司,招商银行股份有限公司,债券型,20190108,30001231,0.3%,0.1%
004673,华夏短债债券型证券投资基金C类,华夏短债债券C,华夏基金管理有限公司,招商银行股份有限公司,债券型,20190108,30001231,0.3%,0.1%
004695,东兴未来价值灵活配置混合型证券投资基金A类,东兴未来价值灵活配置混合A,东兴基金管理有限公司,兴业银行股份有限公司,混合型,20190726,30001231,1%,0.1%
004736,富国鼎利纯债三个月定期开放债券型发起式证券投资基金,富国鼎利纯债三个月定期开放债券,富国基金管理有限公司,中国建设银行股份有限公司,债券型,20190709,30001231,0.3%,0.1%
004740,中欧瑞丰灵活配置混合型证券投资基金(LOF)C类,中欧瑞丰灵活配置混合(LOF)C,中欧基金管理有限公司,招商银行股份有限公司,混合型,20200801,30001231,1.2%,0.2%
004788,富荣沪深300指数增强型证券投资基金A类,富荣沪深300指数增强A,富荣基金管理有限公司,招商银行股份有限公司,股票型,20190124,30001231,0.6%,0.1%
004789,富荣沪深300指数增强型证券投资基金C类,富荣沪深300指数增强C,富荣基金管理有限公司,招商银行股份有限公司,股票型,20190124,30001231,0.6%,0.1%
004790,富荣中证500指数增强型证券投资基金A类,富荣中证500指数增强A,富荣基金管理有限公司,招商银行股份有限公司,股票型,20190110,30001231,0.6%,0.1%
004791,富荣中证500指数增强型证券投资基金C类,富荣中证500指数增强C,富荣基金管理有限公司,招商银行股份有限公司,股票型,20190110,30001231,0.6%,0.1%
004827,平安中短债债券型证券投资基金A类,平安中短债债券A,平安基金管理有限公司,中国工商银行股份有限公司,债券型,20190123,30001231,0.3%,0.1%
004828,平安中短债债券型证券投资基金C类,平安中短债债券C,平安基金管理有限公司,中国工商银行股份有限公司,债券型,20190123,30001231,0.3%,0.1%
004839,银华安颐中短债双月持有期债券型证券投资基金A类,银华安颐中短债双月持有期债券A,银华基金管理股份有限公司,中国农业银行股份有限公司,债券型,20201215,30001231,0.3%,0.05%
004891,华润元大成长精选股票型发起式证券投资基金A类,华润元大成长精选股票A,华润元大基金管理有限公司,中国农业银行股份有限公司,股票型,20200318,20230319,1%,0.2%
004892,华润元大成长精选股票型发起式证券投资基金C类,华润元大成长精选股票C,华润元大基金管理有限公司,中国农业银行股份有限公司,股票型,20200318,20230319,1%,0.2%
004897,长安泓源纯债债券型证券投资基金A类,长安泓源纯债债券A,长安基金管理有限公司,中国农业银行股份有限公司,债券型,20190510,30001231,0.3%,0.1%
004898,长安泓源纯债债券型证券投资基金C类,长安泓源纯债债券C,长安基金管理有限公司,中国农业银行股份有限公司,债券型,20190510,30001231,0.3%,0.1%
004907,长安泓沣中短债债券型证券投资基金A类,长安泓沣中短债债券A,长安基金管理有限公司,上海浦东发展银行股份有限公司,债券型,20190510,30001231,0.4%,0.1%
004908,长安泓沣中短债债券型证券投资基金C类,长安泓沣中短债债券C,长安基金管理有限公司,上海浦东发展银行股份有限公司,债券型,20190510,30001231,0.4%,0.1%
004928,华润元大欣享混合型发起式证券投资基金A类,华润元大欣享混合A,华润元大基金管理有限公司,兴业银行股份有限公司,混合型,20200810,20230811,0.6%,0.1%
004929,华润元大欣享混合型发起式证券投资基金C类,华润元大欣享混合C,华润元大基金管理有限公司,兴业银行股份有限公司,混合型,20200810,20230811,0.6%,0.1%
004930,华润元大价值优选混合型发起式证券投资基金A类,华润元大价值优选混合A,华润元大基金管理有限公司,中国工商银行股份有限公司,混合型,20200724,20230725,1.5%,0.25%
004931,华润元大价值优选混合型发起式证券投资基金C类,华润元大价值优选混合C,华润元大基金管理有限公司,中国工商银行股份有限公司,混合型,20200724,20230725,1.5%,0.25%
004954,中银证券中高等级债券型证券投资基金A类,中银证券中高等级债券A,中银国际证券股份有限公司,中国农业银行股份有限公司,债券型,20190125,30001231,0.3%,0.1%
004955,中银证券中高等级债券型证券投资基金C类,中银证券中高等级债券C,中银国际证券股份有限公司,中国农业银行股份有限公司,债券型,20190125,30001231,0.3%,0.1%
004960,平安合泰3个月定期开放债券型发起式证券投资基金,平安合泰3个月定期开放债券,平安基金管理有限公司,中国银行股份有限公司,债券型,20190319,30001231,0.3%,0.1%
004976,华润元大景泰混合型证券投资基金A类,华润元大景泰混合A,华润元大基金管理有限公司,兴业银行股份有限公司,混合型,20191108,20221201,0.6%,0.1%
004977,华润元大景泰混合型证券投资基金C类,华润元大景泰混合C,华润元大基金管理有限公司,兴业银行股份有限公司,混合型,20191108,20221201,0.6%,0.1%
004978,富国聚利纯债三个月定期开放债券型发起式证券投资基金,富国聚利纯债三个月定期开放债券,富国基金管理有限公司,兴业银行股份有限公司,债券型,20190828,30001231,0.3%,0.1%
005029,中银产业精选混合型证券投资基金A类,中银产业精选混合A,中银基金管理有限公司,招商银行股份有限公司,混合型,20190430,20230915,1.2%,0.2%
005047,南华瑞扬纯债债券型证券投资基金A类,南华瑞扬纯债债券A,南华基金管理有限公司,中国银行股份有限公司,债券型,20190117,30001231,0.3%,0.1%
005048,南华瑞扬纯债债券型证券投资基金C类,南华瑞扬纯债债券C,南华基金管理有限公司,中国银行股份有限公司,债券型,20190117,30001231,0.3%,0.1%
005079,兴银鑫日享短债债券型证券投资基金A类,兴银鑫日享短债债券A,兴银基金管理有限责任公司,中国民生银行股份有限公司,债券型,20190906,30001231,0.3%,0.08%
005090,嘉合睿金混合型发起式证券投资基金A类,嘉合睿金混合A,嘉合基金管理有限公司,渤海银行股份有限公司,混合型,20190313,30001231,1.2%,0.1%
005091,嘉合睿金混合型发起式证券投资基金C类,嘉合睿金混合C,嘉合基金管理有限公司,渤海银行股份有限公司,混合型,20190313,30001231,1.2%,0.1%
005099,易方达富华纯债债券型证券投资基金A类,易方达富华纯债债券A,易方达基金管理有限公司,兴业银行股份有限公司,债券型,20201228,30001231,0.3%,0.1%
005102,工银瑞信沪深300交易型开放式指数证券投资基金联接基金A类,工银瑞信沪深300ETF联接A,工银瑞信基金管理有限公司,中国农业银行股份有限公司,股票型,20190821,30001231,0.45%,0.1%
005103,工银瑞信沪深300交易型开放式指数证券投资基金联接基金C类,工银瑞信沪深300ETF联接C,工银瑞信基金管理有限公司,中国农业银行股份有限公司,股票型,20190821,30001231,0.45%,0.1%
005137,长信沪深300指数增强型证券投资基金A类,长信沪深300指数增强A,长信基金管理有限责任公司,招商银行股份有限公司,股票型,20190516,30001231,1%,0.15%
005138,前海开源弘丰债券型发起式证券投资基金A类,前海开源弘丰债券A,前海开源基金管理有限公司,上海浦东发展银行股份有限公司,债券型,20200421,30001231,0.6%,0.1%
005139,前海开源弘丰债券型发起式证券投资基金C类,前海开源弘丰债券C,前海开源基金管理有限公司,上海浦东发展银行股份有限公司,债券型,20200421,30001231,0.6%,0.1%
005177,华夏睿磐泰利混合型证券投资基金A类,华夏睿磐泰利混合A,华夏基金管理有限公司,中国光大银行股份有限公司,混合型,20190227,30001231,0.6%,0.1%
005178,华夏睿磐泰利混合型证券投资基金C类,华夏睿磐泰利混合C,华夏基金管理有限公司,中国光大银行股份有限公司,混合型,20190227,30001231,0.6%,0.1%
005248,新华沪深300指数增强型证券投资基金A类,新华沪深300指数增强A,新华基金管理股份有限公司,中国建设银行股份有限公司,股票型,20191218,30001231,1%,0.15%
005253,国泰货币市场证券投资基金B类,国泰货币B,国泰基金管理有限公司,中国农业银行股份有限公司,货币型,20200529,30001231,0.22%,0.05%
005289,融通通昊三个月定期开放债券型发起式证券投资基金,融通通昊三个月定期开放债券,融通基金管理有限公司,兴业银行股份有限公司,债券型,20191011,30001231,0.3%,0.1%
005301,前海开源弘泽债券型发起式证券投资基金A类,前海开源弘泽债券A,前海开源基金管理有限公司,上海浦东发展银行股份有限公司,债券型,20200901,30001231,0.6%,0.1%
005302,前海开源弘泽债券型发起式证券投资基金C类,前海开源弘泽债券C,前海开源基金管理有限公司,上海浦东发展银行股份有限公司,债券型,20200901,30001231,0.6%,0.1%
005305,长信合利混合型证券投资基金A类,长信合利混合A,长信基金管理有限责任公司,中国工商银行股份有限公司,混合型,20190611,20230803,1%,0.2%
005306,长信合利混合型证券投资基金C类,长信合利混合C,长信基金管理有限责任公司,中国工商银行股份有限公司,混合型,20190611,20230803,1%,0.2%
005307,财通资管鸿达纯债债券型证券投资基金A类,财通资管鸿达纯债债券A,财通证券资产管理有限公司,宁波银行股份有限公司,债券型,20190103,30001231,0.4%,0.07%
005308,财通资管鸿达纯债债券型证券投资基金C类,财通资管鸿达纯债债券C,财通证券资产管理有限公司,宁波银行股份有限公司,债券型,20190103,30001231,0.4%,0.07%
005347,诺德量化优选6个月持有期混合型证券投资基金,诺德量化优选6个月持有期混合,诺德基金管理有限公司,中国光大银行股份有限公司,混合型,20200827,30001231,1.2%,0.2%
005350,诺德短债债券型证券投资基金A类,诺德短债债券A,诺德基金管理有限公司,招商证券股份有限公司,债券型,20190125,30001231,0.3%,0.05%
005368,富国清洁能源产业灵活配置混合型证券投资基金A类,富国清洁能源产业灵活配置混合A,富国基金管理有限公司,招商银行股份有限公司,混合型,20200306,30001231,1.2%,0.2%
005393,南方卓利3个月定期开放债券型发起式证券投资基金,南方卓利3个月定期开放债券,南方基金管理股份有限公司,中国光大银行股份有限公司,债券型,20191120,30001231,0.3%,0.1%
005394,南方卓利3个月定期开放债券型发起式证券投资基金C类,南方卓利3个月定期开放债券C,南方基金管理股份有限公司,中国光大银行股份有限公司,债券型,20191120,20220114,0.3%,0.1%
005412,金信民长灵活配置混合型证券投资基金A类,金信民长灵活配置混合A,金信基金管理有限公司,中信建投证券股份有限公司,混合型,20200521,30001231,1%,0.1%
005413,金信民长灵活配置混合型证券投资基金C类,金信民长灵活配置混合C,金信基金管理有限公司,中信建投证券股份有限公司,混合型,20200521,30001231,1%,0.1%
005425,民生加银睿通3个月定期开放债券型发起式证券投资基金,民生加银睿通3个月定期开放债券,民生加银基金管理有限公司,交通银行股份有限公司,债券型,20190130,30001231,0.3%,0.1%
005426,光大保德信尊丰纯债定期开放债券型发起式证券投资基金,光大保德信尊丰纯债定期开放债券,光大保德信基金管理有限公司,中国光大银行股份有限公司,债券型,20190801,30001231,0.4%,0.1%
005432,上银聚鸿益三个月定期开放债券型发起式证券投资基金,上银聚鸿益三个月定期开放债券,上银基金管理有限公司,兴业银行股份有限公司,债券型,20190902,30001231,0.3%,0.1%
005433,申万菱信医药先锋股票型证券投资基金A类,申万菱信医药先锋股票A,申万菱信基金管理有限公司,中国农业银行股份有限公司,股票型,20201116,30001231,1.2%,0.2%
005465,华泰紫金智惠定期开放债券型证券投资基金A类,华泰紫金智惠定期开放债券A,华泰证券(上海)资产管理有限公司,中国建设银行股份有限公司,债券型,20190415,30001231,0.3%,0.1%
005466,华泰紫金智惠定期开放债券型证券投资基金C类,华泰紫金智惠定期开放债券C,华泰证券(上海)资产管理有限公司,中国建设银行股份有限公司,债券型,20190415,30001231,0.3%,0.1%
005491,兴全合宜灵活配置混合型证券投资基金(LOF)C类,兴全合宜灵活配置混合(LOF)C,兴证全球基金管理有限公司,招商银行股份有限公司,混合型,20200213,30001231,1.2%,0.2%
005497,鑫元永利债券型证券投资基金,鑫元永利债券,鑫元基金管理有限公司,江苏银行股份有限公司,债券型,20190509,30001231,0.3%,0.1%
005503,汇添富理财60天债券型证券投资基金E类,汇添富理财60天债券型E,汇添富基金管理股份有限公司,中国建设银行股份有限公司,债券型,20190418,30001231,0.27%,0.08%
005505,前海开源中药研究精选股票型发起式证券投资基金A类,前海开源中药研究精选股票A,前海开源基金管理有限公司,平安银行股份有限公司,股票型,20191210,30001231,1.2%,0.2%
005506,前海开源中药研究精选股票型发起式证券投资基金C类,前海开源中药研究精选股票C,前海开源基金管理有限公司,平安银行股份有限公司,股票型,20191210,30001231,1.2%,0.2%
005513,南华瑞恒中短债债券型证券投资基金A类,南华瑞恒中短债债券A,南华基金管理有限公司,中国银行股份有限公司,债券型,20190129,30001231,0.3%,0.1%
005514,南华瑞恒中短债债券型证券投资基金C类,南华瑞恒中短债债券C,南华基金管理有限公司,中国银行股份有限公司,债券型,20190129,30001231,0.3%,0.1%
005530,汇添富沪深300指数增强型证券投资基金A类,汇添富沪深300指数增强A,汇添富基金管理股份有限公司,中国建设银行股份有限公司,股票型,20201103,30001231,0.8%,0.2%
005601,汇安中短债债券型证券投资基金A类,汇安中短债债券A,汇安基金管理有限责任公司,中国农业银行股份有限公司,债券型,20190917,30001231,0.3%,0.1%
005602,汇安中短债债券型证券投资基金C类,汇安中短债债券C,汇安基金管理有限责任公司,中国农业银行股份有限公司,债券型,20190917,30001231,0.3%,0.1%
005634,汇安行业龙头混合型证券投资基金,汇安行业龙头混合,汇安基金管理有限责任公司,招商银行股份有限公司,混合型,20190828,30001231,1.2%,0.2%
005680,财通资管价值成长混合型证券投资基金A类,财通资管价值成长混合A,财通证券资产管理有限公司,中国工商银行股份有限公司,混合型,20190325,30001231,1.2%,0.2%
005718,长信富瑞两年定期开放债券型证券投资基金A类,长信富瑞两年定期开放债券A,长信基金管理有限责任公司,招商银行股份有限公司,债券型,20190904,30001231,0.15%,0.05%
005761,招商MSCI中国A股国际通交易型开放式指数证券投资基金联接基金A类,招商MSCI中国A股国际通ETF联接A,招商基金管理有限公司,中国银行股份有限公司,股票型,20201123,30001231,0.5%,0.1%
005762,招商MSCI中国A股国际通交易型开放式指数证券投资基金联接基金C类,招商MSCI中国A股国际通ETF联接C,招商基金管理有限公司,中国银行股份有限公司,股票型,20201123,30001231,0.5%,0.1%
005816,国泰农惠定期开放债券型证券投资基金,国泰农惠定期开放债券,国泰基金管理有限公司,中国农业银行股份有限公司,债券型,20190320,30001231,0.4%,0.2%
005831,鹏华尊悦3个月定期开放债券型发起式证券投资基金,鹏华尊悦3个月定期开放债券,鹏华基金管理有限公司,兴业银行股份有限公司,债券型,20191017,30001231,0.3%,0.1%
005836,创金合信泰盈双季红6个月定期开放债券型证券投资基金A类,创金合信泰盈双季红6个月定期开放债券A,创金合信基金管理有限公司,宁波银行股份有限公司,债券型,20191016,30001231,0.4%,0.1%
005837,创金合信泰盈双季红6个月定期开放债券型证券投资基金C类,创金合信泰盈双季红6个月定期开放债券C,创金合信基金管理有限公司,宁波银行股份有限公司,债券型,20191016,30001231,0.4%,0.1%
005838,创金合信中债1-3年政策性金融债指数证券投资基金A类,创金合信中债1-3年政策性金融债指数A,创金合信基金管理有限公司,招商银行股份有限公司,债券型,20200521,30001231,0.15%,0.05%
005839,创金合信中债1-3年政策性金融债指数证券投资基金C类,创金合信中债1-3年政策性金融债指数C,创金合信基金管理有限公司,招商银行股份有限公司,债券型,20200521,30001231,0.15%,0.05%
005843,金元顺安沣泉债券型证券投资基金A类,金元顺安沣泉债券A,金元顺安基金管理有限公司,招商银行股份有限公司,债券型,20190610,30001231,0.3%,0.1%
005850,财通沪深300指数增强型证券投资基金,财通沪深300指数增强,财通基金管理有限公司,中国光大银行股份有限公司,股票型,20190130,30001231,1.2%,0.2%
005855,中科沃土沃瑞灵活配置混合型发起式证券投资基金A类,中科沃土沃瑞灵活配置混合A,中科沃土基金管理有限公司,交通银行股份有限公司,混合型,20190114,30001231,1.2%,0.2%
005856,中科沃土沃瑞灵活配置混合型发起式证券投资基金C类,中科沃土沃瑞灵活配置混合C,中科沃土基金管理有限公司,交通银行股份有限公司,混合型,20190114,30001231,1.2%,0.2%
005882,财通资管鸿达纯债债券型证券投资基金E类,财通资管鸿达纯债债券E,财通证券资产管理有限公司,宁波银行股份有限公司,债券型,20190103,30001231,0.4%,0.07%
005890,先锋博盈纯债债券型证券投资基金A类,先锋博盈纯债债券A,先锋基金管理有限公司,交通银行股份有限公司,债券型,20190814,30001231,0.7%,0.1%
005891,先锋博盈纯债债券型证券投资基金C类,先锋博盈纯债债券C,先锋基金管理有限公司,交通银行股份有限公司,债券型,20190814,30001231,0.7%,0.1%
005914,景顺长城智能生活混合型证券投资基金,景顺长城智能生活混合,景顺长城基金管理有限公司,中国农业银行股份有限公司,混合型,20190131,30001231,1.2%,0.2%
005918,天弘沪深300交易型开放式指数证券投资基金联接基金C类,天弘沪深300ETF联接C,天弘基金管理有限公司,招商证券股份有限公司,股票型,20191209,30001231,0.5%,0.1%
005919,天弘中证500交易型开放式指数证券投资基金联接基金C类,天弘中证500ETF联接C,天弘基金管理有限公司,国泰君安证券股份有限公司,股票型,20200808,30001231,0.5%,0.1%
005925,建信福泽裕泰混合型基金中基金(FOF)A类,建信福泽裕泰混合(FOF)A,建信基金管理有限责任公司,中信银行股份有限公司,混合型,20190605,30001231,1.2%,0.1%
005926,建信福泽裕泰混合型基金中基金(FOF)C类,建信福泽裕泰混合(FOF)C,建信基金管理有限责任公司,中信银行股份有限公司,混合型,20190605,30001231,1.2%,0.1%
005970,国泰消费优选股票型证券投资基金,国泰消费优选股票,国泰基金管理有限公司,中国银行股份有限公司,股票型,20190117,30001231,1.2%,0.2%
005979,南方合顺多资产配置混合型基金中基金(FOF)A类,南方合顺多资产配置混合(FOF)A,南方基金管理股份有限公司,中国建设银行股份有限公司,混合型,20190117,30001231,1%,0.2%
005980,南方合顺多资产配置混合型基金中基金(FOF)C类,南方合顺多资产配置混合(FOF)C,南方基金管理股份有限公司,中国建设银行股份有限公司,混合型,20190117,30001231,1%,0.2%
005984,兴业聚华混合型证券投资基金A类,兴业聚华混合A,兴业基金管理有限公司,招商银行股份有限公司,混合型,20200320,30001231,1%,0.2%
005985,兴业聚华混合型证券投资基金C类,兴业聚华混合C,兴业基金管理有限公司,招商银行股份有限公司,混合型,20200320,30001231,1%,0.2%
005988,兴业纯债6个月定期开放债券型证券投资基金A类,兴业纯债6个月定期开放债券A,兴业基金管理有限公司,中国民生银行股份有限公司,债券型,20200219,30001231,0.3%,0.1%
005989,兴业纯债6个月定期开放债券型证券投资基金C类,兴业纯债6个月定期开放债券C,兴业基金管理有限公司,中国民生银行股份有限公司,债券型,20200219,30001231,0.3%,0.1%
005991,长信利丰债券型证券投资基金A类,长信利丰债券A,长信基金管理有限责任公司,中国农业银行股份有限公司,债券型,20191119,30001231,0.7%,0.2%
006005,诺安鼎利混合型证券投资基金A类,诺安鼎利混合A,诺安基金管理有限公司,中国工商银行股份有限公司,混合型,20190328,30001231,1%,0.2%
006006,诺安鼎利混合型证券投资基金C类,诺安鼎利混合C,诺安基金管理有限公司,中国工商银行股份有限公司,混合型,20190328,30001231,1%,0.2%
006013,易方达鑫转招利混合型证券投资基金A类,易方达鑫转招利混合A,易方达基金管理有限公司,招商银行股份有限公司,混合型,20190129,30001231,0.9%,0.2%
006014,易方达鑫转招利混合型证券投资基金C类,易方达鑫转招利混合C,易方达基金管理有限公司,招商银行股份有限公司,混合型,20190129,30001231,0.9%,0.2%
006023,宝盈聚丰两年定期开放债券型证券投资基金A类,宝盈聚丰两年定期开放债券A,宝盈基金管理有限公司,招商银行股份有限公司,债券型,20190927,30001231,0.15%,0.05%
006024,宝盈聚丰两年定期开放债券型证券投资基金C类,宝盈聚丰两年定期开放债券C,宝盈基金管理有限公司,招商银行股份有限公司,债券型,20190927,30001231,0.15%,0.05%
006032,创金合信汇泽纯债三个月定期开放债券型证券投资基金A类,创金合信汇泽纯债三个月定期开放债券A,创金合信基金管理有限公司,中国银行股份有限公司,债券型,20190912,30001231,0.3%,0.1%
006045,长城久瑞三个月定期开放债券型发起式证券投资基金,长城久瑞三个月定期开放债券,长城基金管理有限公司,中国光大银行股份有限公司,债券型,20190828,30001231,0.3%,0.1%
006051,鹏扬核心价值灵活配置混合型证券投资基金A类,鹏扬核心价值灵活配置混合A,鹏扬基金管理有限公司,招商银行股份有限公司,混合型,20190129,30001231,1.2%,0.2%
006052,鹏扬核心价值灵活配置混合型证券投资基金C类,鹏扬核心价值灵活配置混合C,鹏扬基金管理有限公司,招商银行股份有限公司,混合型,20190129,30001231,1.2%,0.2%
006097,平安高等级债债券型证券投资基金A类,平安高等级债债券A,平安基金管理有限公司,中国银行股份有限公司,债券型,20190529,30001231,0.3%,0.1%
006105,宏利印度机会股票型证券投资基金(QDII),宏利印度机会股票(QDII),宏利基金管理有限公司,中国农业银行股份有限公司,其他型,20190130,30001231,1.8%,0.3%
006106,景顺长城量化港股通股票型证券投资基金A类,景顺长城量化港股通股票A,景顺长城基金管理有限公司,中国工商银行股份有限公司,股票型,20190619,30001231,1.2%,0.2%
006121,华安双核驱动混合型证券投资基金A类,华安双核驱动混合A,华安基金管理有限公司,中国银行股份有限公司,混合型,20190308,30001231,1.2%,0.2%
006122,华安低碳生活混合型证券投资基金A类,华安低碳生活混合A,华安基金管理有限公司,中国建设银行股份有限公司,混合型,20190312,30001231,1.2%,0.2%
006123,国联高股息精选混合型证券投资基金A类,国联高股息精选混合A,国联基金管理有限公司,中国工商银行股份有限公司,混合型,20190926,30001231,1.2%,0.2%
006124,国联高股息精选混合型证券投资基金C类,国联高股息精选混合C,国联基金管理有限公司,中国工商银行股份有限公司,混合型,20190926,30001231,1.2%,0.2%
006129,华安中证500行业中性低波动交易型开放式指数证券投资基金联接基金A类,华安中证500行业中性低波动ETF联接A,华安基金管理有限公司,中国建设银行股份有限公司,股票型,20190115,20221203,0.5%,0.1%
006130,华安中证500行业中性低波动交易型开放式指数证券投资基金联接基金C类,华安中证500行业中性低波动ETF联接C,华安基金管理有限公司,中国建设银行股份有限公司,股票型,20190115,20221203,0.5%,0.1%
006143,恒生前海中证质量成长低波动指数证券投资基金A类,恒生前海中证质量成长低波动指数A,恒生前海基金管理有限公司,中国建设银行股份有限公司,股票型,20190605,20221124,0.6%,0.15%
006144,恒生前海中证质量成长低波动指数证券投资基金C类,恒生前海中证质量成长低波动指数C,恒生前海基金管理有限公司,中国建设银行股份有限公司,股票型,20190605,20221124,0.6%,0.15%
006147,宝盈融源可转债债券型证券投资基金A类,宝盈融源可转债债券A,宝盈基金管理有限公司,中国银行股份有限公司,债券型,20190904,30001231,0.7%,0.2%
006148,宝盈融源可转债债券型证券投资基金C类,宝盈融源可转债债券C,宝盈基金管理有限公司,中国银行股份有限公司,债券型,20190904,30001231,0.7%,0.2%
006152,国联安增鑫纯债债券型证券投资基金A类,国联安增鑫纯债债券A,国联安基金管理有限公司,交通银行股份有限公司,债券型,20190103,30001231,0.3%,0.1%
006153,国联安增鑫纯债债券型证券投资基金C类,国联安增鑫纯债债券C,国联安基金管理有限公司,交通银行股份有限公司,债券型,20190103,30001231,0.3%,0.1%
006167,德邦乐享生活混合型证券投资基金A类,德邦乐享生活混合A,德邦基金管理有限公司,交通银行股份有限公司,混合型,20190313,30001231,1.2%,0.2%
006168,德邦乐享生活混合型证券投资基金C类,德邦乐享生活混合C,德邦基金管理有限公司,交通银行股份有限公司,混合型,20190313,30001231,1.2%,0.2%
006179,富国品质生活混合型证券投资基金A类,富国品质生活混合A,富国基金管理有限公司,中国工商银行股份有限公司,混合型,20190320,30001231,1.2%,0.2%
006198,长盛龙头双核驱动混合型证券投资基金,长盛龙头双核驱动混合,长盛基金管理有限公司,中国银行股份有限公司,混合型,20191104,20220319,1.5%,0.25%
006199,长盛同锦研究精选混合型证券投资基金,长盛同锦研究精选混合,长盛基金管理有限公司,中国工商银行股份有限公司,混合型,20190328,20220609,1.5%,0.25%
006202,交银施罗德核心资产混合型证券投资基金,交银施罗德核心资产混合,交银施罗德基金管理有限公司,中国农业银行股份有限公司,混合型,20190118,30001231,1.2%,0.2%
006207,泰康裕泰债券型证券投资基金A类,泰康裕泰债券A,泰康基金管理有限公司,招商银行股份有限公司,债券型,20190314,30001231,0.6%,0.1%
006208,泰康裕泰债券型证券投资基金C类,泰康裕泰债券C,泰康基金管理有限公司,招商银行股份有限公司,债券型,20190314,30001231,0.6%,0.1%
006218,富国生物医药科技混合型证券投资基金A类,富国生物医药科技混合A,富国基金管理有限公司,中国建设银行股份有限公司,混合型,20190312,30001231,1.2%,0.2%
006227,华宝科技先锋混合型证券投资基金A类,华宝科技先锋混合A,华宝基金管理有限公司,中国银行股份有限公司,混合型,20190213,30001231,1.2%,0.2%
006228,中欧医疗创新股票型证券投资基金A类,中欧医疗创新股票A,中欧基金管理有限公司,中国工商银行股份有限公司,股票型,20190228,30001231,1.2%,0.2%
006229,中欧医疗创新股票型证券投资基金C类,中欧医疗创新股票C,中欧基金管理有限公司,中国工商银行股份有限公司,股票型,20190228,30001231,1.2%,0.2%
006233,万家汽车新趋势混合型证券投资基金A类,万家汽车新趋势混合A,万家基金管理有限公司,中国工商银行股份有限公司,混合型,20191023,30001231,1.2%,0.2%
006234,万家汽车新趋势混合型证券投资基金C类,万家汽车新趋势混合C,万家基金管理有限公司,中国工商银行股份有限公司,混合型,20191023,30001231,1.2%,0.2%
006235,东方城镇消费主题混合型证券投资基金,东方城镇消费主题混合,东方基金管理股份有限公司,中国建设银行股份有限公司,混合型,20190527,30001231,1.2%,0.2%
006242,宝盈盈润纯债债券型证券投资基金,宝盈盈润纯债债券,宝盈基金管理有限公司,中国光大银行股份有限公司,债券型,20190816,30001231,0.3%,0.1%
006245,嘉实养老目标日期2030三年持有期混合型基金中基金(FOF)A类,嘉实养老目标日期2030三年持有期混合(FOF)A,嘉实基金管理有限公司,中国农业银行股份有限公司,混合型,20190805,30001231,0.8%,0.15%
006250,摩根动力精选混合型证券投资基金A类,摩根动力精选混合A,摩根基金管理(中国)有限公司,中国银行股份有限公司,混合型,20190129,30001231,1.5%,0.25%
006251,银华兴盛股票型证券投资基金,银华兴盛股票,银华基金管理股份有限公司,中国民生银行股份有限公司,股票型,20190801,30001231,1.2%,0.2%
006254,长城久悦债券型证券投资基金A类,长城久悦债券A,长城基金管理有限公司,中国银行股份有限公司,债券型,20190212,30001231,0.7%,0.2%
006257,信澳先进智造股票型证券投资基金,信澳先进智造股票,信达澳亚基金管理有限公司,中国建设银行股份有限公司,股票型,20190117,30001231,1.5%,0.25%
006259,汇添富红利增长混合型证券投资基金A类,汇添富红利增长混合A,汇添富基金管理股份有限公司,中国工商银行股份有限公司,混合型,20190426,30001231,1.2%,0.2%
006260,汇添富红利增长混合型证券投资基金C类,汇添富红利增长混合C,汇添富基金管理股份有限公司,中国工商银行股份有限公司,混合型,20190426,30001231,1.2%,0.2%
006266,永赢智能领先混合型证券投资基金A类,永赢智能领先混合A,永赢基金管理有限公司,交通银行股份有限公司,混合型,20190326,30001231,1.2%,0.2%
006269,永赢智能领先混合型证券投资基金C类,永赢智能领先混合C,永赢基金管理有限公司,交通银行股份有限公司,混合型,20190326,30001231,1.2%,0.2%
006270,汇安核心成长混合型证券投资基金A类,汇安核心成长混合A,汇安基金管理有限责任公司,中国银行股份有限公司,混合型,20190125,30001231,1.2%,0.2%
006271,汇安核心成长混合型证券投资基金C类,汇安核心成长混合C,汇安基金管理有限责任公司,中国银行股份有限公司,混合型,20190125,30001231,1.2%,0.2%
006281,万家人工智能混合型证券投资基金A类,万家人工智能混合A,万家基金管理有限公司,中国建设银行股份有限公司,混合型,20190125,30001231,1.2%,0.2%
006284,浙商兴永纯债三个月定期开放债券型发起式证券投资基金,浙商兴永纯债三个月定期开放债券,浙商基金管理有限公司,兴业银行股份有限公司,债券型,20190424,30001231,0.3%,0.1%
006285,鹏华全球中短债债券型证券投资基金(QDII)(美元现汇)A类,鹏华全球中短债债券(QDII)(美元现汇)A,鹏华基金管理有限公司,中国建设银行股份有限公司,其他型,20200108,30001231,0.9%,0.2%
006307,嘉实养老目标日期2040五年持有期混合型发起式基金中基金(FOF)A类,嘉实养老目标日期2040五年持有期混合(FOF)A,嘉实基金管理有限公司,中国银行股份有限公司,混合型,20190306,30001231,0.8%,0.15%
006314,国联策略优选混合型证券投资基金A类,国联策略优选混合A,国联基金管理有限公司,中国银行股份有限公司,混合型,20190508,30001231,1.2%,0.2%
006315,国联策略优选混合型证券投资基金C类,国联策略优选混合C,国联基金管理有限公司,中国银行股份有限公司,混合型,20190508,30001231,1.2%,0.2%
006316,平安惠诚纯债债券型证券投资基金,平安惠诚纯债债券,平安基金管理有限公司,浙商银行股份有限公司,债券型,20190131,30001231,0.3%,0.1%
006327,易方达中证海外中国互联网50交易型开放式指数证券投资基金联接基金A类,易方达中证海外中国互联网50ETF联接(QDII)A,易方达基金管理有限公司,招商银行股份有限公司,其他型,20190118,30001231,0.6%,0.25%
006328,易方达中证海外中国互联网50交易型开放式指数证券投资基金联接基金C类,易方达中证海外中国互联网50ETF联接(QDII)C,易方达基金管理有限公司,招商银行股份有限公司,其他型,20190118,30001231,0.6%,0.25%
006329,易方达中证海外中国互联网50交易型开放式指数证券投资基金联接基金(美元现汇)A类,易方达中证海外中国互联网50ETF联接(QDII)(美元现汇)A,易方达基金管理有限公司,招商银行股份有限公司,其他型,20190118,30001231,0.6%,0.25%
006330,易方达中证海外中国互联网50交易型开放式指数证券投资基金联接基金(美元现汇)C类,易方达中证海外中国互联网50ETF联接(QDII)(美元现汇)C,易方达基金管理有限公司,招商银行股份有限公司,其他型,20190118,30001231,0.6%,0.25%
006336,泓德量化精选混合型证券投资基金,泓德量化精选混合,泓德基金管理有限公司,中国工商银行股份有限公司,混合型,20190906,30001231,1.2%,0.2%
006339,银华MSCI中国A股交易型开放式指数证券投资基金发起式联接基金A类,银华MSCI中国A股ETF联接A,银华基金管理股份有限公司,中国工商银行股份有限公司,股票型,20190605,20220617,0.5%,0.1%
006345,景顺长城集英成长两年定期开放混合型证券投资基金,景顺长城集英成长两年定期开放混合,景顺长城基金管理有限公司,中国工商银行股份有限公司,混合型,20190416,30001231,1.2%,0.2%
006349,中金MSCI中国A股国际价值指数发起式证券投资基金A类,中金MSCI中国A股国际价值指数A,中金基金管理有限公司,招商银行股份有限公司,股票型,20190125,20220126,0.7%,0.15%
006350,中金MSCI中国A股国际价值指数发起式证券投资基金C类,中金MSCI中国A股国际价值指数C,中金基金管理有限公司,招商银行股份有限公司,股票型,20190125,20220126,0.7%,0.15%
006351,中金MSCI中国A股国际红利指数发起式证券投资基金A类,中金MSCI中国A股国际红利指数A,中金基金管理有限公司,招商银行股份有限公司,股票型,20190125,20220126,0.7%,0.15%
006352,中金MSCI中国A股国际红利指数发起式证券投资基金C类,中金MSCI中国A股国际红利指数C,中金基金管理有限公司,招商银行股份有限公司,股票型,20190125,20220126,0.7%,0.15%
006354,国泰民裕进取灵活配置混合型证券投资基金,国泰民裕进取灵活配置混合,国泰基金管理有限公司,中国民生银行股份有限公司,混合型,20200929,30001231,1.2%,0.2%
006364,招商丰韵混合型证券投资基金A类,招商丰韵混合A,招商基金管理有限公司,中国工商银行股份有限公司,混合型,20190319,30001231,1.2%,0.2%
006365,招商丰韵混合型证券投资基金C类,招商丰韵混合C,招商基金管理有限公司,中国工商银行股份有限公司,混合型,20190319,30001231,1.2%,0.2%
006370,富兰克林国海大中华精选混合型证券投资基金(QDII)(美元现汇),富兰克林国海大中华精选混合(QDII)(美元现汇),国海富兰克林基金管理有限公司,中国农业银行股份有限公司,其他型,20190415,30001231,1.5%,0.27%
006371,长安鑫盈灵活配置混合型证券投资基金A类,长安鑫盈灵活配置混合A,长安基金管理有限公司,中国工商银行股份有限公司,混合型,20190718,30001231,1.2%,0.2%
006372,长安鑫盈灵活配置混合型证券投资基金C类,长安鑫盈灵活配置混合C,长安基金管理有限公司,中国工商银行股份有限公司,混合型,20190718,30001231,1.2%,0.2%
006378,广发汇宏6个月定期开放债券型发起式证券投资基金,广发汇宏6个月定期开放债券,广发基金管理有限公司,招商银行股份有限公司,债券型,20190514,30001231,0.3%,0.1%
006383,招商添盈纯债债券型证券投资基金A类,招商添盈纯债债券A,招商基金管理有限公司,中国银行股份有限公司,债券型,20190107,30001231,0.6%,0.2%
006384,招商添盈纯债债券型证券投资基金C类,招商添盈纯债债券C,招商基金管理有限公司,中国银行股份有限公司,债券型,20190107,30001231,0.6%,0.2%
006392,中信保诚创新成长灵活配置混合型证券投资基金A类,中信保诚创新成长灵活配置混合A,中信保诚基金管理有限公司,中国建设银行股份有限公司,混合型,20190130,30001231,1.2%,0.2%
006396,长信双利优选混合型证券投资基金E类,长信双利优选混合E,长信基金管理有限责任公司,中国农业银行股份有限公司,混合型,20190904,30001231,1.2%,0.2%
006398,宝盈祥颐定期开放混合型证券投资基金A类,宝盈祥颐定期开放混合A,宝盈基金管理有限公司,中国银行股份有限公司,混合型,20190320,30001231,1%,0.2%
006399,宝盈祥颐定期开放混合型证券投资基金C类,宝盈祥颐定期开放混合C,宝盈基金管理有限公司,中国银行股份有限公司,混合型,20190320,30001231,1%,0.2%
006401,先锋量化优选灵活配置混合型证券投资基金A类,先锋量化优选灵活配置混合A,先锋基金管理有限公司,中国农业银行股份有限公司,混合型,20190515,30001231,1.2%,0.15%
006402,先锋量化优选灵活配置混合型证券投资基金C类,先锋量化优选灵活配置混合C,先锋基金管理有限公司,中国农业银行股份有限公司,混合型,20190515,30001231,1.2%,0.15%
006429,诺安恒鑫混合型证券投资基金,诺安恒鑫混合,诺安基金管理有限公司,招商银行股份有限公司,混合型,20190430,30001231,1.2%,0.2%
006431,汇安鼎利纯债债券型证券投资基金A类,汇安鼎利纯债债券A,汇安基金管理有限责任公司,中国工商银行股份有限公司,债券型,20190320,30001231,0.3%,0.1%
006432,汇安鼎利纯债债券型证券投资基金C类,汇安鼎利纯债债券C,汇安基金管理有限责任公司,中国工商银行股份有限公司,债券型,20190320,30001231,0.3%,0.1%
006435,景顺长城创新成长混合型证券投资基金,景顺长城创新成长混合,景顺长城基金管理有限公司,中国工商银行股份有限公司,混合型,20191017,30001231,1.2%,0.2%
006440,中信建投中证500指数增强型证券投资基金A类,中信建投中证500指数增强A,中信建投基金管理有限公司,中信证券股份有限公司,股票型,20200509,30001231,0.75%,0.1%
006441,中信建投中证500指数增强型证券投资基金C类,中信建投中证500指数增强C,中信建投基金管理有限公司,中信证券股份有限公司,股票型,20200509,30001231,0.75%,0.1%
006449,浙商汇金量化精选灵活配置混合型证券投资基金,浙商汇金量化精选灵活配置混合,浙江浙商证券资产管理有限公司,中国农业银行股份有限公司,混合型,20190325,30001231,1.2%,0.2%
006451,华富中证5年恒定久期国开债指数型证券投资基金A类,华富中证5年恒定久期国开债指数A,华富基金管理有限公司,上海浦东发展银行股份有限公司,债券型,20190128,30001231,0.25%,0.05%
006452,华富中证5年恒定久期国开债指数型证券投资基金C类,华富中证5年恒定久期国开债指数C,华富基金管理有限公司,上海浦东发展银行股份有限公司,债券型,20190128,30001231,0.25%,0.05%
006466,浦银安盛双债增强债券型证券投资基金A类,浦银安盛双债增强债券A,浦银安盛基金管理有限公司,招商银行股份有限公司,债券型,20190521,30001231,0.75%,0.15%
006467,浦银安盛双债增强债券型证券投资基金C类,浦银安盛双债增强债券C,浦银安盛基金管理有限公司,招商银行股份有限公司,债券型,20190521,30001231,0.75%,0.15%
006468,嘉实稳联纯债债券型证券投资基金,嘉实稳联纯债债券,嘉实基金管理有限公司,中国工商银行股份有限公司,债券型,20190530,30001231,0.3%,0.05%
006477,中邮沪港深精选混合型证券投资基金,中邮沪港深精选混合,中邮创业基金管理股份有限公司,招商银行股份有限公司,混合型,20190328,30001231,1.2%,0.2%
006481,海富通上海清算所中高等级短期融资券指数证券投资基金A类,海富通上海清算所中高等级短期融资券指数A,海富通基金管理有限公司,杭州银行股份有限公司,债券型,20190118,30001231,0.25%,0.05%
006489,招商添裕纯债债券型证券投资基金A类,招商添裕纯债债券A,招商基金管理有限公司,交通银行股份有限公司,债券型,20190213,30001231,0.3%,0.1%
006490,招商添裕纯债债券型证券投资基金C类,招商添裕纯债债券C,招商基金管理有限公司,交通银行股份有限公司,债券型,20190213,30001231,0.3%,0.1%
006498,中科沃土沃盛纯债债券型证券投资基金A类,中科沃土沃盛纯债债券A,中科沃土基金管理有限公司,中国工商银行股份有限公司,债券型,20191212,20220616,0.4%,0.1%
006499,中科沃土沃盛纯债债券型证券投资基金C类,中科沃土沃盛纯债债券C,中科沃土基金管理有限公司,中国工商银行股份有限公司,债券型,20191212,20220616,0.4%,0.1%
006500,建信润利增强债券型证券投资基金A类,建信润利增强债券A,建信基金管理有限责任公司,交通银行股份有限公司,债券型,20190326,30001231,0.7%,0.2%
006501,建信润利增强债券型证券投资基金C类,建信润利增强债券C,建信基金管理有限责任公司,交通银行股份有限公司,债券型,20190326,30001231,0.7%,0.2%
006509,国联安增盈纯债债券型证券投资基金A类,国联安增盈纯债债券A,国联安基金管理有限公司,江苏银行股份有限公司,债券型,20190508,30001231,0.3%,0.1%
006510,国联安增盈纯债债券型证券投资基金C类,国联安增盈纯债债券C,国联安基金管理有限公司,江苏银行股份有限公司,债券型,20190508,30001231,0.3%,0.1%
006522,财通新兴蓝筹混合型证券投资基金A类,财通新兴蓝筹混合A,财通基金管理有限公司,中国工商银行股份有限公司,混合型,20190228,30001231,1.2%,0.2%
006523,财通新兴蓝筹混合型证券投资基金C类,财通新兴蓝筹混合C,财通基金管理有限公司,中国工商银行股份有限公司,混合型,20190228,30001231,1.2%,0.2%
006526,鹏华优选回报灵活配置混合型证券投资基金A类,鹏华优选回报灵活配置混合A,鹏华基金管理有限公司,中国工商银行股份有限公司,混合型,20190115,30001231,1.2%,0.2%
006527,富国优质发展混合型证券投资基金A类,富国优质发展混合A,富国基金管理有限公司,中国民生银行股份有限公司,混合型,20190125,30001231,1.2%,0.2%
006528,富国优质发展混合型证券投资基金C类,富国优质发展混合C,富国基金管理有限公司,中国民生银行股份有限公司,混合型,20190125,30001231,1.2%,0.2%
006529,中欧匠心两年持有期混合型证券投资基金A类,中欧匠心两年持有期混合A,中欧基金管理有限公司,中国工商银行股份有限公司,混合型,20190611,30001231,1.2%,0.2%
006530,中欧匠心两年持有期混合型证券投资基金C类,中欧匠心两年持有期混合C,中欧基金管理有限公司,中国工商银行股份有限公司,混合型,20190611,30001231,1.2%,0.2%
006533,易方达科融混合型证券投资基金,易方达科融混合,易方达基金管理有限公司,交通银行股份有限公司,混合型,20190326,30001231,1.2%,0.2%
006534,农银汇理永盛定期开放混合型证券投资基金,农银汇理永盛定期开放混合,农银汇理基金管理有限公司,中国银行股份有限公司,混合型,20190312,20220415,1.2%,0.25%
006535,恒生前海恒锦裕利混合型证券投资基金A类,恒生前海恒锦裕利混合A,恒生前海基金管理有限公司,中国农业银行股份有限公司,混合型,20190320,30001231,0.4%,0.05%
006536,恒生前海恒锦裕利混合型证券投资基金C类,恒生前海恒锦裕利混合C,恒生前海基金管理有限公司,中国农业银行股份有限公司,混合型,20190320,30001231,0.4%,0.05%
006537,恒生前海港股通精选混合型证券投资基金,恒生前海港股通精选混合,恒生前海基金管理有限公司,上海浦东发展银行股份有限公司,混合型,20190918,30001231,1.5%,0.25%
006544,平安惠聚纯债债券型证券投资基金,平安惠聚纯债债券,平安基金管理有限公司,上海银行股份有限公司,债券型,20190122,30001231,0.3%,0.1%
006549,国金惠盈纯债债券型证券投资基金A类,国金惠盈纯债债券A,国金基金管理有限公司,宁波银行股份有限公司,债券型,20190403,30001231,0.3%,0.1%
006555,浦银安盛全球智能科技股票型证券投资基金(QDII)A类,浦银安盛全球智能科技股票(QDII)A,浦银安盛基金管理有限公司,招商银行股份有限公司,其他型,20190129,30001231,1.8%,0.35%
006556,海富通研究精选混合型证券投资基金C类,海富通研究精选混合C,海富通基金管理有限公司,中国工商银行股份有限公司,混合型,20190129,30001231,1.2%,0.2%
006557,海富通研究精选混合型证券投资基金A类,海富通研究精选混合A,海富通基金管理有限公司,中国工商银行股份有限公司,混合型,20190129,30001231,1.2%,0.2%
006560,华夏中证四川国企改革交易型开放式指数证券投资基金发起式联接基金A类,华夏中证四川国企改革ETF发起式联接A,华夏基金管理有限公司,中国建设银行股份有限公司,股票型,20200407,20221103,0.5%,0.05%
006561,华夏中证四川国企改革交易型开放式指数证券投资基金发起式联接基金C类,华夏中证四川国企改革ETF发起式联接C,华夏基金管理有限公司,中国建设银行股份有限公司,股票型,20200407,20221103,0.5%,0.05%
006564,圆信永丰精选回报混合型证券投资基金,圆信永丰精选回报混合,圆信永丰基金管理有限公司,兴业银行股份有限公司,混合型,20190515,30001231,1.2%,0.2%
006565,光大保德信尊泰三年定期开放债券型证券投资基金,光大保德信尊泰三年定期开放债券,光大保德信基金管理有限公司,中国光大银行股份有限公司,债券型,20191205,30001231,0.15%,0.05%
006573,人保行业轮动混合型证券投资基金A类,人保行业轮动混合A,中国人保资产管理有限公司,中国银行股份有限公司,混合型,20190424,30001231,1.2%,0.2%
006574,人保行业轮动混合型证券投资基金C类,人保行业轮动混合C,中国人保资产管理有限公司,中国银行股份有限公司,混合型,20190424,30001231,1.2%,0.2%
006575,华安养老目标日期2030三年持有期混合型发起式基金中基金(FOF)A类,华安养老目标日期2030三年持有期混合(FOF)A,华安基金管理有限公司,中国建设银行股份有限公司,混合型,20190426,30001231,0.9%,0.2%
006580,兴全安泰平衡养老目标三年持有期混合型基金中基金(FOF)A类,兴全安泰平衡养老目标三年持有期混合(FOF)A,兴证全球基金管理有限公司,招商银行股份有限公司,混合型,20190125,30001231,0.5%,0.15%
006581,建信优享稳健养老目标一年持有期混合型基金中基金(FOF)A类,建信优享稳健养老目标一年持有期混合(FOF)A,建信基金管理有限责任公司,中国农业银行股份有限公司,混合型,20190131,30001231,0.6%,0.15%
006593,博道中证500指数增强型证券投资基金A类,博道中证500指数增强A,博道基金管理有限公司,招商银行股份有限公司,股票型,20190103,30001231,0.75%,0.1%
006594,博道中证500指数增强型证券投资基金C类,博道中证500指数增强C,博道基金管理有限公司,招商银行股份有限公司,股票型,20190103,30001231,0.75%,0.1%
006595,广发港股通优质增长混合型证券投资基金A类,广发港股通优质增长混合A,广发基金管理有限公司,上海浦东发展银行股份有限公司,混合型,20190506,30001231,1.2%,0.2%
006600,人保沪深300指数型证券投资基金,人保沪深300指数,中国人保资产管理有限公司,交通银行股份有限公司,股票型,20190228,30001231,0.45%,0.1%
006601,国融融泰灵活配置混合型证券投资基金A类,国融融泰灵活配置混合A,国融基金管理有限公司,江苏银行股份有限公司,混合型,20190130,30001231,0.6%,0.2%
006602,国融融泰灵活配置混合型证券投资基金C类,国融融泰灵活配置混合C,国融基金管理有限公司,江苏银行股份有限公司,混合型,20190130,30001231,0.6%,0.2%
006603,嘉实互融精选股票型证券投资基金,嘉实互融精选股票,嘉实基金管理有限公司,中国工商银行股份有限公司,股票型,20190228,30001231,1.2%,0.2%
006604,嘉实消费精选股票型证券投资基金A类,嘉实消费精选股票A,嘉实基金管理有限公司,中国银行股份有限公司,股票型,20190403,30001231,1.2%,0.2%
006605,嘉实消费精选股票型证券投资基金C类,嘉实消费精选股票C,嘉实基金管理有限公司,中国银行股份有限公司,股票型,20190403,30001231,1.2%,0.2%
006608,泓德研究优选混合型证券投资基金,泓德研究优选混合,泓德基金管理有限公司,中国工商银行股份有限公司,混合型,20190527,30001231,1.2%,0.2%
006609,申万菱信安泰瑞利中短债债券型证券投资基金A类,申万菱信安泰瑞利中短债债券A,申万菱信基金管理有限公司,中国工商银行股份有限公司,债券型,20190904,30001231,0.3%,0.1%
006610,银华远见混合型发起式证券投资基金,银华远见混合,银华基金管理股份有限公司,中国建设银行股份有限公司,混合型,20190228,20220315,1.5%,0.25%
006614,嘉实恒生港股通新经济指数证券投资基金(LOF)C类,嘉实恒生港股通新经济指数(LOF)C,嘉实基金管理有限公司,中国银行股份有限公司,股票型,20190114,30001231,0.75%,0.15%
006615,工银瑞信战略新兴产业混合型证券投资基金A类,工银瑞信战略新兴产业混合A,工银瑞信基金管理有限公司,中国银行股份有限公司,混合型,20190424,30001231,1.2%,0.2%
006616,工银瑞信战略新兴产业混合型证券投资基金C类,工银瑞信战略新兴产业混合C,工银瑞信基金管理有限公司,中国银行股份有限公司,混合型,20190424,30001231,1.2%,0.2%
006617,工银瑞信瑞泽定期开放债券型证券投资基金,工银瑞信瑞泽定期开放债券,工银瑞信基金管理有限公司,江苏银行股份有限公司,债券型,20190718,30001231,0.3%,0.1%
006620,华夏养老目标日期2045三年持有期混合型基金中基金(FOF)A类,华夏养老目标日期2045三年持有期混合(FOF)A,华夏基金管理有限公司,中国农业银行股份有限公司,混合型,20190409,30001231,0.9%,0.2%
006621,华夏养老目标日期2045三年持有期混合型基金中基金(FOF)C类,华夏养老目标日期2045三年持有期混合(FOF)C,华夏基金管理有限公司,中国农业银行股份有限公司,混合型,20190409,30001231,0.9%,0.2%
006622,华夏养老目标日期2035三年持有期混合型发起式基金中基金(FOF)A类,华夏养老目标日期2035三年持有期混合(FOF)A,华夏基金管理有限公司,招商银行股份有限公司,混合型,20190424,30001231,0.6%,0.2%
006623,华夏养老目标日期2035三年持有期混合型发起式基金中基金(FOF)C类,华夏养老目标日期2035三年持有期混合(FOF)C,华夏基金管理有限公司,招商银行股份有限公司,混合型,20190424,30001231,0.6%,0.2%
006624,中泰玉衡价值优选灵活配置混合型证券投资基金A类,中泰玉衡价值优选灵活配置混合A,中泰证券(上海)资产管理有限公司,招商银行股份有限公司,混合型,20190320,30001231,1.2%,0.2%
006626,山西证券超短债债券型证券投资基金A类,山西证券超短债债券A,山西证券股份有限公司,交通银行股份有限公司,债券型,20190121,30001231,0.3%,0.1%
006627,山西证券超短债债券型证券投资基金C类,山西证券超短债债券C,山西证券股份有限公司,交通银行股份有限公司,债券型,20190121,30001231,0.3%,0.1%
006631,鑫元臻利债券型证券投资基金A类,鑫元臻利债券A,鑫元基金管理有限公司,中国光大银行股份有限公司,债券型,20190125,30001231,0.3%,0.1%
006632,鑫元臻利债券型证券投资基金C类,鑫元臻利债券C,鑫元基金管理有限公司,中国光大银行股份有限公司,债券型,20190125,30001231,0.3%,0.1%
006636,华富恒欣纯债债券型证券投资基金A类,华富恒欣纯债债券A,华富基金管理有限公司,中国光大银行股份有限公司,债券型,20190506,30001231,0.3%,0.1%
006637,华富恒欣纯债债券型证券投资基金C类,华富恒欣纯债债券C,华富基金管理有限公司,中国光大银行股份有限公司,债券型,20190506,30001231,0.3%,0.1%
006640,中金新元6个月定期开放债券型证券投资基金A类,中金新元6个月定期开放债券A,中金基金管理有限公司,浙商银行股份有限公司,债券型,20190604,30001231,0.3%,0.1%
006641,中金新元6个月定期开放债券型证券投资基金C类,中金新元6个月定期开放债券C,中金基金管理有限公司,浙商银行股份有限公司,债券型,20190604,30001231,0.3%,0.1%
006644,弘毅远方消费升级混合型发起式证券投资基金A类,弘毅远方消费升级混合A,弘毅远方基金管理有限公司,广发证券股份有限公司,混合型,20190130,30001231,1.2%,0.2%
006648,汇安多因子混合型证券投资基金A类,汇安多因子混合A,汇安基金管理有限责任公司,中国光大银行股份有限公司,混合型,20190430,30001231,1.2%,0.2%
006649,汇安多因子混合型证券投资基金C类,汇安多因子混合C,汇安基金管理有限责任公司,中国光大银行股份有限公司,混合型,20190430,30001231,1.2%,0.2%
006650,招商安庆债券型证券投资基金,招商安庆债券,招商基金管理有限公司,中国建设银行股份有限公司,债券型,20190131,30001231,0.8%,0.2%
006654,华泰紫金季季享定期开放债券型发起式证券投资基金A类,华泰紫金季季享定期开放债券A,华泰证券(上海)资产管理有限公司,招商银行股份有限公司,债券型,20190117,30001231,0.6%,0.1%
006655,华泰紫金季季享定期开放债券型发起式证券投资基金C类,华泰紫金季季享定期开放债券C,华泰证券(上海)资产管理有限公司,招商银行股份有限公司,债券型,20190117,30001231,0.6%,0.1%
006656,方正富邦中证500交易型开放式指数证券投资基金联接基金A类,方正富邦中证500ETF联接A,方正富邦基金管理有限公司,中国建设银行股份有限公司,股票型,20190326,30001231,0.5%,0.1%
006657,方正富邦中证500交易型开放式指数证券投资基金联接基金C类,方正富邦中证500ETF联接C,方正富邦基金管理有限公司,中国建设银行股份有限公司,股票型,20190326,30001231,0.5%,0.1%
006658,财通中证香港红利等权投资指数型证券投资基金A类,财通中证香港红利等权投资指数A,财通基金管理有限公司,中国农业银行股份有限公司,股票型,20190426,20231010,1%,0.15%
006659,财通中证香港红利等权投资指数型证券投资基金C类,财通中证香港红利等权投资指数C,财通基金管理有限公司,中国农业银行股份有限公司,股票型,20190426,20231010,1%,0.15%
006665,华夏鼎康债券型证券投资基金A类,华夏鼎康债券A,华夏基金管理有限公司,兴业银行股份有限公司,债券型,20190124,30001231,0.3%,0.1%
006666,华夏鼎康债券型证券投资基金C类,华夏鼎康债券C,华夏基金管理有限公司,兴业银行股份有限公司,债券型,20190124,30001231,0.3%,0.1%
006667,南华瑞元定期开放债券型发起式证券投资基金,南华瑞元定期开放债券,南华基金管理有限公司,浙商银行股份有限公司,债券型,20190411,30001231,0.3%,0.1%
006670,广发景秀纯债债券型证券投资基金,广发景秀纯债债券,广发基金管理有限公司,中国光大银行股份有限公司,债券型,20190321,30001231,0.3%,0.1%
006671,广发消费升级股票型证券投资基金,广发消费升级股票,广发基金管理有限公司,中国建设银行股份有限公司,股票型,20190527,30001231,1.2%,0.2%
006672,广发招财短债债券型证券投资基金A类,广发招财短债债券A,广发基金管理有限公司,招商银行股份有限公司,债券型,20190118,30001231,0.3%,0.1%
006673,广发招财短债债券型证券投资基金C类,广发招财短债债券C,广发基金管理有限公司,招商银行股份有限公司,债券型,20190118,30001231,0.3%,0.1%
006675,宝盈品牌消费股票型证券投资基金A类,宝盈品牌消费股票A,宝盈基金管理有限公司,中国工商银行股份有限公司,股票型,20190606,30001231,1.2%,0.2%
006676,宝盈品牌消费股票型证券投资基金C类,宝盈品牌消费股票C,宝盈基金管理有限公司,中国工商银行股份有限公司,股票型,20190606,30001231,1.2%,0.2%
006679,广发道琼斯美国石油开发与生产指数证券投资基金(QDII-LOF)(美元现汇)A类,广发道琼斯美国石油指数(美元现汇)(QDII-LOF)A,广发基金管理有限公司,中国银行股份有限公司,其他型,20190128,30001231,1%,0.3%
006680,广发道琼斯美国石油开发与生产指数证券投资基金(QDII-LOF)(美元现汇)C类,广发道琼斯美国石油指数(美元现汇)(QDII-LOF)C,广发基金管理有限公司,中国银行股份有限公司,其他型,20190128,30001231,1%,0.3%
006682,景顺长城中证500指数增强型证券投资基金A类,景顺长城中证500指数增强A,景顺长城基金管理有限公司,中国银行股份有限公司,股票型,20190325,30001231,1.2%,0.2%
006687,方正富邦深证100交易型开放式指数证券投资基金联接基金A类,方正富邦深证100ETF联接A,方正富邦基金管理有限公司,中国建设银行股份有限公司,股票型,20190124,30001231,0.5%,0.1%
006688,方正富邦深证100交易型开放式指数证券投资基金联接基金C类,方正富邦深证100ETF联接C,方正富邦基金管理有限公司,中国建设银行股份有限公司,股票型,20190124,30001231,0.5%,0.1%
006689,方正富邦信泓灵活配置混合型证券投资基金A类,方正富邦信泓灵活配置混合A,方正富邦基金管理有限公司,中国建设银行股份有限公司,混合型,20190726,30001231,0.8%,0.2%
006692,金信消费升级股票型发起式证券投资基金A类,金信消费升级股票A,金信基金管理有限公司,中国工商银行股份有限公司,股票型,20190131,30001231,1.5%,0.25%
006693,金信消费升级股票型发起式证券投资基金C类,金信消费升级股票C,金信基金管理有限公司,中国工商银行股份有限公司,股票型,20190131,30001231,1.5%,0.25%
006698,红土创新沪深300指数增强型发起式证券投资基金A类,红土创新沪深300指数增强A,红土创新基金管理有限公司,招商银行股份有限公司,股票型,20190225,20220228,0.8%,0.15%
006699,红土创新沪深300指数增强型发起式证券投资基金C类,红土创新沪深300指数增强C,红土创新基金管理有限公司,招商银行股份有限公司,股票型,20190225,20220228,0.8%,0.15%
006700,红土创新稳健混合型证券投资基金A类,红土创新稳健混合A,红土创新基金管理有限公司,中国工商银行股份有限公司,混合型,20190313,30001231,1%,0.25%
006701,红土创新稳健混合型证券投资基金C类,红土创新稳健混合C,红土创新基金管理有限公司,中国工商银行股份有限公司,混合型,20190313,30001231,1%,0.25%
006704,易方达MSCI中国A股国际通交易型开放式指数证券投资基金发起式联接基金A类,易方达MSCI中国A股国际通ETF联接A,易方达基金管理有限公司,中国银行股份有限公司,股票型,20190313,30001231,0.15%,0.05%
006705,易方达MSCI中国A股国际通交易型开放式指数证券投资基金发起式联接基金C类,易方达MSCI中国A股国际通ETF联接C,易方达基金管理有限公司,中国银行股份有限公司,股票型,20190313,30001231,0.15%,0.05%
006706,国联聚汇3个月定期开放债券型发起式证券投资基金,国联聚汇3个月定期开放债券,国联基金管理有限公司,交通银行股份有限公司,债券型,20190821,30001231,0.3%,0.1%
006712,前海开源MSCI中国A股消费指数型证券投资基金A类,前海开源MSCI中国A股消费指数A,前海开源基金管理有限公司,中国建设银行股份有限公司,股票型,20190117,30001231,0.5%,0.1%
006713,前海开源MSCI中国A股消费指数型证券投资基金C类,前海开源MSCI中国A股消费指数C,前海开源基金管理有限公司,中国建设银行股份有限公司,股票型,20190117,30001231,0.5%,0.1%
006714,博时富源纯债债券型证券投资基金A类,博时富源纯债债券A,博时基金管理有限公司,中国光大银行股份有限公司,债券型,20190304,30001231,0.3%,0.1%
006715,东方永泰纯债1年定期开放债券型证券投资基金A类,东方永泰纯债1年定期开放债券A,东方基金管理股份有限公司,中国农业银行股份有限公司,债券型,20190118,30001231,0.3%,0.1%
006716,东方永泰纯债1年定期开放债券型证券投资基金C类,东方永泰纯债1年定期开放债券C,东方基金管理股份有限公司,中国农业银行股份有限公司,债券型,20190118,30001231,0.3%,0.1%
006718,国融融盛龙头严选混合型证券投资基金A类,国融融盛龙头严选混合A,国融基金管理有限公司,广发证券股份有限公司,混合型,20190529,30001231,1.2%,0.2%
006719,国融融盛龙头严选混合型证券投资基金C类,国融融盛龙头严选混合C,国融基金管理有限公司,广发证券股份有限公司,混合型,20190529,30001231,1.2%,0.2%
006720,平安核心优势混合型证券投资基金A类,平安核心优势混合A,平安基金管理有限公司,中国工商银行股份有限公司,混合型,20190129,30001231,1.2%,0.2%
006721,平安核心优势混合型证券投资基金C类,平安核心优势混合C,平安基金管理有限公司,中国工商银行股份有限公司,混合型,20190129,30001231,1.2%,0.2%
006724,工银瑞信深证红利交易型开放式指数证券投资基金联接基金C类,工银深证红利ETF联接C,工银瑞信基金管理有限公司,中国农业银行股份有限公司,股票型,20190522,30001231,0.5%,0.1%
006729,万家中证500指数增强型发起式证券投资基金A类,万家中证500指数增强A,万家基金管理有限公司,中国工商银行股份有限公司,股票型,20190523,30001231,1%,0.2%
006730,万家中证500指数增强型发起式证券投资基金C类,万家中证500指数增强C,万家基金管理有限公司,中国工商银行股份有限公司,股票型,20190523,30001231,1%,0.2%
006734,国金惠鑫短债债券型证券投资基金A类,国金惠鑫短债债券A,国金基金管理有限公司,交通银行股份有限公司,债券型,20190328,30001231,0.3%,0.1%
006735,国金惠鑫短债债券型证券投资基金C类,国金惠鑫短债债券C,国金基金管理有限公司,交通银行股份有限公司,债券型,20190328,30001231,0.3%,0.1%
006736,国投瑞银先进制造混合型证券投资基金,国投瑞银先进制造混合,国投瑞银基金管理有限公司,中国建设银行股份有限公司,混合型,20190125,30001231,1.2%,0.2%
006737,诺安恒惠债券型证券投资基金,诺安恒惠债券,诺安基金管理有限公司,交通银行股份有限公司,债券型,20190523,20220225,0.3%,0.1%
006738,工银瑞信添慧债券型证券投资基金A类,工银瑞信添慧债券A,工银瑞信基金管理有限公司,上海浦东发展银行股份有限公司,债券型,20190611,30001231,0.6%,0.1%
006739,工银瑞信添慧债券型证券投资基金C类,工银瑞信添慧债券C,工银瑞信基金管理有限公司,上海浦东发展银行股份有限公司,债券型,20190611,30001231,0.6%,0.1%
006740,工银瑞信尊利中短债债券型证券投资基金A类,工银瑞信尊利中短债债券A,工银瑞信基金管理有限公司,中国邮政储蓄银行股份有限公司,债券型,20190430,30001231,0.3%,0.1%
006741,工银瑞信尊利中短债债券型证券投资基金C类,工银瑞信尊利中短债债券C,工银瑞信基金管理有限公司,中国邮政储蓄银行股份有限公司,债券型,20190430,30001231,0.3%,0.1%
006742,南方臻元债券型证券投资基金,南方臻元债券,南方基金管理股份有限公司,南京银行股份有限公司,债券型,20190226,30001231,0.3%,0.1%
006743,国联央视财经50交易型开放式指数证券投资基金联接基金A类,国联央视财经50ETF联接A,国联基金管理有限公司,中国银行股份有限公司,股票型,20190320,30001231,0.5%,0.1%
006744,国联央视财经50交易型开放式指数证券投资基金联接基金C类,国联央视财经50ETF联接C,国联基金管理有限公司,中国银行股份有限公司,股票型,20190320,30001231,0.5%,0.1%
006745,交银施罗德中债1-3年农发行债券指数证券投资基金A类,交银施罗德中债1-3年农发行债券指数A,交银施罗德基金管理有限公司,中国光大银行股份有限公司,债券型,20190123,30001231,0.15%,0.05%
006746,交银施罗德中债1-3年农发行债券指数证券投资基金C类,交银施罗德中债1-3年农发行债券指数C,交银施罗德基金管理有限公司,中国光大银行股份有限公司,债券型,20190123,30001231,0.15%,0.05%
006750,富国德利纯债三个月定期开放债券型发起式证券投资基金,富国德利纯债三个月定期开放债券,富国基金管理有限公司,中国民生银行股份有限公司,债券型,20190307,30001231,0.3%,0.1%
006751,富国互联科技股票型证券投资基金A类,富国互联科技股票A,富国基金管理有限公司,中国农业银行股份有限公司,股票型,20190326,30001231,1.2%,0.2%
006752,天弘港股通精选灵活配置混合型发起式证券投资基金A类,天弘港股通精选灵活配置混合A,天弘基金管理有限公司,招商证券股份有限公司,混合型,20190429,30001231,1.2%,0.2%
006753,天弘港股通精选灵活配置混合型发起式证券投资基金C类,天弘港股通精选灵活配置混合C,天弘基金管理有限公司,招商证券股份有限公司,混合型,20190429,30001231,1.2%,0.2%
006754,鑫元悦利定期开放债券型发起式证券投资基金,鑫元悦利定期开放债券,鑫元基金管理有限公司,杭州银行股份有限公司,债券型,20190430,30001231,0.3%,0.1%
006756,国泰中证生物医药交易型开放式指数证券投资基金联接基金A类,国泰中证生物医药ETF联接A,国泰基金管理有限公司,中国银行股份有限公司,股票型,20190416,30001231,0.5%,0.1%
006757,国泰中证生物医药交易型开放式指数证券投资基金联接基金C类,国泰中证生物医药ETF联接C,国泰基金管理有限公司,中国银行股份有限公司,股票型,20190416,30001231,0.5%,0.1%
006759,银河乐活优萃混合型证券投资基金A类,银河乐活优萃混合A,银河基金管理有限公司,中国工商银行股份有限公司,混合型,20190612,30001231,1.2%,0.2%
006760,国金惠盈纯债债券型证券投资基金C类,国金惠盈纯债债券C,国金基金管理有限公司,宁波银行股份有限公司,债券型,20190403,30001231,0.3%,0.1%
006764,景顺长城景泰鑫利纯债债券型证券投资基金A类,景顺长城景泰鑫利纯债债券A,景顺长城基金管理有限公司,交通银行股份有限公司,债券型,20190121,30001231,0.3%,0.1%
006768,华安沪港深优选混合型证券投资基金,华安沪港深优选混合,华安基金管理有限公司,中国农业银行股份有限公司,混合型,20190325,30001231,1.2%,0.2%
006769,长城研究精选混合型证券投资基金A类,长城研究精选混合A,长城基金管理有限公司,招商银行股份有限公司,混合型,20190814,30001231,1.2%,0.2%
006771,永赢合益债券型证券投资基金,永赢合益债券,永赢基金管理有限公司,上海浦东发展银行股份有限公司,债券型,20190307,30001231,0.3%,0.1%
006773,国寿安保尊荣中短债债券型证券投资基金A类,国寿安保尊荣中短债债券A,国寿安保基金管理有限公司,中国民生银行股份有限公司,债券型,20190125,30001231,0.3%,0.1%
006774,国寿安保尊荣中短债债券型证券投资基金C类,国寿安保尊荣中短债债券C,国寿安保基金管理有限公司,中国民生银行股份有限公司,债券型,20190125,30001231,0.3%,0.1%
006775,前海开源优质成长混合型证券投资基金,前海开源优质成长混合,前海开源基金管理有限公司,中国工商银行股份有限公司,混合型,20190409,30001231,1.2%,0.2%
006776,华夏鼎略债券型证券投资基金A类,华夏鼎略债券A,华夏基金管理有限公司,交通银行股份有限公司,债券型,20190125,30001231,0.3%,0.1%
006777,华夏鼎略债券型证券投资基金C类,华夏鼎略债券C,华夏基金管理有限公司,交通银行股份有限公司,债券型,20190125,30001231,0.3%,0.1%
006778,广发恒生中国企业精明指数型发起式证券投资基金(QDII)A类,广发恒生中国企业精明指数(QDII)A,广发基金管理有限公司,中国农业银行股份有限公司,其他型,20190307,20220308,0.5%,0.1%
006779,广发恒生中国企业精明指数型发起式证券投资基金(QDII)C类,广发恒生中国企业精明指数(QDII)C,广发基金管理有限公司,中国农业银行股份有限公司,其他型,20190307,20220308,0.5%,0.1%
006780,广发稳健策略混合型证券投资基金,广发稳健策略混合,广发基金管理有限公司,中国农业银行股份有限公司,混合型,20190307,30001231,1.2%,0.2%
006781,汇丰晋信港股通精选股票型证券投资基金,汇丰晋信港股通精选股票,汇丰晋信基金管理有限公司,交通银行股份有限公司,股票型,20190320,30001231,1.5%,0.25%
006782,国泰信利三个月定期开放债券型发起式证券投资基金,国泰信利三个月定期开放债券,国泰基金管理有限公司,中信银行股份有限公司,债券型,20190325,30001231,0.3%,0.1%
006783,红土创新中证500指数增强型发起式证券投资基金A类,红土创新中证500指数增强A,红土创新基金管理有限公司,招商银行股份有限公司,股票型,20190225,20230703,0.8%,0.15%
006784,红土创新中证500指数增强型发起式证券投资基金C类,红土创新中证500指数增强C,红土创新基金管理有限公司,招商银行股份有限公司,股票型,20190225,20230703,0.8%,0.15%
006785,东方量化多策略混合型证券投资基金A类,东方量化多策略混合A,东方基金管理股份有限公司,中国农业银行股份有限公司,混合型,20190222,30001231,0.8%,0.15%
006786,泰康中证港股通大消费主题指数型发起式证券投资基金A类,泰康中证港股通大消费主题指数A,泰康基金管理有限公司,中国工商银行股份有限公司,股票型,20190409,30001231,0.5%,0.1%
006787,泰康中证港股通大消费主题指数型发起式证券投资基金C类,泰康中证港股通大消费主题指数C,泰康基金管理有限公司,中国工商银行股份有限公司,股票型,20190409,30001231,0.5%,0.1%
006789,中信保诚景丰债券型证券投资基金A类,中信保诚景丰债券A,中信保诚基金管理有限公司,徽商银行股份有限公司,债券型,20190115,30001231,0.3%,0.1%
006790,中信保诚景丰债券型证券投资基金C类,中信保诚景丰债券C,中信保诚基金管理有限公司,徽商银行股份有限公司,债券型,20190115,30001231,0.3%,0.1%
006791,建信睿兴纯债债券型证券投资基金,建信睿兴纯债债券,建信基金管理有限责任公司,兴业银行股份有限公司,债券型,20190426,30001231,0.3%,0.1%
006792,鹏华香港美国互联网股票型证券投资基金(LOF)(美元现汇),鹏华香港美国互联网股票(QDII-LOF)(美元现汇),鹏华基金管理有限公司,中国工商银行股份有限公司,其他型,20190415,30001231,1.5%,0.3%
006793,交银施罗德稳鑫短债债券型证券投资基金A类,交银施罗德稳鑫短债债券A,交银施罗德基金管理有限公司,招商银行股份有限公司,债券型,20190124,30001231,0.3%,0.1%
006794,交银施罗德稳鑫短债债券型证券投资基金C类,交银施罗德稳鑫短债债券C,交银施罗德基金管理有限公司,招商银行股份有限公司,债券型,20190124,30001231,0.3%,0.1%
006795,国泰裕祥三个月定期开放债券型发起式证券投资基金,国泰裕祥三个月定期开放债券,国泰基金管理有限公司,江苏银行股份有限公司,债券型,20190902,30001231,0.3%,0.1%
006796,富国消费升级混合型证券投资基金A类,富国消费升级混合A,富国基金管理有限公司,中国银行股份有限公司,混合型,20190220,30001231,1.2%,0.2%
006797,嘉实中短债债券型证券投资基金A类,嘉实中短债债券A,嘉实基金管理有限公司,招商银行股份有限公司,债券型,20190124,30001231,0.3%,0.1%
006798,嘉实中短债债券型证券投资基金C类,嘉实中短债债券C,嘉实基金管理有限公司,招商银行股份有限公司,债券型,20190124,30001231,0.3%,0.1%
006799,财通资管鸿运中短债债券型证券投资基金A类,财通资管鸿运中短债债券A,财通证券资产管理有限公司,中国工商银行股份有限公司,债券型,20190121,30001231,0.3%,0.08%
006800,财通资管鸿运中短债债券型证券投资基金C类,财通资管鸿运中短债债券C,财通证券资产管理有限公司,中国工商银行股份有限公司,债券型,20190121,30001231,0.3%,0.08%
006801,新疆前海联合科技先锋混合型证券投资基金A类,新疆前海联合科技先锋混合A,新疆前海联合基金管理有限公司,上海浦东发展银行股份有限公司,混合型,20190814,30001231,1.5%,0.25%
006802,新疆前海联合科技先锋混合型证券投资基金C类,新疆前海联合科技先锋混合C,新疆前海联合基金管理有限公司,上海浦东发展银行股份有限公司,混合型,20190814,30001231,1.5%,0.25%
006803,嘉实互通精选股票型证券投资基金,嘉实互通精选股票,嘉实基金管理有限公司,中国农业银行股份有限公司,股票型,20190220,30001231,1.2%,0.2%
006804,富国短债债券型证券投资基金A类,富国短债债券A,富国基金管理有限公司,中国工商银行股份有限公司,债券型,20190118,30001231,0.3%,0.05%
006805,富国短债债券型证券投资基金C类,富国短债债券C,富国基金管理有限公司,中国工商银行股份有限公司,债券型,20190118,30001231,0.3%,0.05%
006806,西部利得添盈短债债券型证券投资基金A类,西部利得添盈短债债券A,西部利得基金管理有限公司,平安银行股份有限公司,债券型,20190604,30001231,0.3%,0.1%
006807,西部利得添盈短债债券型证券投资基金C类,西部利得添盈短债债券C,西部利得基金管理有限公司,平安银行股份有限公司,债券型,20190604,30001231,0.3%,0.1%
006808,西部利得添盈短债债券型证券投资基金E类,西部利得添盈短债债券E,西部利得基金管理有限公司,平安银行股份有限公司,债券型,20190604,30001231,0.3%,0.1%
006809,泰康港股通中证香港银行投资指数型发起式证券投资基金A类,泰康港股通中证香港银行投资指数A,泰康基金管理有限公司,中国工商银行股份有限公司,股票型,20190416,30001231,0.5%,0.1%
006810,泰康港股通中证香港银行投资指数型发起式证券投资基金C类,泰康港股通中证香港银行投资指数C,泰康基金管理有限公司,中国工商银行股份有限公司,股票型,20190416,30001231,0.5%,0.1%
006811,大成景盈债券型证券投资基金A类,大成景盈债券A,大成基金管理有限公司,中国民生银行股份有限公司,债券型,20190624,30001231,0.3%,0.1%
006812,大成惠福纯债债券型证券投资基金,大成惠福纯债债券,大成基金管理有限公司,中国工商银行股份有限公司,债券型,20190718,30001231,0.3%,0.1%
006813,博时汇悦回报混合型证券投资基金,博时汇悦回报混合,博时基金管理有限公司,中国银行股份有限公司,混合型,20190129,30001231,1.2%,0.2%
006816,泰康中证港股通地产指数型发起式证券投资基金A类,泰康中证港股通地产指数A,泰康基金管理有限公司,中国工商银行股份有限公司,股票型,20190129,20220130,0.5%,0.1%
006817,泰康中证港股通地产指数型发起式证券投资基金C类,泰康中证港股通地产指数C,泰康基金管理有限公司,中国工商银行股份有限公司,股票型,20190129,20220130,0.5%,0.1%
006818,安信盈利驱动股票型证券投资基金A类,安信盈利驱动股票A,安信基金管理有限责任公司,中国银行股份有限公司,股票型,20190305,20230519,1.5%,0.25%
006819,安信盈利驱动股票型证券投资基金C类,安信盈利驱动股票C,安信基金管理有限责任公司,中国银行股份有限公司,股票型,20190305,20230519,1.5%,0.25%
006822,凯石湛混合型证券投资基金A类,凯石湛混合A,凯石基金管理有限公司,广发证券股份有限公司,混合型,20190320,20220117,0.6%,0.1%
006823,凯石湛混合型证券投资基金C类,凯石湛混合C,凯石基金管理有限公司,广发证券股份有限公司,混合型,20190320,20220117,0.6%,0.1%
006824,创金合信鑫日享短债债券型证券投资基金A类,创金合信鑫日享短债债券A,创金合信基金管理有限公司,中国民生银行股份有限公司,债券型,20190117,30001231,0.4%,0.1%
006825,创金合信鑫日享短债债券型证券投资基金C类,创金合信鑫日享短债债C,创金合信基金管理有限公司,中国民生银行股份有限公司,债券型,20190117,30001231,0.4%,0.1%
006826,华宝宝裕纯债债券型证券投资基金A类,华宝宝裕纯债债券A,华宝基金管理有限公司,交通银行股份有限公司,债券型,20190307,30001231,0.3%,0.1%
006827,中加瑞鑫纯债债券型证券投资基金,中加瑞鑫纯债债券,中加基金管理有限公司,兴业银行股份有限公司,债券型,20190117,30001231,0.3%,0.1%
006828,银河久泰纯债债券型证券投资基金,银河久泰纯债债券,银河基金管理有限公司,中国光大银行股份有限公司,债券型,20190919,30001231,0.3%,0.1%
006829,鹏扬利沣短债债券型证券投资基金A类,鹏扬利沣短债债券A,鹏扬基金管理有限公司,中国邮政储蓄银行股份有限公司,债券型,20190909,30001231,0.3%,0.1%
006830,鹏扬利沣短债债券型证券投资基金C类,鹏扬利沣短债债券C,鹏扬基金管理有限公司,中国邮政储蓄银行股份有限公司,债券型,20190909,30001231,0.3%,0.1%
006831,鹏扬利沣短债债券型证券投资基金E类,鹏扬利沣短债债券E,鹏扬基金管理有限公司,中国邮政储蓄银行股份有限公司,债券型,20190909,30001231,0.3%,0.1%
006832,鹏扬添利增强债券型证券投资基金A类,鹏扬添利增强债券A,鹏扬基金管理有限公司,中国邮政储蓄银行股份有限公司,债券型,20190328,30001231,0.4%,0.1%
006833,鹏扬添利增强债券型证券投资基金C类,鹏扬添利增强债券C,鹏扬基金管理有限公司,中国邮政储蓄银行股份有限公司,债券型,20190328,30001231,0.4%,0.1%
006834,工银瑞信尊享短债债券型证券投资基金A类,工银瑞信尊享短债债券A,工银瑞信基金管理有限公司,中国光大银行股份有限公司,债券型,20190130,30001231,0.3%,0.05%
006835,工银瑞信尊享短债债券型证券投资基金C类,工银瑞信尊享短债债券C,工银瑞信基金管理有限公司,中国光大银行股份有限公司,债券型,20190130,30001231,0.3%,0.05%
006836,永赢惠泽一年定期开放灵活配置混合型发起式证券投资基金,永赢惠泽一年定期开放灵活配置混合,永赢基金管理有限公司,招商银行股份有限公司,混合型,20190605,30001231,1.2%,0.2%
006837,银华信用四季红债券型证券投资基金C类,银华信用四季红债券C,银华基金管理股份有限公司,中国建设银行股份有限公司,债券型,20190104,30001231,0.4%,0.1%
006838,鑫元荣利三个月定期开放债券型发起式证券投资基金,鑫元荣利三个月定期开放债券,鑫元基金管理有限公司,中国光大银行股份有限公司,债券型,20190124,30001231,0.3%,0.1%
006839,安信聚利增强债券型证券投资基金A类,安信聚利增强债券A,安信基金管理有限责任公司,招商银行股份有限公司,债券型,20190415,30001231,0.7%,0.2%
006840,安信聚利增强债券型证券投资基金C类,安信聚利增强债券C,安信基金管理有限责任公司,招商银行股份有限公司,债券型,20190415,30001231,0.7%,0.2%
006841,嘉实致享纯债债券型证券投资基金,嘉实致享纯债债券,嘉实基金管理有限公司,兴业银行股份有限公司,债券型,20190128,30001231,0.3%,0.1%
006842,南方国利6个月定期开放债券型发起式证券投资基金,南方国利6个月定期开放债券,南方基金管理股份有限公司,中国民生银行股份有限公司,债券型,20190110,30001231,0.3%,0.1%
006843,中信建投睿溢混合型证券投资基金C类,中信建投睿溢混合C,中信建投基金管理有限公司,上海浦东发展银行股份有限公司,混合型,20190104,30001231,0.3%,0.05%
006844,中信建投稳利混合型证券投资基金C类,中信建投稳利混合C,中信建投基金管理有限公司,北京银行股份有限公司,混合型,20190104,30001231,0.6%,0.1%
006845,中信建投聚利混合型证券投资基金C类,中信建投聚利混合C,中信建投基金管理有限公司,北京银行股份有限公司,混合型,20190104,30001231,0.3%,0.1%
006846,中银福建国有企业债6个月定期开放债券型证券投资基金A类,中银福建国有企业债6个月定期开放债券A,中银基金管理有限公司,华泰证券股份有限公司,债券型,20190625,30001231,0.3%,0.08%
006847,中银福建国有企业债6个月定期开放债券型证券投资基金C类,中银福建国有企业债6个月定期开放债券C,中银基金管理有限公司,华泰证券股份有限公司,债券型,20190625,30001231,0.3%,0.08%
006848,博时中债5-10年农发行债券指数证券投资基金A类,博时中债5-10年农发行债券指数A,博时基金管理有限公司,中国工商银行股份有限公司,债券型,20190320,30001231,0.15%,0.05%
006849,博时中债5-10年农发行债券指数证券投资基金C类,博时中债5-10年农发行债券指数C,博时基金管理有限公司,中国工商银行股份有限公司,债券型,20190320,30001231,0.15%,0.05%
006850,永赢颐利债券型证券投资基金,永赢颐利债券,永赢基金管理有限公司,浙商银行股份有限公司,债券型,20190118,30001231,0.3%,0.1%
006851,平安中短债债券型证券投资基金E类,平安中短债债券E,平安基金管理有限公司,中国工商银行股份有限公司,债券型,20190123,30001231,0.3%,0.1%
006852,永赢迅利中高等级短债债券型证券投资基金A类,永赢迅利中高等级短债债券A,永赢基金管理有限公司,中国光大银行股份有限公司,债券型,20190117,30001231,0.3%,0.1%
006853,中银汇享债券型证券投资基金,中银汇享债券,中银基金管理有限公司,宁波银行股份有限公司,债券型,20190904,30001231,0.3%,0.1%
006854,人保鑫泽纯债债券型证券投资基金A类,人保鑫泽纯债债券A,中国人保资产管理有限公司,平安银行股份有限公司,债券型,20190403,30001231,0.3%,0.1%
006855,人保鑫泽纯债债券型证券投资基金C类,人保鑫泽纯债债券C,中国人保资产管理有限公司,平安银行股份有限公司,债券型,20190403,30001231,0.3%,0.1%
006856,银河丰泰3个月定期开放债券型发起式证券投资基金,银河丰泰3个月定期开放债券,银河基金管理有限公司,江苏银行股份有限公司,债券型,20190521,30001231,0.3%,0.1%
006857,蜂巢卓睿灵活配置混合型证券投资基金A类,蜂巢卓睿灵活配置混合A,蜂巢基金管理有限公司,广发证券股份有限公司,混合型,20190130,30001231,1.2%,0.2%
006858,蜂巢卓睿灵活配置混合型证券投资基金C类,蜂巢卓睿灵活配置混合C,蜂巢基金管理有限公司,广发证券股份有限公司,混合型,20190130,30001231,1.2%,0.2%
006859,易方达汇诚养老目标日期2033三年持有期混合型发起式基金中基金(FOF)A类,易方达汇诚养老目标日期2033三年持有期混合(FOF)A,易方达基金管理有限公司,中国工商银行股份有限公司,混合型,20190430,30001231,0.9%,0.15%
006860,易方达汇诚养老目标日期2038三年持有期混合型发起式基金中基金(FOF)A类,易方达汇诚养老目标日期2038三年持有期混合(FOF)A,易方达基金管理有限公司,中国邮政储蓄银行股份有限公司,混合型,20190430,30001231,0.9%,0.2%
006861,招商和悦稳健养老目标一年持有期混合型基金中基金(FOF)A类,招商和悦稳健养老目标一年持有期混合(FOF)A,招商基金管理有限公司,中国银行股份有限公司,混合型,20190426,30001231,0.6%,0.15%
006862,招商和悦稳健养老目标一年持有期混合型基金中基金(FOF)C类,招商和悦稳健养老目标一年持有期混合(FOF)C,招商基金管理有限公司,中国银行股份有限公司,混合型,20190426,30001231,0.6%,0.15%
006863,国联安智能制造混合型证券投资基金,国联安智能制造混合,国联安基金管理有限公司,中国民生银行股份有限公司,混合型,20190425,30001231,1.2%,0.2%
006864,国联安核心资产策略混合型证券投资基金,国联安核心资产策略混合,国联安基金管理有限公司,中国工商银行股份有限公司,混合型,20201118,30001231,1.2%,0.2%
006865,泰康安惠纯债债券型证券投资基金C类,泰康安惠纯债债券C,泰康基金管理有限公司,交通银行股份有限公司,债券型,20190118,30001231,0.3%,0.1%
006867,易方达丰华债券型证券投资基金C类,易方达丰华债券C,易方达基金管理有限公司,招商银行股份有限公司,债券型,20190219,30001231,0.8%,0.2%
006868,华夏科技成长股票型证券投资基金,华夏科技成长股票,华夏基金管理有限公司,中国银行股份有限公司,股票型,20190305,30001231,1.2%,0.2%
006869,广发政策性金融债债券型证券投资基金,广发政策性金融债债券,广发基金管理有限公司,兴业银行股份有限公司,债券型,20190814,30001231,0.3%,0.1%
006870,广发景和中短债债券型证券投资基金A类,广发景和中短债债券A,广发基金管理有限公司,中国银行股份有限公司,债券型,20190314,30001231,0.25%,0.05%
006871,广发景和中短债债券型证券投资基金C类,广发景和中短债债券C,广发基金管理有限公司,中国银行股份有限公司,债券型,20190314,30001231,0.25%,0.05%
006872,长信颐天平衡养老目标三年持有期混合型基金中基金(FOF)A类,长信颐天平衡养老目标三年持有期混合(FOF)A,长信基金管理有限责任公司,中国民生银行股份有限公司,混合型,20190926,30001231,0.8%,0.2%
006873,长信颐天平衡养老目标三年持有期混合型基金中基金(FOF)C类,长信颐天平衡养老目标三年持有期混合(FOF)C,长信基金管理有限责任公司,中国民生银行股份有限公司,混合型,20190926,30001231,0.8%,0.2%
006874,创金合信恒兴中短债债券型证券投资基金A类,创金合信恒兴中短债债券A,创金合信基金管理有限公司,交通银行股份有限公司,债券型,20190305,30001231,0.3%,0.1%
006875,创金合信恒兴中短债债券型证券投资基金C类,创金合信恒兴中短债债券C,创金合信基金管理有限公司,交通银行股份有限公司,债券型,20190305,30001231,0.3%,0.1%
006876,国投瑞银稳健养老目标一年持有期混合型基金中基金(FOF)A类,国投瑞银稳健养老目标一年持有期混合(FOF)A,国投瑞银基金管理有限公司,中国农业银行股份有限公司,混合型,20190325,30001231,0.6%,0.2%
006877,天治量化核心精选混合型证券投资基金A类,天治量化核心精选混合A,天治基金管理有限公司,中国农业银行股份有限公司,混合型,20190611,30001231,1.2%,0.1%
006878,天治量化核心精选混合型证券投资基金C类,天治量化核心精选混合C,天治基金管理有限公司,中国农业银行股份有限公司,混合型,20190611,30001231,1.2%,0.1%
006879,华安智能生活混合型证券投资基金A类,华安智能生活混合A,华安基金管理有限公司,中国农业银行股份有限公司,混合型,20190508,30001231,1.2%,0.2%
006880,交银施罗德安享稳健养老目标一年持有期混合型基金中基金(FOF)A类,交银施罗德安享稳健养老目标一年持有期混合(FOF)A,交银施罗德基金管理有限公司,中国农业银行股份有限公司,混合型,20190530,30001231,0.6%,0.2%
006881,华宝大健康混合型证券投资基金A类,华宝大健康混合A,华宝基金管理有限公司,中国建设银行股份有限公司,混合型,20190329,30001231,1.2%,0.2%
006882,华泰保兴健康消费混合型证券投资基金A类,华泰保兴健康消费混合A,华泰保兴基金管理有限公司,中国银行股份有限公司,混合型,20190527,30001231,1.2%,0.2%
006883,华泰保兴健康消费混合型证券投资基金C类,华泰保兴健康消费混合C,华泰保兴基金管理有限公司,中国银行股份有限公司,混合型,20190527,30001231,1.2%,0.2%
006884,汇添富AAA级信用纯债债券型证券投资基金A类,汇添富AAA级信用纯债债券A,汇添富基金管理股份有限公司,中国工商银行股份有限公司,债券型,20190222,30001231,0.3%,0.1%
006885,汇添富AAA级信用纯债债券型证券投资基金C类,汇添富AAA级信用纯债债券C,汇添富基金管理股份有限公司,中国工商银行股份有限公司,债券型,20190222,30001231,0.3%,0.1%
006886,工银瑞信养老目标日期2050五年持有期混合型发起式基金中基金(FOF)A类,工银瑞信养老目标日期2050五年持有期混合(FOF)A,工银瑞信基金管理有限公司,中国邮政储蓄银行股份有限公司,混合型,20190328,30001231,0.9%,0.2%
006887,诺德新生活混合型证券投资基金A类,诺德新生活混合A,诺德基金管理有限公司,中国农业银行股份有限公司,混合型,20190328,30001231,1.2%,0.2%
006888,诺德新生活混合型证券投资基金C类,诺德新生活混合C,诺德基金管理有限公司,中国农业银行股份有限公司,混合型,20190328,30001231,1.2%,0.2%
006889,平安惠鸿纯债债券型证券投资基金,平安惠鸿纯债债券,平安基金管理有限公司,徽商银行股份有限公司,债券型,20190131,30001231,0.3%,0.1%
006890,摩根领先优选混合型证券投资基金A类,摩根领先优选混合A,摩根基金管理(中国)有限公司,中国建设银行股份有限公司,混合型,20190320,30001231,1.2%,0.2%
006891,华夏养老目标日期2050五年持有期混合型发起式基金中基金(FOF)A类,华夏养老目标日期2050五年持有期混合(FOF)A,华夏基金管理有限公司,招商银行股份有限公司,混合型,20190326,30001231,0.9%,0.2%
006892,新华鼎利债券型证券投资基金C类,新华鼎利债券C,新华基金管理股份有限公司,中国民生银行股份有限公司,债券型,20190612,30001231,0.3%,0.1%
006893,汇添富丰利短债债券型证券投资基金A类,汇添富丰利短债债券A,汇添富基金管理股份有限公司,招商银行股份有限公司,债券型,20190118,30001231,0.25%,0.08%
006894,兴业养老目标日期2035三年持有期混合型发起式基金中基金(FOF)A类,兴业养老目标日期2035三年持有期混合(FOF)A,兴业基金管理有限公司,平安银行股份有限公司,混合型,20190506,30001231,0.9%,0.15%
006895,兴业养老目标日期2035三年持有期混合型发起式基金中基金(FOF)C类,兴业养老目标日期2035三年持有期混合(FOF)C,兴业基金管理有限公司,平安银行股份有限公司,混合型,20190506,30001231,0.9%,0.15%
006896,新华聚利债券型证券投资基金A类,新华聚利债券A,新华基金管理股份有限公司,中国农业银行股份有限公司,债券型,20190411,30001231,0.3%,0.1%
006897,新华聚利债券型证券投资基金C类,新华聚利债券C,新华基金管理股份有限公司,中国农业银行股份有限公司,债券型,20190411,30001231,0.3%,0.1%
006898,天弘弘丰增强回报债券型证券投资基金A类,天弘弘丰增强回报债券A,天弘基金管理有限公司,交通银行股份有限公司,债券型,20190320,30001231,0.7%,0.2%
006899,天弘弘丰增强回报债券型证券投资基金C类,天弘弘丰增强回报债券C,天弘基金管理有限公司,交通银行股份有限公司,债券型,20190320,30001231,0.7%,0.2%
006901,上银慧祥利债券型证券投资基金A类,上银慧祥利债券A,上银基金管理有限公司,交通银行股份有限公司,债券型,20190124,30001231,0.3%,0.05%
006902,长盛安鑫中短债债券型证券投资基金A类,长盛安鑫中短债债券A,长盛基金管理有限公司,中国工商银行股份有限公司,债券型,20190220,30001231,0.3%,0.08%
006903,长盛安鑫中短债债券型证券投资基金C类,长盛安鑫中短债债券C,长盛基金管理有限公司,中国工商银行股份有限公司,债券型,20190220,30001231,0.3%,0.08%
006904,泰康产业升级混合型证券投资基金A类,泰康产业升级混合A,泰康基金管理有限公司,中国建设银行股份有限公司,混合型,20190517,30001231,1.2%,0.2%
006905,泰康产业升级混合型证券投资基金C类,泰康产业升级混合C,泰康基金管理有限公司,中国建设银行股份有限公司,混合型,20190517,30001231,1.2%,0.2%
006906,创金合信鑫收益灵活配置混合型证券投资基金E类,创金合信鑫收益灵活配置混合E,创金合信基金管理有限公司,招商银行股份有限公司,混合型,20190116,20221208,0.6%,0.2%
006907,银华安鑫短债债券型证券投资基金A类,银华安鑫短债债券A,银华基金管理股份有限公司,中国建设银行股份有限公司,债券型,20190129,30001231,0.3%,0.1%
006908,银华安鑫短债债券型证券投资基金C类,银华安鑫短债债券C,银华基金管理股份有限公司,中国建设银行股份有限公司,债券型,20190129,30001231,0.3%,0.1%
006909,战略新兴成指交易型开放式指数证券投资基金发起式联接基金A类,华夏战略新兴成指ETF联接A,华夏基金管理有限公司,中国建设银行股份有限公司,股票型,20190605,30001231,0.5%,0.1%
006910,战略新兴成指交易型开放式指数证券投资基金发起式联接基金C类,华夏战略新兴成指ETF联接C,华夏基金管理有限公司,中国建设银行股份有限公司,股票型,20190605,30001231,0.5%,0.1%
006911,长江量化匠心甄选股票型证券投资基金A类,长江量化匠心甄选股票A,长江证券(上海)资产管理有限公司,平安银行股份有限公司,股票型,20190425,20230202,1.5%,0.2%
006912,长城久泰沪深300指数证券投资基金C类,长城久泰沪深300指数C,长城基金管理有限公司,招商银行股份有限公司,股票型,20190118,30001231,0.98%,0.2%
006913,南方华元债券型证券投资基金A类,南方华元债券A,南方基金管理股份有限公司,兴业银行股份有限公司,债券型,20190225,30001231,0.3%,0.1%
006914,南方华元债券型证券投资基金C类,南方华元债券C,南方基金管理股份有限公司,兴业银行股份有限公司,债券型,20190225,30001231,0.3%,0.1%
006915,南方亨元债券型发起式证券投资基金A类,南方亨元债券A,南方基金管理股份有限公司,徽商银行股份有限公司,债券型,20190301,30001231,0.3%,0.1%
006916,南方亨元债券型发起式证券投资基金C类,南方亨元债券C,南方基金管理股份有限公司,徽商银行股份有限公司,债券型,20190301,30001231,0.3%,0.1%
006917,上银慧祥利债券型证券投资基金C类,上银慧祥利债券C,上银基金管理有限公司,交通银行股份有限公司,债券型,20190124,30001231,0.3%,0.05%
006918,国联安安享稳健养老目标一年持有期混合型基金中基金(FOF),国联安安享稳健养老目标一年持有期混合(FOF),国联安基金管理有限公司,中国建设银行股份有限公司,混合型,20190426,20220425,0.6%,0.15%
006919,国寿安保泰和纯债债券型证券投资基金,国寿安保泰和纯债债券,国寿安保基金管理有限公司,中国民生银行股份有限公司,债券型,20190220,30001231,0.3%,0.1%
006921,南方智诚混合型证券投资基金,南方智诚混合,南方基金管理股份有限公司,中国银行股份有限公司,混合型,20190312,30001231,1.2%,0.2%
006923,前海开源沪港深非周期性行业股票型证券投资基金A类,前海开源沪港深非周期性行业股票A,前海开源基金管理有限公司,中国农业银行股份有限公司,股票型,20190313,30001231,1.2%,0.2%
006924,前海开源沪港深非周期性行业股票型证券投资基金C类,前海开源沪港深非周期性行业股票C,前海开源基金管理有限公司,中国农业银行股份有限公司,股票型,20190313,30001231,1.2%,0.2%
006925,永赢中债-1-3年政策性金融债指数证券投资基金,永赢中债-1-3年政策性金融债指数,永赢基金管理有限公司,江苏银行股份有限公司,债券型,20190314,30001231,0.15%,0.05%
006926,长城量化精选股票型证券投资基金A类,长城量化精选股票A,长城基金管理有限公司,中国银行股份有限公司,股票型,20190529,30001231,1.2%,0.2%
006927,浙商汇金聚鑫定期开放债券型发起式证券投资基金,浙商汇金聚鑫定期开放债券,浙江浙商证券资产管理有限公司,浙商银行股份有限公司,债券型,20190325,30001231,0.3%,0.1%
006928,长城创业板指数增强型发起式证券投资基金C类,长城创业板指数增强C,长城基金管理有限公司,中国工商银行股份有限公司,股票型,20190129,30001231,1%,0.15%
006929,博时富融纯债债券型证券投资基金,博时富融纯债债券,博时基金管理有限公司,徽商银行股份有限公司,债券型,20190129,30001231,0.3%,0.1%
006930,泰康中证港股通TMT主题指数型发起式证券投资基金A类,泰康中证港股通TMT主题指数A,泰康基金管理有限公司,中国工商银行股份有限公司,股票型,20190403,20220404,0.5%,0.1%
006931,泰康中证港股通TMT主题指数型发起式证券投资基金C类,泰康中证港股通TMT主题指数C,泰康基金管理有限公司,中国工商银行股份有限公司,股票型,20190403,20220404,0.5%,0.1%
006932,平安0-3年期政策性金融债债券型证券投资基金A类,平安0-3年期政策性金融债债券A,平安基金管理有限公司,兴业银行股份有限公司,债券型,20190225,30001231,0.3%,0.1%
006933,平安0-3年期政策性金融债债券型证券投资基金C类,平安0-3年期政策性金融债债券C,平安基金管理有限公司,兴业银行股份有限公司,债券型,20190225,30001231,0.3%,0.1%
006934,平安3-5年期政策性金融债债券型证券投资基金A类,平安3-5年期政策性金融债债券A,平安基金管理有限公司,徽商银行股份有限公司,债券型,20190131,30001231,0.3%,0.1%
006935,平安3-5年期政策性金融债债券型证券投资基金C类,平安3-5年期政策性金融债债券C,平安基金管理有限公司,徽商银行股份有限公司,债券型,20190131,30001231,0.3%,0.1%
006936,华安安盛3个月定期开放债券型发起式证券投资基金,华安安盛3个月定期开放债券,华安基金管理有限公司,浙商银行股份有限公司,债券型,20190125,30001231,0.3%,0.1%
006937,工银瑞信沪深300指数证券投资基金C类,工银瑞信沪深300指数C,工银瑞信基金管理有限公司,中国建设银行股份有限公司,股票型,20190123,30001231,0.5%,0.1%
006938,鹏华中证500指数证券投资基金(LOF)C类,鹏华中证500指数(LOF)C,鹏华基金管理有限公司,中国工商银行股份有限公司,股票型,20190122,30001231,0.75%,0.15%
006939,鹏华沪深300指数证券投资基金(LOF)C类,鹏华沪深300指数(LOF)C,鹏华基金管理有限公司,中国工商银行股份有限公司,股票型,20190122,30001231,0.75%,0.15%
006941,国泰惠盈纯债债券型证券投资基金A类,国泰惠盈纯债债券A,国泰基金管理有限公司,华夏银行股份有限公司,债券型,20190307,30001231,0.3%,0.1%
006942,华泰柏瑞量化明选混合型证券投资基金A类,华泰柏瑞量化明选混合A,华泰柏瑞基金管理有限公司,中国建设银行股份有限公司,混合型,20190325,20230821,1.5%,0.25%
006943,华泰柏瑞量化明选混合型证券投资基金C类,华泰柏瑞量化明选混合C,华泰柏瑞基金管理有限公司,中国建设银行股份有限公司,混合型,20190325,20230821,1.5%,0.25%
006944,永赢悦利债券型证券投资基金,永赢悦利债券,永赢基金管理有限公司,徽商银行股份有限公司,债券型,20190509,30001231,0.3%,0.1%
006946,宝盈聚享纯债定期开放债券型发起式证券投资基金,宝盈聚享纯债定期开放债券,宝盈基金管理有限公司,浙商银行股份有限公司,债券型,20190508,30001231,0.3%,0.1%
006947,华宝中短债债券型发起式证券投资基金A类,华宝中短债债券A,华宝基金管理有限公司,中国工商银行股份有限公司,债券型,20190315,30001231,0.3%,0.1%
006948,华宝中短债债券型发起式证券投资基金C类,华宝中短债债券C,华宝基金管理有限公司,中国工商银行股份有限公司,债券型,20190315,30001231,0.3%,0.1%
006949,前海开源乾利3个月定期开放债券型发起式证券投资基金,前海开源乾利3个月定期开放债券,前海开源基金管理有限公司,交通银行股份有限公司,债券型,20190129,30001231,0.3%,0.1%
006952,中银景元回报混合型证券投资基金,中银景元回报混合,中银基金管理有限公司,兴业银行股份有限公司,混合型,20190326,30001231,1%,0.2%
006953,华安安业债券型证券投资基金A类,华安安业债券A,华安基金管理有限公司,兴业银行股份有限公司,债券型,20190731,30001231,0.3%,0.1%
006954,华安安业债券型证券投资基金C类,华安安业债券C,华安基金管理有限公司,兴业银行股份有限公司,债券型,20190731,30001231,0.3%,0.1%
006955,国泰惠富纯债债券型证券投资基金A类,国泰惠富纯债债券A,国泰基金管理有限公司,华夏银行股份有限公司,债券型,20190315,30001231,0.3%,0.1%
006956,鹏华永润一年定期开放债券型证券投资基金,鹏华永润一年定期开放债券,鹏华基金管理有限公司,中国工商银行股份有限公司,债券型,20190321,30001231,0.3%,0.1%
006957,长江量化匠心甄选股票型证券投资基金C类,长江量化匠心甄选股票C,长江证券(上海)资产管理有限公司,平安银行股份有限公司,股票型,20190425,20230202,1.5%,0.2%
006958,鹏华永融一年定期开放债券型证券投资基金,鹏华永融一年定期开放债券,鹏华基金管理有限公司,交通银行股份有限公司,债券型,20190312,30001231,0.3%,0.1%
006959,浦银安盛中债3-5年农发行债券指数证券投资基金A类,浦银安盛中债3-5年农发行债券指数A,浦银安盛基金管理有限公司,中国农业银行股份有限公司,债券型,20200911,30001231,0.15%,0.05%
006960,浦银安盛中债3-5年农发行债券指数证券投资基金C类,浦银安盛中债3-5年农发行债券指数C,浦银安盛基金管理有限公司,中国农业银行股份有限公司,债券型,20200911,30001231,0.15%,0.05%
006961,南方中债7-10年国开行债券指数证券投资基金A类,南方中债7-10年国开行债券指数A,南方基金管理股份有限公司,中国邮政储蓄银行股份有限公司,债券型,20190315,30001231,0.15%,0.05%
006962,南方中债7-10年国开行债券指数证券投资基金C类,南方中债7-10年国开行债券指数C,南方基金管理股份有限公司,中国邮政储蓄银行股份有限公司,债券型,20190315,30001231,0.15%,0.05%
006963,中加颐瑾六个月定期开放债券型发起式证券投资基金A类,中加颐瑾六个月定期开放债券A,中加基金管理有限公司,杭州银行股份有限公司,债券型,20190712,30001231,0.3%,0.1%
006964,中加颐瑾六个月定期开放债券型发起式证券投资基金C类,中加颐瑾六个月定期开放债券C,中加基金管理有限公司,杭州银行股份有限公司,债券型,20190712,30001231,0.3%,0.1%
006965,财通安瑞短债债券型证券投资基金A类,财通安瑞短债债券A,财通基金管理有限公司,中国工商银行股份有限公司,债券型,20190320,30001231,0.3%,0.08%
006966,财通安瑞短债债券型证券投资基金C类,财通安瑞短债债券C,财通基金管理有限公司,中国工商银行股份有限公司,债券型,20190320,30001231,0.3%,0.08%
006967,财通行业龙头精选混合型证券投资基金A类,财通行业龙头精选混合A,财通基金管理有限公司,中国农业银行股份有限公司,混合型,20200413,30001231,1.2%,0.2%
006968,财通行业龙头精选混合型证券投资基金C类,财通行业龙头精选混合C,财通基金管理有限公司,中国农业银行股份有限公司,混合型,20200413,30001231,1.2%,0.2%
006969,圆信永丰高端制造混合型证券投资基金,圆信永丰高端制造混合,圆信永丰基金管理有限公司,中国工商银行股份有限公司,混合型,20190404,30001231,1.2%,0.2%
006970,广发景利纯债债券型证券投资基金,广发景利纯债债券,广发基金管理有限公司,南京银行股份有限公司,债券型,20190724,30001231,0.3%,0.1%
006972,金鹰民安回报一年定期开放混合型证券投资基金A类,金鹰民安回报一年定期开放混合A,金鹰基金管理有限公司,中国民生银行股份有限公司,混合型,20190829,30001231,1%,0.15%
006973,太平睿盈混合型证券投资基金A类,太平睿盈混合A,太平基金管理有限公司,招商银行股份有限公司,混合型,20190325,30001231,0.6%,0.2%
006974,金鹰鑫日享债券型证券投资基金A类,金鹰鑫日享债券A,金鹰基金管理有限公司,中国民生银行股份有限公司,债券型,20190320,30001231,0.5%,0.1%
006975,金鹰鑫日享债券型证券投资基金C类,金鹰鑫日享债券C,金鹰基金管理有限公司,中国民生银行股份有限公司,债券型,20190320,30001231,0.5%,0.1%
006976,鹏华核心优势混合型证券投资基金A类,鹏华核心优势混合A,鹏华基金管理有限公司,中国建设银行股份有限公司,混合型,20190403,30001231,1.2%,0.2%
006977,农银汇理海棠三年定期开放混合型证券投资基金,农银汇理海棠三年定期开放混合,农银汇理基金管理有限公司,中国工商银行股份有限公司,混合型,20190416,30001231,1.2%,0.2%
006978,泰康安欣纯债债券型证券投资基金A类,泰康安欣纯债债券A,泰康基金管理有限公司,上海浦东发展银行股份有限公司,债券型,20190917,30001231,0.3%,0.1%
006979,泰康安欣纯债债券型证券投资基金C类,泰康安欣纯债债券C,泰康基金管理有限公司,上海浦东发展银行股份有限公司,债券型,20190917,30001231,0.3%,0.1%
006980,国寿安保泰恒纯债债券型证券投资基金,国寿安保泰恒纯债债券,国寿安保基金管理有限公司,兴业银行股份有限公司,债券型,20190627,30001231,0.3%,0.1%
006981,中金新医药股票型证券投资基金A类,中金新医药股票A,中金基金管理有限公司,中国建设银行股份有限公司,股票型,20190514,30001231,1.2%,0.2%
006984,兴全恒瑞三个月定期开放债券型发起式证券投资基金,兴全恒瑞三个月定期开放债券,兴证全球基金管理有限公司,兴业银行股份有限公司,债券型,20190621,30001231,0.3%,0.1%
006985,兴全恒裕债券型证券投资基金A类,兴全恒裕债券A,兴证全球基金管理有限公司,兴业银行股份有限公司,债券型,20190312,30001231,0.3%,0.1%
006986,平安季添盈三个月定期开放债券型证券投资基金A类,平安季添盈三个月定期开放债券A,平安基金管理有限公司,平安银行股份有限公司,债券型,20190305,30001231,0.3%,0.1%
006987,平安季添盈三个月定期开放债券型证券投资基金C类,平安季添盈三个月定期开放债券C,平安基金管理有限公司,平安银行股份有限公司,债券型,20190305,30001231,0.3%,0.1%
006988,平安季添盈三个月定期开放债券型证券投资基金E类,平安季添盈三个月定期开放债券E,平安基金管理有限公司,平安银行股份有限公司,债券型,20190305,30001231,0.3%,0.1%
006989,建信中短债纯债债券型证券投资基金A类,建信中短债纯债债券A,建信基金管理有限责任公司,中国农业银行股份有限公司,债券型,20190308,30001231,0.3%,0.1%
006990,建信中短债纯债债券型证券投资基金C类,建信中短债纯债债券C,建信基金管理有限责任公司,中国农业银行股份有限公司,债券型,20190308,30001231,0.3%,0.1%
006991,民生加银康宁稳健养老目标一年持有期混合型基金中基金(FOF)A类,民生加银康宁稳健养老目标一年持有期混合(FOF)A,民生加银基金管理有限公司,中国建设银行股份有限公司,混合型,20190426,30001231,0.6%,0.15%
006992,嘉合锦创优势精选混合型证券投资基金,嘉合锦创优势精选混合,嘉合基金管理有限公司,中国农业银行股份有限公司,混合型,20190416,30001231,1.2%,0.1%
006993,鑫元承利三个月定期开放债券型发起式证券投资基金,鑫元承利三个月定期开放债券,鑫元基金管理有限公司,兴业银行股份有限公司,债券型,20190301,30001231,0.3%,0.1%
006994,国泰瑞安三个月定期开放债券型发起式证券投资基金,国泰瑞安三个月定期开放债券,国泰基金管理有限公司,平安银行股份有限公司,债券型,20190530,30001231,0.3%,0.1%
006995,南方惠利6个月定期开放债券型证券投资基金A类,南方惠利6个月定期开放债券A,南方基金管理股份有限公司,北京银行股份有限公司,债券型,20190326,30001231,0.3%,0.1%
006996,南方惠利6个月定期开放债券型证券投资基金C类,南方惠利6个月定期开放债券C,南方基金管理股份有限公司,北京银行股份有限公司,债券型,20190326,30001231,0.3%,0.1%
006997,平安惠添纯债债券型证券投资基金,平安惠添纯债债券,平安基金管理有限公司,徽商银行股份有限公司,债券型,20190621,30001231,0.3%,0.1%
006998,广发景兴中短债债券型证券投资基金A类,广发景兴中短债债券A,广发基金管理有限公司,中国建设银行股份有限公司,债券型,20190321,30001231,0.3%,0.1%
006999,广发景兴中短债债券型证券投资基金C类,广发景兴中短债债券C,广发基金管理有限公司,中国建设银行股份有限公司,债券型,20190321,30001231,0.3%,0.1%
007000,鹏华中债1-3年国开行债券指数证券投资基金A类,鹏华中债1-3年国开行债券指数A,鹏华基金管理有限公司,江苏银行股份有限公司,债券型,20190313,30001231,0.15%,0.05%
007001,鹏华中债1-3年国开行债券指数证券投资基金C类,鹏华中债1-3年国开行债券指数C,鹏华基金管理有限公司,江苏银行股份有限公司,债券型,20190313,30001231,0.15%,0.05%
007005,中金新医药股票型证券投资基金C类,中金新医药股票C,中金基金管理有限公司,中国建设银行股份有限公司,股票型,20190514,30001231,1.2%,0.2%
007008,中邮纯债优选一年定期开放债券型证券投资基金A类,中邮纯债优选一年定期开放债券A,中邮创业基金管理股份有限公司,中国邮政储蓄银行股份有限公司,债券型,20190614,30001231,0.5%,0.2%
007009,中邮纯债优选一年定期开放债券型证券投资基金C类,中邮纯债优选一年定期开放债券C,中邮创业基金管理股份有限公司,中国邮政储蓄银行股份有限公司,债券型,20190614,30001231,0.5%,0.2%
007010,国寿安保中债1-3年国开行债券指数型证券投资基金A类,国寿安保中债1-3年国开行债券指数A,国寿安保基金管理有限公司,兴业银行股份有限公司,债券型,20190306,30001231,0.25%,0.05%
007011,国寿安保中债1-3年国开行债券指数型证券投资基金C类,国寿安保中债1-3年国开行债券指数C,国寿安保基金管理有限公司,兴业银行股份有限公司,债券型,20190306,30001231,0.25%,0.05%
007012,湘财长顺混合型发起式证券投资基金A类,湘财长顺混合A,湘财基金管理有限公司,国泰君安证券股份有限公司,混合型,20190328,30001231,1.2%,0.2%
007013,湘财长顺混合型发起式证券投资基金C类,湘财长顺混合C,湘财基金管理有限公司,国泰君安证券股份有限公司,混合型,20190328,30001231,1.2%,0.2%
007014,嘉合磐泰短债债券型证券投资基金A类,嘉合磐泰短债债券A,嘉合基金管理有限公司,交通银行股份有限公司,债券型,20190724,30001231,0.3%,0.05%
007015,嘉合磐泰短债债券型证券投资基金C类,嘉合磐泰短债债券C,嘉合基金管理有限公司,交通银行股份有限公司,债券型,20190724,30001231,0.3%,0.05%
007016,富国睿泽回报混合型证券投资基金,富国睿泽回报混合,富国基金管理有限公司,中国建设银行股份有限公司,混合型,20190605,30001231,1.2%,0.2%
007017,平安如意中短债债券型证券投资基金A类,平安如意中短债债券A,平安基金管理有限公司,中国光大银行股份有限公司,债券型,20190403,30001231,0.3%,0.1%
007018,平安如意中短债债券型证券投资基金C类,平安如意中短债债券C,平安基金管理有限公司,中国光大银行股份有限公司,债券型,20190403,30001231,0.3%,0.1%
007019,平安如意中短债债券型证券投资基金E类,平安如意中短债债券E,平安基金管理有限公司,中国光大银行股份有限公司,债券型,20190403,30001231,0.3%,0.1%
007020,华安添鑫中短债债券型证券投资基金C类,华安添鑫中短债债券C,华安基金管理有限公司,中国银行股份有限公司,债券型,20190225,30001231,0.25%,0.05%
007021,嘉实中债1-3年政策性金融债指数证券投资基金A类,嘉实中债1-3年政策性金融债指数A,嘉实基金管理有限公司,上海浦东发展银行股份有限公司,债券型,20190425,30001231,0.15%,0.05%
007022,嘉实中债1-3年政策性金融债指数证券投资基金C类,嘉实中债1-3年政策性金融债指数C,嘉实基金管理有限公司,上海浦东发展银行股份有限公司,债券型,20190425,30001231,0.15%,0.05%
007023,中银证券安泽债券型证券投资基金A类,中银证券安泽债券A,中银国际证券股份有限公司,交通银行股份有限公司,债券型,20190515,30001231,0.3%,0.1%
007024,中银证券安泽债券型证券投资基金C类,中银证券安泽债券C,中银国际证券股份有限公司,交通银行股份有限公司,债券型,20190515,30001231,0.3%,0.1%
007025,南方鑫利3个月定期开放债券型发起式证券投资基金,南方鑫利3个月定期开放债券,南方基金管理股份有限公司,中国民生银行股份有限公司,债券型,20190325,30001231,0.3%,0.1%
007026,建信中债1-3年国开行债券指数证券投资基金A类,建信中债1-3年国开行债券指数A,建信基金管理有限责任公司,中国邮政储蓄银行股份有限公司,债券型,20190325,30001231,0.15%,0.05%
007027,建信中债1-3年国开行债券指数证券投资基金C类,建信中债1-3年国开行债券指数C,建信基金管理有限责任公司,中国邮政储蓄银行股份有限公司,债券型,20190325,30001231,0.15%,0.05%
007028,易方达中证500交易型开放式指数证券投资基金发起式联接基金A类,易方达中证500ETF联接A,易方达基金管理有限公司,中国工商银行股份有限公司,股票型,20190320,30001231,0.15%,0.05%
007029,易方达中证500交易型开放式指数证券投资基金发起式联接基金C类,易方达中证500ETF联接C,易方达基金管理有限公司,中国工商银行股份有限公司,股票型,20190320,30001231,0.15%,0.05%
007032,平安可转债债券型证券投资基金A类,平安可转债债券A,平安基金管理有限公司,中国银行股份有限公司,债券型,20190807,30001231,0.7%,0.2%
007033,平安可转债债券型证券投资基金C类,平安可转债债券C,平安基金管理有限公司,中国银行股份有限公司,债券型,20190807,30001231,0.7%,0.2%
007034,中科沃土沃安中短期利率债债券型证券投资基金C类,中科沃土沃安中短期利率债债券C,中科沃土基金管理有限公司,广州农村商业银行股份有限公司,债券型,20190318,30001231,0.2%,0.08%
007035,中银中债1-3年期国开行债券指数证券投资基金A类,中银中债1-3年期国开行债券指数A,中银基金管理有限公司,兴业银行股份有限公司,债券型,20190321,30001231,0.15%,0.05%
007037,海富通聚合纯债债券型证券投资基金,海富通聚合纯债债券,海富通基金管理有限公司,徽商银行股份有限公司,债券型,20191031,30001231,0.3%,0.1%
007038,新疆前海联合添惠纯债债券型证券投资基金C类,新疆前海联合添惠纯债债券C,新疆前海联合基金管理有限公司,浙商银行股份有限公司,债券型,20190222,20220623,0.3%,0.1%
007039,新疆前海联合沪深300指数型证券投资基金C类,新疆前海联合沪深300指数C,新疆前海联合基金管理有限公司,中国工商银行股份有限公司,股票型,20190226,20230407,0.65%,0.15%
007040,新疆前海联合泳隆灵活配置混合型证券投资基金C类,新疆前海联合泳隆灵活配置混合C,新疆前海联合基金管理有限公司,宁波银行股份有限公司,混合型,20190222,30001231,0.7%,0.1%
007041,新疆前海联合泳涛灵活配置混合型证券投资基金C类,新疆前海联合泳涛灵活配置混合C,新疆前海联合基金管理有限公司,招商证券股份有限公司,混合型,20190225,30001231,0.6%,0.1%
007042,新疆前海联合泳隽灵活配置混合型证券投资基金C类,新疆前海联合泳隽灵活配置混合C,新疆前海联合基金管理有限公司,浙商银行股份有限公司,混合型,20190225,30001231,0.7%,0.15%
007043,新疆前海联合泓鑫灵活配置混合型证券投资基金C类,新疆前海联合泓鑫灵活配置混合C,新疆前海联合基金管理有限公司,南京银行股份有限公司,混合型,20190226,30001231,1.5%,0.15%
007044,博道沪深300指数增强型证券投资基金A类,博道沪深300指数增强A,博道基金管理有限公司,招商银行股份有限公司,股票型,20190426,30001231,0.75%,0.1%
007045,博道沪深300指数增强型证券投资基金C类,博道沪深300指数增强C,博道基金管理有限公司,招商银行股份有限公司,股票型,20190426,30001231,0.75%,0.1%
007046,方正富邦创新动力混合型证券投资基金C类,方正富邦创新动力混合C,方正富邦基金管理有限公司,中国建设银行股份有限公司,混合型,20190220,30001231,1.2%,0.2%
007047,长城核心优势混合型证券投资基金A类,长城核心优势混合A,长城基金管理有限公司,中国建设银行股份有限公司,混合型,20190416,30001231,1.2%,0.2%
007048,平安安心灵活配置混合型证券投资基金C类,平安安心灵活配置混合C,平安基金管理有限公司,中国银行股份有限公司,混合型,20190219,30001231,0.6%,0.1%
007049,平安鑫安混合型证券投资基金E类,平安鑫安混合E,平安基金管理有限公司,中国银行股份有限公司,混合型,20190219,30001231,0.6%,0.1%
007050,鑫元恒利三个月定期开放债券型发起式证券投资基金,鑫元恒利三个月定期开放债券,鑫元基金管理有限公司,中国民生银行股份有限公司,债券型,20190705,30001231,0.3%,0.1%
007053,平安季开鑫三个月定期开放债券型证券投资基金A类,平安季开鑫三个月定期开放债券A,平安基金管理有限公司,平安银行股份有限公司,债券型,20190814,30001231,0.3%,0.1%
007054,平安季开鑫三个月定期开放债券型证券投资基金C类,平安季开鑫三个月定期开放债券C,平安基金管理有限公司,平安银行股份有限公司,债券型,20190814,30001231,0.3%,0.1%
007055,平安季开鑫三个月定期开放债券型证券投资基金E类,平安季开鑫三个月定期开放债券E,平安基金管理有限公司,平安银行股份有限公司,债券型,20190814,30001231,0.3%,0.1%
007056,银华积极精选混合型证券投资基金,银华积极精选混合,银华基金管理股份有限公司,中国建设银行股份有限公司,混合型,20190705,30001231,1.2%,0.2%
007057,中泰蓝月短债债券型证券投资基金A类,中泰蓝月短债债券A,中泰证券(上海)资产管理有限公司,兴业银行股份有限公司,债券型,20190426,30001231,0.3%,0.05%
007058,中泰蓝月短债债券型证券投资基金C类,中泰蓝月短债债券C,中泰证券(上海)资产管理有限公司,兴业银行股份有限公司,债券型,20190426,30001231,0.3%,0.05%
007059,汇添富养老目标日期2040五年持有期混合型基金中基金(FOF)A类,汇添富养老目标日期2040五年持有期混合(FOF)A,汇添富基金管理股份有限公司,中国农业银行股份有限公司,混合型,20190429,30001231,0.8%,0.12%
007060,汇添富养老目标日期2050五年持有期混合型发起式基金中基金(FOF)A类,汇添富养老目标日期2050五年持有期混合(FOF)A,汇添富基金管理股份有限公司,中国工商银行股份有限公司,混合型,20190517,30001231,0.9%,0.15%
007061,中加聚盈四个月定期开放债券型证券投资基金A类,中加聚盈四个月定期开放债券A,中加基金管理有限公司,中国工商银行股份有限公司,债券型,20190529,30001231,0.6%,0.15%
007062,中加聚盈四个月定期开放债券型证券投资基金C类,中加聚盈四个月定期开放债券C,中加基金管理有限公司,中国工商银行股份有限公司,债券型,20190529,30001231,0.6%,0.15%
007063,长盛研发回报混合型证券投资基金,长盛研发回报混合,长盛基金管理有限公司,中国银行股份有限公司,混合型,20190425,30001231,1.2%,0.2%
007064,浦银安盛上海清算所高等级优选短期融资券指数证券投资基金A类,浦银安盛上海清算所高等级优选短期融资券指数A,浦银安盛基金管理有限公司,兴业银行股份有限公司,债券型,20190718,30001231,0.25%,0.05%
007065,浦银安盛上海清算所高等级优选短期融资券指数证券投资基金C类,浦银安盛上海清算所高等级优选短期融资券指数C,浦银安盛基金管理有限公司,兴业银行股份有限公司,债券型,20190718,30001231,0.25%,0.05%
007066,浦银安盛先进制造混合型证券投资基金A类,浦银安盛先进制造混合A,浦银安盛基金管理有限公司,兴业银行股份有限公司,混合型,20200114,30001231,1.2%,0.2%
007067,浦银安盛先进制造混合型证券投资基金C类,浦银安盛先进制造混合C,浦银安盛基金管理有限公司,兴业银行股份有限公司,混合型,20200114,30001231,1.2%,0.2%
007068,浦银安盛普丰纯债债券型证券投资基金A类,浦银安盛普丰纯债债券A,浦银安盛基金管理有限公司,徽商银行股份有限公司,债券型,20190910,30001231,0.3%,0.1%
007069,浦银安盛普丰纯债债券型证券投资基金C类,浦银安盛普丰纯债债券C,浦银安盛基金管理有限公司,徽商银行股份有限公司,债券型,20190910,30001231,0.3%,0.1%
007070,博时颐泽稳健养老目标一年持有期混合型基金中基金(FOF)A类,博时颐泽稳健养老目标一年持有期混合(FOF)A,博时基金管理有限公司,中国工商银行股份有限公司,混合型,20190320,30001231,0.6%,0.15%
007071,博时颐泽稳健养老目标一年持有期混合型基金中基金(FOF)C类,博时颐泽稳健养老目标一年持有期混合(FOF)C,博时基金管理有限公司,中国工商银行股份有限公司,混合型,20190320,30001231,0.6%,0.15%
007072,民生加银鑫福灵活配置混合型证券投资基金C类,民生加银鑫福灵活配置混合C,民生加银基金管理有限公司,中国建设银行股份有限公司,混合型,20190304,30001231,0.9%,0.15%
007073,海富通上海清算所中高等级短期融资券指数证券投资基金C类,海富通上海清算所中高等级短期融资券指数C,海富通基金管理有限公司,杭州银行股份有限公司,债券型,20190311,30001231,0.25%,0.05%
007074,国寿安保新蓝筹灵活配置混合型证券投资基金,国寿安保新蓝筹灵活配置混合,国寿安保基金管理有限公司,中国工商银行股份有限公司,混合型,20190529,30001231,1.2%,0.2%
007075,富国产业债债券型证券投资基金C类,富国产业债债券C,富国基金管理有限公司,中国工商银行股份有限公司,债券型,20190308,30001231,0.5%,0.1%
007076,汇添富中证医药卫生交易型开放式指数证券投资基金联接基金A类,汇添富中证医药卫生ETF联接A,汇添富基金管理股份有限公司,中国工商银行股份有限公司,股票型,20190326,30001231,0.5%,0.1%
007077,汇添富中证医药卫生交易型开放式指数证券投资基金联接基金C类,汇添富中证医药卫生ETF联接C,汇添富基金管理股份有限公司,中国工商银行股份有限公司,股票型,20190326,30001231,0.5%,0.1%
007078,工银瑞信中债3-5年国开行债券指数证券投资基金A类,工银瑞信中债3-5年国开行债券指数A,工银瑞信基金管理有限公司,招商银行股份有限公司,债券型,20190416,30001231,0.15%,0.05%
007079,工银瑞信中债3-5年国开行债券指数证券投资基金C类,工银瑞信中债3-5年国开行债券指数C,工银瑞信基金管理有限公司,招商银行股份有限公司,债券型,20190416,30001231,0.15%,0.05%
007080,建信中债5-10年国开行债券指数证券投资基金A类,建信中债5-10年国开行债券指数A,建信基金管理有限责任公司,平安银行股份有限公司,债券型,20190917,20220118,0.15%,0.05%
007081,建信中债5-10年国开行债券指数证券投资基金C类,建信中债5-10年国开行债券指数C,建信基金管理有限责任公司,平安银行股份有限公司,债券型,20190917,20220118,0.15%,0.05%
007082,平安高端制造混合型证券投资基金A类,平安高端制造混合A,平安基金管理有限公司,中国银行股份有限公司,混合型,20190424,30001231,1.2%,0.2%
007083,平安高端制造混合型证券投资基金C类,平安高端制造混合C,平安基金管理有限公司,中国银行股份有限公司,混合型,20190424,30001231,1.2%,0.2%
007084,天治转型升级混合型证券投资基金,天治转型升级混合,天治基金管理有限公司,中国农业银行股份有限公司,混合型,20190521,30001231,1.2%,0.2%
007085,招商瑞庆灵活配置混合型证券投资基金C类,招商瑞庆灵活配置混合C,招商基金管理有限公司,中国建设银行股份有限公司,混合型,20190308,30001231,1.2%,0.2%
007086,永赢汇利六个月定期开放债券型证券投资基金,永赢汇利六个月定期开放债券,永赢基金管理有限公司,江苏银行股份有限公司,债券型,20191014,30001231,0.3%,0.1%
007088,民生加银恒裕债券型证券投资基金,民生加银恒裕债券,民生加银基金管理有限公司,上海浦东发展银行股份有限公司,债券型,20190523,30001231,0.3%,0.1%
007089,国投瑞银中证500指数量化增强型证券投资基金C类,国投瑞银中证500指数量化增强C,国投瑞银基金管理有限公司,中国农业银行股份有限公司,股票型,20190314,30001231,1%,0.15%
007090,海富通稳健养老目标一年持有期混合型发起式基金中基金(FOF)A类,海富通稳健养老目标一年持有期混合(FOF)A,海富通基金管理有限公司,中国银行股份有限公司,混合型,20190425,30001231,0.5%,0.15%
007091,东兴兴福一年定期开放债券型证券投资基金A类,东兴兴福一年定期开放债券A,东兴基金管理有限公司,中泰证券股份有限公司,债券型,20190410,30001231,0.7%,0.1%
007092,鑫元中债3-5年国开行债券指数证券投资基金A类,鑫元中债3-5年国开行债券指数A,鑫元基金管理有限公司,中国工商银行股份有限公司,债券型,20191115,30001231,0.15%,0.05%
007093,鑫元中债3-5年国开行债券指数证券投资基金C类,鑫元中债3-5年国开行债券指数C,鑫元基金管理有限公司,中国工商银行股份有限公司,债券型,20191115,30001231,0.15%,0.05%
007094,建信中债3-5年国开行债券指数证券投资基金A类,建信中债3-5年国开行债券指数A,建信基金管理有限责任公司,上海银行股份有限公司,债券型,20190430,30001231,0.15%,0.05%
007095,建信中债3-5年国开行债券指数证券投资基金C类,建信中债3-5年国开行债券指数C,建信基金管理有限责任公司,上海银行股份有限公司,债券型,20190430,30001231,0.15%,0.05%
007096,大成沪深300指数证券投资基金C类,大成沪深300指数C,大成基金管理有限公司,中国农业银行股份有限公司,股票型,20190311,30001231,0.75%,0.15%
007097,汇添富中债1-3年国开行债券指数证券投资基金A类,汇添富中债1-3年国开行债券指数A,汇添富基金管理股份有限公司,兴业银行股份有限公司,债券型,20190415,30001231,0.15%,0.05%
007098,汇添富中债1-3年国开行债券指数证券投资基金C类,汇添富中债1-3年国开行债券指数C,汇添富基金管理股份有限公司,兴业银行股份有限公司,债券型,20190415,30001231,0.15%,0.05%
007099,安信尊享添益债券型证券投资基金C类,安信尊享添益债券C,安信基金管理有限责任公司,交通银行股份有限公司,债券型,20190309,30001231,0.6%,0.1%
007100,中银稳健添利债券型发起式证券投资基金E类,中银稳健添利债券E,中银基金管理有限公司,招商银行股份有限公司,债券型,20190315,30001231,0.6%,0.2%
007101,中欧远见两年定期开放混合型证券投资基金C类,中欧远见两年定期开放混合C,中欧基金管理有限公司,中国工商银行股份有限公司,混合型,20190424,30001231,1.2%,0.2%
007102,民生加银添鑫纯债债券型证券投资基金A类,民生加银添鑫纯债债券A,民生加银基金管理有限公司,中国工商银行股份有限公司,债券型,20190814,20220218,0.5%,0.1%
007103,民生加银添鑫纯债债券型证券投资基金C类,民生加银添鑫纯债债券C,民生加银基金管理有限公司,中国工商银行股份有限公司,债券型,20190814,20220218,0.5%,0.1%
007104,易方达恒利3个月定期开放债券型发起式证券投资基金,易方达恒利3个月定期开放债券,易方达基金管理有限公司,中国银行股份有限公司,债券型,20190404,30001231,0.3%,0.1%
007105,国泰丰鑫纯债债券型证券投资基金,国泰丰鑫纯债债券,国泰基金管理有限公司,中国光大银行股份有限公司,债券型,20190917,30001231,0.3%,0.1%
007107,太平MSCI香港价值增强指数证券投资基金A类,太平MSCI香港价值增强指数A,太平基金管理有限公司,中国工商银行股份有限公司,股票型,20190731,30001231,0.8%,0.15%
007108,太平MSCI香港价值增强指数证券投资基金C类,太平MSCI香港价值增强指数C,太平基金管理有限公司,中国工商银行股份有限公司,股票型,20190731,30001231,0.8%,0.15%
007109,南方沪港深核心优势混合型证券投资基金,南方沪港深核心优势混合,南方基金管理股份有限公司,中国工商银行股份有限公司,混合型,20201225,30001231,1.2%,0.2%
007110,国投瑞银港股通价值发现混合型证券投资基金A类,国投瑞银港股通价值发现混合A,国投瑞银基金管理有限公司,中国工商银行股份有限公司,混合型,20200312,30001231,1.2%,0.2%
007111,新疆前海联合国民健康产业灵活配置混合型证券投资基金C类,新疆前海联合国民健康产业灵活配置混合C,新疆前海联合基金管理有限公司,中国工商银行股份有限公司,混合型,20190322,30001231,1.5%,0.25%
007113,永赢高端制造混合型证券投资基金A类,永赢高端制造混合A,永赢基金管理有限公司,交通银行股份有限公司,混合型,20191101,30001231,1.2%,0.2%
007114,永赢高端制造混合型证券投资基金C类,永赢高端制造混合C,永赢基金管理有限公司,交通银行股份有限公司,混合型,20191101,30001231,1.2%,0.2%
007115,金元顺安桉盛债券型证券投资基金C类,金元顺安桉盛债券C,金元顺安基金管理有限公司,宁波银行股份有限公司,债券型,20190316,30001231,0.5%,0.1%
007116,华宝政策性金融债债券型证券投资基金,华宝政策性金融债债券,华宝基金管理有限公司,南京银行股份有限公司,债券型,20190906,30001231,0.3%,0.1%
007117,华泰紫金丰泰纯债债券型发起式证券投资基金A类,华泰紫金丰泰纯债债券A,华泰证券(上海)资产管理有限公司,招商银行股份有限公司,债券型,20190530,30001231,0.3%,0.1%
007118,华泰紫金丰泰纯债债券型发起式证券投资基金C类,华泰紫金丰泰纯债债券C,华泰证券(上海)资产管理有限公司,招商银行股份有限公司,债券型,20190530,30001231,0.3%,0.1%
007119,睿远成长价值混合型证券投资基金A类,睿远成长价值混合A,睿远基金管理有限公司,招商银行股份有限公司,混合型,20190326,30001231,1.2%,0.15%
007120,睿远成长价值混合型证券投资基金C类,睿远成长价值混合C,睿远基金管理有限公司,招商银行股份有限公司,混合型,20190326,30001231,1.2%,0.15%
007121,中加裕盈纯债债券型证券投资基金,中加裕盈纯债债券,中加基金管理有限公司,交通银行股份有限公司,债券型,20190418,30001231,0.3%,0.1%
007122,工银瑞信中债1-3年国开行债券指数证券投资基金A类,工银瑞信中债1-3年国开行债券指数A,工银瑞信基金管理有限公司,中国光大银行股份有限公司,债券型,20190627,30001231,0.15%,0.05%
007123,工银瑞信中债1-3年国开行债券指数证券投资基金C类,工银瑞信中债1-3年国开行债券指数C,工银瑞信基金管理有限公司,中国光大银行股份有限公司,债券型,20190627,30001231,0.15%,0.05%
007124,工银瑞信中债1-3年农发行债券指数证券投资基金A类,工银瑞信中债1-3年农发行债券指数A,工银瑞信基金管理有限公司,兴业银行股份有限公司,债券型,20190521,30001231,0.15%,0.05%
007125,工银瑞信中债1-3年农发行债券指数证券投资基金C类,工银瑞信中债1-3年农发行债券指数C,工银瑞信基金管理有限公司,兴业银行股份有限公司,债券型,20190521,30001231,0.15%,0.05%
007126,博道远航混合型证券投资基金A类,博道远航混合A,博道基金管理有限公司,招商银行股份有限公司,混合型,20190430,30001231,1.2%,0.2%
007127,博道远航混合型证券投资基金C类,博道远航混合C,博道基金管理有限公司,招商银行股份有限公司,混合型,20190430,30001231,1.2%,0.2%
007128,天弘增强回报债券型证券投资基金A类,天弘增强回报债券A,天弘基金管理有限公司,中国银行股份有限公司,债券型,20190529,30001231,0.7%,0.2%
007129,天弘增强回报债券型证券投资基金C类,天弘增强回报债券C,天弘基金管理有限公司,中国银行股份有限公司,债券型,20190529,30001231,0.7%,0.2%
007130,中庚小盘价值股票型证券投资基金,中庚小盘价值股票,中庚基金管理有限公司,广发证券股份有限公司,股票型,20190403,30001231,1.5%,0.2%
007132,长城港股通价值精选多策略混合型证券投资基金A类,长城港股通价值精选多策略混合A,长城基金管理有限公司,北京银行股份有限公司,混合型,20190626,30001231,1.2%,0.2%
007133,嘉实长青竞争优势股票型证券投资基金A类,嘉实长青竞争优势股票A,嘉实基金管理有限公司,中国建设银行股份有限公司,股票型,20190506,30001231,1.2%,0.2%
007134,嘉实长青竞争优势股票型证券投资基金C类,嘉实长青竞争优势股票C,嘉实基金管理有限公司,中国建设银行股份有限公司,股票型,20190506,30001231,1.2%,0.2%
007135,广发中证100交易型开放式指数证券投资基金发起式联接基金A类,广发中证100ETF联接A,广发基金管理有限公司,中国工商银行股份有限公司,股票型,20190527,30001231,0.5%,0.1%
007136,广发中证100交易型开放式指数证券投资基金发起式联接基金C类,广发中证100ETF联接C,广发基金管理有限公司,中国工商银行股份有限公司,股票型,20190527,30001231,0.5%,0.1%
007137,鹏扬元合量化大盘优选股票型证券投资基金A类,鹏扬元合量化大盘优选股票A,鹏扬基金管理有限公司,中国工商银行股份有限公司,股票型,20190709,30001231,0.8%,0.2%
007138,鹏扬元合量化大盘优选股票型证券投资基金C类,鹏扬元合量化大盘优选股票C,鹏扬基金管理有限公司,中国工商银行股份有限公司,股票型,20190709,30001231,0.8%,0.2%
007139,富国民裕进取沪港深成长精选混合型证券投资基金A类,富国民裕进取沪港深成长精选混合A,富国基金管理有限公司,中国民生银行股份有限公司,混合型,20190521,30001231,1.2%,0.2%
007140,富国全球债券证券投资基金(QDII)(美元现汇),富国全球债券(QDII)(美元现汇),富国基金管理有限公司,中国工商银行股份有限公司,其他型,20190807,30001231,0.5%,0.1%
007141,嘉合稳健增长灵活配置混合型证券投资基金A类,嘉合稳健增长灵活配置混合A,嘉合基金管理有限公司,招商银行股份有限公司,混合型,20200805,30001231,1.2%,0.1%
007142,嘉合稳健增长灵活配置混合型证券投资基金C类,嘉合稳健增长灵活配置混合C,嘉合基金管理有限公司,招商银行股份有限公司,混合型,20200805,30001231,1.2%,0.1%
007143,国投瑞银沪深300指数量化增强型证券投资基金A类,国投瑞银沪深300指数量化增强A,国投瑞银基金管理有限公司,中国农业银行股份有限公司,股票型,20190611,30001231,1%,0.15%
007144,国投瑞银沪深300指数量化增强型证券投资基金C类,国投瑞银沪深300指数量化增强C,国投瑞银基金管理有限公司,中国农业银行股份有限公司,股票型,20190611,30001231,1%,0.15%
007145,泰康安和纯债6个月定期开放债券型证券投资基金,泰康安和纯债6个月定期开放债券,泰康基金管理有限公司,江苏银行股份有限公司,债券型,20190515,30001231,0.3%,0.1%
007146,鹏华研究智选混合型证券投资基金,鹏华研究智选混合,鹏华基金管理有限公司,中国工商银行股份有限公司,混合型,20190506,30001231,1.2%,0.2%
007147,博时中债1-3年国开行债券指数证券投资基金A类,博时中债1-3年国开行债券指数A,博时基金管理有限公司,中国光大银行股份有限公司,债券型,20190422,30001231,0.15%,0.05%
007148,博时中债1-3年国开行债券指数证券投资基金C类,博时中债1-3年国开行债券指数C,博时基金管理有限公司,中国光大银行股份有限公司,债券型,20190422,30001231,0.15%,0.05%
007149,南方初元中短债债券型发起式证券投资基金A类,南方初元中短债债券A,南方基金管理股份有限公司,中国民生银行股份有限公司,债券型,20190617,30001231,0.2%,0.05%
007150,南方初元中短债债券型发起式证券投资基金C类,南方初元中短债债券C,南方基金管理股份有限公司,中国民生银行股份有限公司,债券型,20190617,30001231,0.2%,0.05%
007151,前海开源沪港深聚瑞混合型证券投资基金,前海开源沪港深聚瑞混合,前海开源基金管理有限公司,招商银行股份有限公司,混合型,20190614,30001231,1.2%,0.2%
007152,诺德策略精选混合型证券投资基金,诺德策略精选混合,诺德基金管理有限公司,平安银行股份有限公司,混合型,20190523,30001231,1.2%,0.2%
007153,中证银行交易型开放式指数证券投资基金联接基金A类,汇添富中证银行ETF联接A,汇添富基金管理股份有限公司,招商银行股份有限公司,股票型,20190415,30001231,0.5%,0.1%
007154,中证银行交易型开放式指数证券投资基金联接基金C类,汇添富中证银行ETF联接C,汇添富基金管理股份有限公司,招商银行股份有限公司,股票型,20190415,30001231,0.5%,0.1%
007155,银河中债-1-3年久期央企20债券指数证券投资基金,银河中债-1-3年久期央企20债券指数,银河基金管理有限公司,杭州银行股份有限公司,债券型,20190410,30001231,0.25%,0.05%
007158,平安合盛3个月定期开放债券型发起式证券投资基金,平安合盛3个月定期开放债券,平安基金管理有限公司,交通银行股份有限公司,债券型,20190510,30001231,0.3%,0.1%
007159,南方富元稳健养老目标一年持有期混合型基金中基金(FOF)A类,南方富元稳健养老目标一年持有期混合(FOF)A,南方基金管理股份有限公司,中国农业银行股份有限公司,混合型,20190510,30001231,0.9%,0.2%
007160,南方富元稳健养老目标一年持有期混合型基金中基金(FOF)C类,南方富元稳健养老目标一年持有期混合(FOF)C,南方基金管理股份有限公司,中国农业银行股份有限公司,混合型,20190510,30001231,0.9%,0.2%
007161,南方恒庆一年定期开放债券型证券投资基金,南方恒庆一年定期开放债券,南方基金管理股份有限公司,交通银行股份有限公司,债券型,20190521,30001231,0.15%,0.05%
007162,南方恒庆一年定期开放债券型证券投资基金C类,南方恒庆一年定期开放债券C,南方基金管理股份有限公司,交通银行股份有限公司,债券型,20190521,20220126,0.15%,0.05%
007163,浦银安盛环保新能源混合型证券投资基金A类,浦银安盛环保新能源混合A,浦银安盛基金管理有限公司,中国银行股份有限公司,混合型,20190709,30001231,1.2%,0.2%
007164,浦银安盛环保新能源混合型证券投资基金C类,浦银安盛环保新能源混合C,浦银安盛基金管理有限公司,中国银行股份有限公司,混合型,20190709,30001231,1.2%,0.2%
007165,华夏中债1-3年政策性金融债指数证券投资基金A类,华夏中债1-3年政策性金融债指数A,华夏基金管理有限公司,平安银行股份有限公司,债券型,20190425,30001231,0.15%,0.05%
007166,华夏中债1-3年政策性金融债指数证券投资基金C类,华夏中债1-3年政策性金融债指数C,华夏基金管理有限公司,平安银行股份有限公司,债券型,20190425,30001231,0.15%,0.05%
007167,华安安和债券型证券投资基金A类,华安安和债券A,华安基金管理有限公司,徽商银行股份有限公司,债券型,20191119,30001231,0.3%,0.1%
007168,华安安和债券型证券投资基金C类,华安安和债券C,华安基金管理有限公司,徽商银行股份有限公司,债券型,20191119,30001231,0.3%,0.1%
007169,易方达中债1-3年国开行债券指数证券投资基金A类,易方达中债1-3年国开行债券指数A,易方达基金管理有限公司,中国银行股份有限公司,债券型,20190429,30001231,0.15%,0.05%
007170,易方达中债1-3年国开行债券指数证券投资基金C类,易方达中债1-3年国开行债券指数C,易方达基金管理有限公司,中国银行股份有限公司,债券型,20190429,30001231,0.15%,0.05%
007171,易方达中债3-5年国开行债券指数证券投资基金A类,易方达中债3-5年国开行债券指数A,易方达基金管理有限公司,中国建设银行股份有限公司,债券型,20190708,30001231,0.15%,0.05%
007172,易方达中债3-5年国开行债券指数证券投资基金C类,易方达中债3-5年国开行债券指数C,易方达基金管理有限公司,中国建设银行股份有限公司,债券型,20190708,30001231,0.15%,0.05%
007173,招商添旭3个月定期开放债券型发起式证券投资基金A类,招商添旭3个月定期开放债券A,招商基金管理有限公司,中国银行股份有限公司,债券型,20190410,30001231,0.3%,0.1%
007174,招商添旭3个月定期开放债券型发起式证券投资基金C类,招商添旭3个月定期开放债C,招商基金管理有限公司,中国银行股份有限公司,债券型,20190410,30001231,0.3%,0.1%
007175,国联聚通3个月定期开放债券型发起式证券投资基金,国联聚通3个月定期开放债券,国联基金管理有限公司,交通银行股份有限公司,债券型,20191122,30001231,0.3%,0.1%
007176,富国泓利纯债债券型发起式证券投资基金C类,富国泓利纯债债券C,富国基金管理有限公司,中国银行股份有限公司,债券型,20190521,30001231,0.3%,0.1%
007177,浙商智能行业优选混合型发起式证券投资基金A类,浙商智能行业优选混合A,浙商基金管理有限公司,招商银行股份有限公司,混合型,20190927,30001231,1.2%,0.2%
007178,浙商港股通中华交易服务预期高股息指数增强型证券投资基金A类,浙商港股通中华交易服务预期高股息指数增强A,浙商基金管理有限公司,中国工商银行股份有限公司,股票型,20191030,30001231,1%,0.15%
007179,浙商丰顺纯债债券型证券投资基金,浙商丰顺纯债债券,浙商基金管理有限公司,中国邮政储蓄银行股份有限公司,债券型,20191219,30001231,0.3%,0.08%
007180,华安中债1-3年政策性金融债指数证券投资基金A类,华安中债1-3年政策性金融债指数A,华安基金管理有限公司,徽商银行股份有限公司,债券型,20190521,30001231,0.15%,0.05%
007181,华安中债1-3年政策性金融债指数证券投资基金C类,华安中债1-3年政策性金融债指数C,华安基金管理有限公司,徽商银行股份有限公司,债券型,20190521,30001231,0.15%,0.05%
007184,蜂巢添鑫纯债债券型证券投资基金A类,蜂巢添鑫纯债债券A,蜂巢基金管理有限公司,浙商银行股份有限公司,债券型,20190424,30001231,0.3%,0.1%
007185,蜂巢添鑫纯债债券型证券投资基金C类,蜂巢添鑫纯债债券C,蜂巢基金管理有限公司,浙商银行股份有限公司,债券型,20190424,30001231,0.3%,0.1%
007186,华夏中债3-5年政策性金融债指数证券投资基金A类,华夏中债3-5年政策性金融债指数A,华夏基金管理有限公司,上海浦东发展银行股份有限公司,债券型,20190712,30001231,0.15%,0.05%
007187,华夏中债3-5年政策性金融债指数证券投资基金C类,华夏中债3-5年政策性金融债指数C,华夏基金管理有限公司,上海浦东发展银行股份有限公司,债券型,20190712,30001231,0.15%,0.05%
007188,嘉实养老目标日期2050五年持有期混合型发起式基金中基金(FOF)A类,嘉实养老目标日期2050五年持有期混合(FOF)A,嘉实基金管理有限公司,中国银行股份有限公司,混合型,20190425,30001231,0.8%,0.15%
007189,南华价值启航纯债债券型证券投资基金A类,南华价值启航纯债债券A,南华基金管理有限公司,杭州银行股份有限公司,债券型,20191122,30001231,0.3%,0.1%
007190,南华价值启航纯债债券型证券投资基金C类,南华价值启航纯债债券C,南华基金管理有限公司,杭州银行股份有限公司,债券型,20191122,30001231,0.3%,0.1%
007191,富国中证价值交易型开放式指数证券投资基金联接基金C类,富国中证价值ETF联接C,富国基金管理有限公司,中国建设银行股份有限公司,股票型,20190402,30001231,0.6%,0.1%
007192,恒越研究精选混合型证券投资基金C类,恒越研究精选混合C,恒越基金管理有限公司,宁波银行股份有限公司,混合型,20190410,30001231,1.2%,0.1%
007193,恒越核心精选混合型证券投资基金C类,恒越核心精选混合C,恒越基金管理有限公司,宁波银行股份有限公司,混合型,20190410,30001231,1.2%,0.1%
007194,长城短债债券型证券投资基金A类,长城短债债券A,长城基金管理有限公司,华夏银行股份有限公司,债券型,20190829,30001231,0.25%,0.05%
007195,长城短债债券型证券投资基金C类,长城短债债券C,长城基金管理有限公司,华夏银行股份有限公司,债券型,20190829,30001231,0.25%,0.05%
007196,平安惠合纯债债券型证券投资基金,平安惠合纯债债券,平安基金管理有限公司,上海浦东发展银行股份有限公司,债券型,20191218,30001231,0.3%,0.1%
007197,富国中债1-5年农发行债券指数证券投资基金A类,富国中债1-5年农发行债券指数A,富国基金管理有限公司,南京银行股份有限公司,债券型,20190417,30001231,0.15%,0.05%
007198,富国中债1-5年农发行债券指数证券投资基金C类,富国中债1-5年农发行债券指数C,富国基金管理有限公司,南京银行股份有限公司,债券型,20190417,30001231,0.15%,0.05%
007199,永赢泰利债券型证券投资基金A类,永赢泰利债券A,永赢基金管理有限公司,交通银行股份有限公司,债券型,20190411,30001231,0.3%,0.1%
007200,永赢泰利债券型证券投资基金C类,永赢泰利债券C,永赢基金管理有限公司,交通银行股份有限公司,债券型,20190411,30001231,0.3%,0.1%
007201,民生加银聚益纯债债券型证券投资基金,民生加银聚益纯债债券,民生加银基金管理有限公司,江苏银行股份有限公司,债券型,20190705,30001231,0.3%,0.1%
007202,天弘优质成长企业精选灵活配置混合型发起式证券投资基金A类,天弘优质成长企业精选灵活配置混合A,天弘基金管理有限公司,招商银行股份有限公司,混合型,20191018,30001231,1.2%,0.2%
007203,银河新动能混合型证券投资基金A类,银河新动能混合A,银河基金管理有限公司,中国建设银行股份有限公司,混合型,20191118,30001231,1.2%,0.2%
007204,银华美元债精选债券型证券投资基金(QDII)A类,银华美元债精选债券(QDII)A,银华基金管理股份有限公司,中国农业银行股份有限公司,其他型,20190527,30001231,0.5%,0.15%
007205,银华美元债精选债券型证券投资基金(QDII)C类,银华美元债精选债券(QDII)C,银华基金管理股份有限公司,中国农业银行股份有限公司,其他型,20190527,30001231,0.5%,0.15%
007206,银华丰华三个月定期开放债券型发起式证券投资基金,银华丰华三个月定期开放债券,银华基金管理股份有限公司,江苏银行股份有限公司,债券型,20190917,30001231,0.3%,0.05%
007207,华夏常阳三年定期开放混合型证券投资基金,华夏常阳三年定期开放混合,华夏基金管理有限公司,中国建设银行股份有限公司,混合型,20190920,30001231,1.2%,0.2%
007208,中邮中债-1-3年久期央企20债券指数证券投资基金A类,中邮中债-1-3年久期央企20债券指数A,中邮创业基金管理股份有限公司,徽商银行股份有限公司,债券型,20190415,30001231,0.25%,0.05%
007209,中邮中债-1-3年久期央企20债券指数证券投资基金C类,中邮中债-1-3年久期央企20债券指数C,中邮创业基金管理股份有限公司,徽商银行股份有限公司,债券型,20190415,30001231,0.25%,0.05%
007210,华商瑞丰短债债券型证券投资基金C类,华商瑞丰短债债券C,华商基金管理有限公司,中国工商银行股份有限公司,债券型,20190524,30001231,0.3%,0.1%
007211,汇安中短债债券型证券投资基金E类,汇安中短债债券E,汇安基金管理有限责任公司,中国农业银行股份有限公司,债券型,20190917,30001231,0.3%,0.1%
007212,山西证券裕泰3个月定期开放债券型发起式证券投资基金,山西证券裕泰3个月定期开放债券,山西证券股份有限公司,招商银行股份有限公司,债券型,20190530,30001231,0.3%,0.1%
007213,华安安平6个月定期开放债券型发起式证券投资基金,华安安平6个月定期开放债券,华安基金管理有限公司,平安银行股份有限公司,债券型,20190606,30001231,0.3%,0.1%
007214,国泰惠丰纯债债券型证券投资基金,国泰惠丰纯债债券,国泰基金管理有限公司,中国民生银行股份有限公司,债券型,20190805,30001231,0.3%,0.1%
007215,国寿安保泰荣纯债债券型证券投资基金,国寿安保泰荣纯债债券,国寿安保基金管理有限公司,华夏银行股份有限公司,债券型,20190425,30001231,0.3%,0.1%
007216,浙商港股通中华交易服务预期高股息指数增强型证券投资基金C类,浙商港股通中华交易服务预期高股息指数增强C,浙商基金管理有限公司,中国工商银行股份有限公司,股票型,20191030,30001231,1%,0.15%
007217,浙商智能行业优选混合型发起式证券投资基金C类,浙商智能行业优选混合C,浙商基金管理有限公司,招商银行股份有限公司,混合型,20190927,30001231,1.2%,0.2%
007218,蜂巢添幂中短债债券型证券投资基金A类,蜂巢添幂中短债债券A,蜂巢基金管理有限公司,上海银行股份有限公司,债券型,20190926,30001231,0.3%,0.05%
007219,蜂巢添幂中短债债券型证券投资基金C类,蜂巢添幂中短债债券C,蜂巢基金管理有限公司,上海银行股份有限公司,债券型,20190926,30001231,0.3%,0.05%
007220,天弘华享三个月定期开放债券型发起式证券投资基金,天弘华享三个月定期开放债券,天弘基金管理有限公司,中国光大银行股份有限公司,债券型,20190619,30001231,0.3%,0.1%
007221,摩根锦程均衡养老目标三年持有期混合型基金中基金(FOF)A类,摩根锦程均衡养老目标三年持有期混合(FOF)A,摩根基金管理(中国)有限公司,中国建设银行股份有限公司,混合型,20190902,30001231,0.6%,0.2%
007223,工银瑞信中证500交易型开放式指数证券投资基金联接基金C类,工银瑞信中证500ETF联接C,工银瑞信基金管理有限公司,中国银行股份有限公司,股票型,20200218,30001231,0.45%,0.07%
007224,浙商惠泉3个月定期开放债券型证券投资基金A类,浙商惠泉3个月定期开放债券A,浙商基金管理有限公司,杭州银行股份有限公司,债券型,20191226,30001231,0.3%,0.1%
007225,浙商惠泉3个月定期开放债券型证券投资基金C类,浙商惠泉3个月定期开放债券C,浙商基金管理有限公司,杭州银行股份有限公司,债券型,20191226,30001231,0.3%,0.1%
007226,海富通中短债债券型证券投资基金C类,海富通中短债债券C,海富通基金管理有限公司,交通银行股份有限公司,债券型,20190924,30001231,0.3%,0.1%
007227,海富通中短债债券型证券投资基金A类,海富通中短债债券A,海富通基金管理有限公司,交通银行股份有限公司,债券型,20190924,30001231,0.3%,0.1%
007228,华安中债7-10年国开行债券指数证券投资基金A类,华安中债7-10年国开行债券指数A,华安基金管理有限公司,浙商银行股份有限公司,债券型,20191113,30001231,0.15%,0.05%
007229,华安中债7-10年国开行债券指数证券投资基金C类,华安中债7-10年国开行债券指数C,华安基金管理有限公司,浙商银行股份有限公司,债券型,20191113,30001231,0.15%,0.05%
007230,兴全沪深300指数增强型证券投资基金(LOF)C类,兴全沪深300指数增强(LOF)C,兴证全球基金管理有限公司,中国农业银行股份有限公司,股票型,20190605,30001231,0.8%,0.15%
007231,国泰民安养老目标日期2040三年持有期混合型基金中基金(FOF)A类,国泰民安养老目标日期2040三年持有期混合(FOF)A,国泰基金管理有限公司,中国银行股份有限公司,混合型,20190716,30001231,0.9%,0.15%
007232,万家平衡养老目标三年持有期混合型发起式基金中基金(FOF)A类,万家平衡养老目标三年持有期混合(FOF)A,万家基金管理有限公司,中国农业银行股份有限公司,混合型,20190422,30001231,0.8%,0.15%
007233,金鹰鑫益灵活配置混合型证券投资基金E类,金鹰鑫益灵活配置混合E,金鹰基金管理有限公司,招商银行股份有限公司,混合型,20190410,30001231,0.7%,0.1%
007235,广发聚利债券型证券投资基金(LOF)C类,广发聚利债券(LOF)C,广发基金管理有限公司,中国建设银行股份有限公司,债券型,20190419,30001231,0.6%,0.2%
007238,平安养老目标日期2035三年持有期混合型基金中基金(FOF)A类,平安养老目标日期2035三年持有期混合(FOF)A,平安基金管理有限公司,招商银行股份有限公司,混合型,20190619,30001231,0.6%,0.15%
007239,平安养老目标日期2035三年持有期混合型基金中基金(FOF)C类,平安养老目标日期2035三年持有期混合(FOF)C,平安基金管理有限公司,招商银行股份有限公司,混合型,20190619,30001231,0.6%,0.15%
007240,申万菱信安泰瑞利中短债债券型证券投资基金C类,申万菱信安泰瑞利中短债债券C,申万菱信基金管理有限公司,中国工商银行股份有限公司,债券型,20190904,30001231,0.3%,0.1%
007241,中欧预见养老目标日期2050五年持有期混合型发起式基金中基金(FOF)A类,中欧预见养老目标日期2050五年持有期混合(FOF)A,中欧基金管理有限公司,中国工商银行股份有限公司,混合型,20190510,30001231,0.9%,0.15%
007242,中欧预见养老目标日期2050五年持有期混合型发起式基金中基金(FOF)C类,中欧预见养老目标日期2050五年持有期混合(FOF)C,中欧基金管理有限公司,中国工商银行股份有限公司,混合型,20190510,30001231,0.9%,0.15%
007243,安信核心竞争力灵活配置混合型证券投资基金A类,安信核心竞争力灵活配置混合A,安信基金管理有限责任公司,中国农业银行股份有限公司,混合型,20190605,30001231,1.2%,0.2%
007244,安信核心竞争力灵活配置混合型证券投资基金C类,安信核心竞争力灵活配置混合C,安信基金管理有限责任公司,中国农业银行股份有限公司,混合型,20190605,30001231,1.2%,0.2%
007245,安信鑫日享中短债债券型证券投资基金A类,安信鑫日享中短债债券A,安信基金管理有限责任公司,中国民生银行股份有限公司,债券型,20190530,30001231,0.3%,0.1%
007246,安信鑫日享中短债债券型证券投资基金C类,安信鑫日享中短债债券C,安信基金管理有限责任公司,中国民生银行股份有限公司,债券型,20190530,30001231,0.3%,0.1%
007247,易方达汇智稳健养老目标一年持有期混合型基金中基金(FOF)A类,易方达汇智稳健养老目标一年持有期混合(FOF)A,易方达基金管理有限公司,中国银行股份有限公司,混合型,20191105,30001231,0.9%,0.2%
007249,广发均衡养老目标三年持有期混合型基金中基金(FOF)A类,广发均衡养老目标三年持有期混合(FOF)A,广发基金管理有限公司,中国建设银行股份有限公司,混合型,20190924,30001231,0.9%,0.2%
007250,广发养老目标日期2050五年持有期混合型发起式基金中基金(FOF)A类,广发养老目标日期2050五年持有期混合(FOF)A,广发基金管理有限公司,中国工商银行股份有限公司,混合型,20190426,30001231,0.9%,0.15%
007251,广发睿享稳健增利混合型证券投资基金A类,广发睿享稳健增利混合A,广发基金管理有限公司,中国建设银行股份有限公司,混合型,20190821,30001231,1%,0.2%
007252,广发中债农发行债券总指数证券投资基金A类,广发中债农发行债券总指数A,广发基金管理有限公司,中国民生银行股份有限公司,债券型,20191120,30001231,0.15%,0.05%
007253,广发中债农发行债券总指数证券投资基金C类,广发中债农发行债券总指数C,广发基金管理有限公司,中国民生银行股份有限公司,债券型,20191120,30001231,0.15%,0.05%
007254,广发均衡价值混合型证券投资基金A类,广发均衡价值混合A,广发基金管理有限公司,交通银行股份有限公司,混合型,20190621,30001231,1%,0.1%
007255,华宝稳健养老目标一年持有期混合型发起式基金中基金(FOF)A类,华宝稳健养老目标一年持有期混合(FOF)A,华宝基金管理有限公司,交通银行股份有限公司,混合型,20190425,30001231,0.6%,0.15%
007256,广发汇阳三个月定期开放债券型发起式证券投资基金,广发汇阳三个月定期开放债券,广发基金管理有限公司,杭州银行股份有限公司,债券型,20191121,30001231,0.3%,0.1%
007257,凯石沣混合型证券投资基金A类,凯石沣混合A,凯石基金管理有限公司,中国工商银行股份有限公司,混合型,20190923,20230531,1.5%,0.25%
007258,凯石沣混合型证券投资基金C类,凯石沣混合C,凯石基金管理有限公司,中国工商银行股份有限公司,混合型,20190923,20230531,1.5%,0.25%
007259,民生加银中债1-3年农发行债券指数证券投资基金,民生加银中债1-3年农发行债券指数,民生加银基金管理有限公司,中国农业银行股份有限公司,债券型,20190527,30001231,0.15%,0.05%
007260,国投瑞银顺祺纯债债券型证券投资基金,国投瑞银顺祺纯债债券,国投瑞银基金管理有限公司,浙商银行股份有限公司,债券型,20190709,30001231,0.3%,0.1%
007261,融通消费升级混合型证券投资基金,融通消费升级混合,融通基金管理有限公司,中国工商银行股份有限公司,混合型,20190716,30001231,1.2%,0.2%
007262,东方红聚利债券型证券投资基金A类,东方红聚利债券A,上海东方证券资产管理有限公司,招商银行股份有限公司,债券型,20190906,30001231,0.7%,0.15%
007263,东方红聚利债券型证券投资基金C类,东方红聚利债券C,上海东方证券资产管理有限公司,招商银行股份有限公司,债券型,20190906,30001231,0.7%,0.15%
007264,人保中高等级信用债债券型证券投资基金A类,人保中高等级信用债债券A,中国人保资产管理有限公司,中国工商银行股份有限公司,债券型,20190814,20230528,0.6%,0.2%
007265,人保中高等级信用债债券型证券投资基金C类,人保中高等级信用债债券C,中国人保资产管理有限公司,中国工商银行股份有限公司,债券型,20190814,20230528,0.6%,0.2%
007266,嘉实新添益定期开放混合型证券投资基金A类,嘉实新添益定期开放混合A,嘉实基金管理有限公司,交通银行股份有限公司,混合型,20190809,30001231,0.8%,0.15%
007267,嘉实新添益定期开放混合型证券投资基金C类,嘉实新添益定期开放混合C,嘉实基金管理有限公司,交通银行股份有限公司,混合型,20190809,30001231,0.8%,0.15%
007268,山西证券裕睿6个月定期开放债券型证券投资基金A类,山西证券裕睿6个月定期开放债券A,山西证券股份有限公司,中国光大银行股份有限公司,债券型,20190603,30001231,0.3%,0.1%
007269,山西证券裕睿6个月定期开放债券型证券投资基金C类,山西证券裕睿6个月定期开放债券C,山西证券股份有限公司,中国光大银行股份有限公司,债券型,20190603,30001231,0.3%,0.1%
007271,鹏华养老目标日期2045三年持有期混合型发起式基金中基金(FOF)A类,鹏华养老目标日期2045三年持有期混合(FOF)A,鹏华基金管理有限公司,中国银行股份有限公司,混合型,20190422,30001231,0.6%,0.15%
007272,景顺长城稳健养老目标三年持有期混合型发起式基金中基金(FOF)A类,景顺长城稳健养老目标三年持有期混合(FOF)A,景顺长城基金管理有限公司,中国银行股份有限公司,混合型,20190926,30001231,0.8%,0.2%
007273,鹏华长乐稳健养老目标一年持有期混合型发起式基金中基金(FOF)A类,鹏华长乐稳健养老目标一年持有期混合(FOF)A,鹏华基金管理有限公司,中国工商银行股份有限公司,混合型,20190422,30001231,0.6%,0.15%
007274,景顺长城养老目标日期2045五年持有期混合型发起式基金中基金(FOF),景顺长城养老目标日期2045五年持有期混合(FOF),景顺长城基金管理有限公司,招商银行股份有限公司,混合型,20191126,20221126,0.8%,0.15%
007275,银河沪深300指数增强型发起式证券投资基金A类,银河沪深300指数增强A,银河基金管理有限公司,中国工商银行股份有限公司,股票型,20190829,30001231,1%,0.2%
007276,银河沪深300指数增强型发起式证券投资基金C类,银河沪深300指数增强C,银河基金管理有限公司,中国工商银行股份有限公司,股票型,20190829,30001231,1%,0.2%
007277,恒生前海消费升级混合型证券投资基金,恒生前海消费升级混合,恒生前海基金管理有限公司,中国工商银行股份有限公司,混合型,20200119,30001231,1.5%,0.25%
007278,国泰兴富三个月定期开放债券型发起式证券投资基金,国泰兴富三个月定期开放债券,国泰基金管理有限公司,兴业银行股份有限公司,债券型,20190726,30001231,0.3%,0.1%
007279,永赢众利债券型证券投资基金,永赢众利债券,永赢基金管理有限公司,上海浦东发展银行股份有限公司,债券型,20190711,30001231,0.3%,0.1%
007280,摩根日本精选股票型证券投资基金(QDII)A类,摩根日本精选股票(QDII)A,摩根基金管理(中国)有限公司,中国银行股份有限公司,其他型,20190731,30001231,1.8%,0.25%
007281,嘉合消费升级混合型发起式证券投资基金,嘉合消费升级混合,嘉合基金管理有限公司,中国邮政储蓄银行股份有限公司,混合型,20190614,20220615,1.5%,0.15%
007282,华夏鼎淳债券型证券投资基金A类,华夏鼎淳债券A,华夏基金管理有限公司,中国工商银行股份有限公司,债券型,20190821,30001231,0.7%,0.2%
007283,华夏鼎淳债券型证券投资基金C类,华夏鼎淳债券C,华夏基金管理有限公司,中国工商银行股份有限公司,债券型,20190821,30001231,0.7%,0.2%
007284,工银瑞信中债1-5年进出口行债券指数证券投资基金A类,工银瑞信中债1-5年进出口行债券指数A,工银瑞信基金管理有限公司,江苏银行股份有限公司,债券型,20191128,30001231,0.15%,0.05%
007285,工银瑞信中债1-5年进出口行债券指数证券投资基金C类,工银瑞信中债1-5年进出口行债券指数C,工银瑞信基金管理有限公司,江苏银行股份有限公司,债券型,20191128,30001231,0.15%,0.05%
007286,中邮纯债裕利三个月定期开放债券型发起式证券投资基金,中邮纯债裕利三个月定期开放债券,中邮创业基金管理股份有限公司,中信银行股份有限公司,债券型,20190426,30001231,0.3%,0.1%
007287,合煦智远消费主题股票型发起式证券投资基金A类,合煦智远消费主题股票A,合煦智远基金管理有限公司,中国工商银行股份有限公司,股票型,20190703,30001231,1.2%,0.2%
007288,合煦智远消费主题股票型发起式证券投资基金C类,合煦智远消费主题股票C,合煦智远基金管理有限公司,中国工商银行股份有限公司,股票型,20190703,30001231,1.2%,0.2%
007289,汇添富中债1-3年农发行债券指数证券投资基金A类,汇添富中债1-3年农发行债券指数A,汇添富基金管理股份有限公司,上海浦东发展银行股份有限公司,债券型,20190619,30001231,0.15%,0.05%
007290,汇添富中债1-3年农发行债券指数证券投资基金C类,汇添富中债1-3年农发行债券指数C,汇添富基金管理股份有限公司,上海浦东发展银行股份有限公司,债券型,20190619,30001231,0.15%,0.05%
007291,汇丰晋信港股通双核策略混合型证券投资基金,汇丰晋信港股通双核策略混合,汇丰晋信基金管理有限公司,招商银行股份有限公司,混合型,20190802,30001231,1.5%,0.25%
