基金代码,基金简称,持仓日期,股票代码,股票名称,数量,市值,市值占基金资产净值比,第N大重仓股,所在证券市场,所属国家(地区),报告类型
007484,信澳核心科技混合A,20201231,600563,法拉电子,151369.0,16279735.95,0.0257,4,上海证券交易所,中华人民共和国,季报
006713,前海开源MSCI中国A股消费指数C,20210630,002216,三全食品,21770.0,358551.9,0.0021,2,深圳证券交易所,中华人民共和国,年报(含半年报)
008935,大成科技消费股票C,20210630,300991,创益通,335.0,9662.5,0.0,93,深圳证券交易所,中华人民共和国,年报(含半年报)
010916,交银施罗德臻选回报混合A,20210630,002831,裕同科技,162300.0,4818687.0,0.0055,12,深圳证券交易所,中华人民共和国,年报(含半年报)
009187,天弘聚新三个月定期开放混合C,20211231,603601,再升科技,316500.0,3927765.0,0.0124,7,上海证券交易所,中华人民共和国,年报(含半年报)
007571,南方上证380ETF联接C,20200630,600559,老白干酒,402.0,5205.9,0.0,95,上海证券交易所,中华人民共和国,年报(含半年报)
009273,融通中国风1号灵活配置混合C,20201231,300725,药石科技,2103295.0,290254710.0,0.0378,10,深圳证券交易所,中华人民共和国,季报
009939,淳厚欣享一年持有期混合C,20210630,600690,海尔智家,1396700.0,36188497.0,0.0188,15,上海证券交易所,中华人民共和国,年报(含半年报)
009139,嘉实瑞成两年持有期混合C,20211231,688212,澳华内镜,3496.0,132043.92,0.0,71,上海证券交易所,中华人民共和国,年报(含半年报)
512590,浦银安盛中证高股息精选ETF,20210630,002773,康弘药业,7400.0,171162.0,0.0015,100,深圳证券交易所,中华人民共和国,年报(含半年报)
008405,华泰紫金泰盈混合C,20210630,600132,重庆啤酒,163213.0,32308013.35,0.0364,12,上海证券交易所,中华人民共和国,年报(含半年报)
952024,国泰君安君得盛债券A,20201231,000799,酒鬼酒,17200.0,2691800.0,0.0094,8,深圳证券交易所,中华人民共和国,年报(含半年报)
007497,中庚价值灵动灵活配置混合,20211231,002039,黔源电力,1500000.0,31620000.0,0.0118,24,深圳证券交易所,中华人民共和国,年报(含半年报)
002415,融通通盈灵活配置混合,20201231,300876,蒙泰高新,350.0,12817.0,0.0,65,深圳证券交易所,中华人民共和国,年报(含半年报)
005680,财通资管价值成长混合A,20210630,688690,纳微科技,3477.0,277777.53,0.0002,36,上海证券交易所,中华人民共和国,年报(含半年报)
009437,信澳科技创新一年定期开放混合A,20210630,600036,招商银行,10396.0,563359.24,0.001,165,上海证券交易所,中华人民共和国,年报(含半年报)
008179,同泰慧盈混合C,20211231,301179,泽宇智能,110.0,5584.7,0.0,277,深圳证券交易所,中华人民共和国,年报(含半年报)
007524,汇添富内需增长股票C,20200630,603392,万泰生物,785.0,129525.0,0.0001,59,上海证券交易所,中华人民共和国,年报(含半年报)
007339,易方达沪深300ETF联接C,20191231,300498,温氏股份,3700.0,124320.0,0.0,81,深圳证券交易所,中华人民共和国,年报(含半年报)
009234,鹏华优质企业混合A,20201231,300870,欧陆通,478.0,31390.26,0.0,39,深圳证券交易所,中华人民共和国,年报(含半年报)
009100,安信稳健增利混合A,20211231,301188,力诺特玻,647.0,13250.56,0.0,157,深圳证券交易所,中华人民共和国,年报(含半年报)
008841,德邦大消费混合C,20210630,688092,爱科科技,1137.0,37759.77,0.0002,58,上海证券交易所,中华人民共和国,年报(含半年报)
515120,广发中证创新药产业ETF,20201225,300347,泰格医药,413593.0,68863234.5,0.0415,5,深圳证券交易所,中华人民共和国,其他
010225,东方红启航三年持有期混合B,20211231,002142,宁波银行,1365841.0,52284393.48,0.0183,25,深圳证券交易所,中华人民共和国,年报(含半年报)
159990,银华巨潮小盘价值ETF,20201231,000623,吉林敖东,35100.0,578097.0,0.0119,7,深圳证券交易所,中华人民共和国,年报(含半年报)
009913,中信保诚成长动力混合A,20211231,300854,中兰环保,203.0,5539.87,0.0,141,深圳证券交易所,中华人民共和国,年报(含半年报)
008909,创金合信鑫益混合A,20200630,603160,汇顶科技,7574.0,1688244.6,0.0073,36,上海证券交易所,中华人民共和国,年报(含半年报)
007770,同泰开泰混合A,20200630,002497,雅化集团,248800.0,2296424.0,0.0193,18,深圳证券交易所,中华人民共和国,年报(含半年报)
006687,方正富邦深证100ETF联接A,20210630,002236,大华股份,2600.0,54860.0,0.0001,62,深圳证券交易所,中华人民共和国,年报(含半年报)
008671,银华科技创新混合,20201231,002410,广联达,634105.0,49929427.7,0.0917,1,深圳证券交易所,中华人民共和国,年报(含半年报)
008036,蜂巢恒利债券C,20211231,601336,新华保险,1000.0,38880.0,0.0001,130,上海证券交易所,中华人民共和国,年报(含半年报)
009187,天弘聚新三个月定期开放混合C,20201231,600519,贵州茅台,2900.0,5794200.0,0.0111,4,上海证券交易所,中华人民共和国,季报
007811,淳厚信泽灵活配置混合A,20210630,688586,江航装备,70000.0,1951600.0,0.0051,43,上海证券交易所,中华人民共和国,年报(含半年报)
000961,天弘沪深300ETF联接A,20191208,603501,韦尔股份,7100.0,1028790.0,0.0002,1,上海证券交易所,中华人民共和国,季报
009863,富国创新趋势股票,20210630,688036,传音控股,1664271.0,348664774.5,0.0348,11,上海证券交易所,中华人民共和国,年报(含半年报)
003980,中银证券瑞益灵活配置混合A,20190331,002568,百润股份,186800.0,2744092.0,0.043,3,深圳证券交易所,中华人民共和国,季报
005761,招商MSCI中国A股国际通ETF联接A,20190630,300142,沃森生物,161000.0,4565960.0,0.0019,132,深圳证券交易所,中华人民共和国,年报(含半年报)
007307,华泰柏瑞基本面智选混合C,20200630,300839,博汇股份,251.0,5875.91,0.0002,48,深圳证券交易所,中华人民共和国,年报(含半年报)
007939,华夏网购精选灵活配置混合C,20210630,300982,苏文电能,317.0,14356.93,0.0,156,深圳证券交易所,中华人民共和国,年报(含半年报)
002458,国泰民利策略收益灵活配置混合,20211231,301179,泽宇智能,295.0,14977.15,0.0,68,深圳证券交易所,中华人民共和国,年报(含半年报)
009260,民生加银聚利6个月持有期混合A,20210630,000661,长春高新,9400.0,3637800.0,0.0026,30,深圳证券交易所,中华人民共和国,年报(含半年报)
501091,嘉实欣荣混合(LOF)A,20201231,300889,爱克股份,486.0,14648.05,0.0,78,深圳证券交易所,中华人民共和国,年报(含半年报)
009624,安信稳健阿尔法定期开放混合C,20211231,301083,百胜智能,416.0,5911.36,0.0,558,深圳证券交易所,中华人民共和国,年报(含半年报)
009381,汇安核心资产混合A,20210630,301012,扬电科技,1691.0,56994.16,0.0001,88,深圳证券交易所,中华人民共和国,年报(含半年报)
009031,工银瑞信聚和一年定期开放混合A,20201231,688063,派能科技,4511.0,1166634.82,0.0017,38,上海证券交易所,中华人民共和国,年报(含半年报)
009152,南方瑞盛三年持有期混合A,20210630,09922,九毛九,327000.0,8638862.58,0.0051,51,中国香港证券交易所,中国香港特别行政区,年报(含半年报)
006769,长城研究精选混合A,20211231,301025,读客文化,403.0,8414.64,0.0,158,深圳证券交易所,中华人民共和国,年报(含半年报)
010229,平安鼎弘混合(LOF)D,20210630,002601,龙佰集团,300.0,10374.0,0.0006,58,深圳证券交易所,中华人民共和国,年报(含半年报)
010228,平安鼎弘混合(LOF)C,20210630,002709,天赐材料,250.0,26645.0,0.0015,33,深圳证券交易所,中华人民共和国,年报(含半年报)
008835,富国量化对冲策略三个月持有期灵活配置混合A,20210630,688226,威腾电气,2693.0,17289.06,0.0,235,上海证券交易所,中华人民共和国,年报(含半年报)
007132,长城港股通价值精选多策略混合A,20211231,02331,李宁,30000.0,2093464.8,0.0167,15,中国香港证券交易所,中国香港特别行政区,年报(含半年报)
008795,海富通阿尔法对冲混合C,20211231,002444,巨星科技,156400.0,4771764.0,0.001,180,深圳证券交易所,中华人民共和国,年报(含半年报)
009681,南方创新精选一年定期开放混合A,20210630,836675,秉扬科技,477163.0,6608707.55,0.0022,36,股份转让市场(三板市场),中华人民共和国,年报(含半年报)
010045,汇添富稳健添盈一年持有期混合,20211231,688161,威高骨科,3069.0,195556.68,0.0,43,上海证券交易所,中华人民共和国,年报(含半年报)
008246,圆信永丰致优混合C,20211231,600483,福能股份,700000.0,11396000.0,0.0106,25,上海证券交易所,中华人民共和国,年报(含半年报)
009382,汇安核心资产混合C,20210630,301017,漱玉平民,5550.0,49173.0,0.0001,95,深圳证券交易所,中华人民共和国,年报(含半年报)
159999,永赢中证500ETF,20201231,600497,驰宏锌锗,39700.0,190560.0,0.0026,96,上海证券交易所,中华人民共和国,年报(含半年报)
515810,易方达中证800ETF,20201231,600118,中国卫星,2200.0,70796.0,0.0007,305,上海证券交易所,中华人民共和国,年报(含半年报)
007307,华泰柏瑞基本面智选混合C,20210630,300015,爱尔眼科,2593.0,184051.14,0.0008,19,深圳证券交易所,中华人民共和国,年报(含半年报)
006976,鹏华核心优势混合A,20211231,300950,德固特,219.0,9143.25,0.0,148,深圳证券交易所,中华人民共和国,年报(含半年报)
006739,工银瑞信添慧债券C,20201231,000858,五粮液,2700.0,787995.0,0.0066,8,深圳证券交易所,中华人民共和国,年报(含半年报)
008712,景顺长城品质成长混合A,20201231,300892,品渥食品,272.0,16322.72,0.0,76,深圳证券交易所,中华人民共和国,年报(含半年报)
007882,易方达证券保险ETF联接C,20200331,601916,浙商银行,294195.0,1167954.15,0.0008,3,上海证券交易所,中华人民共和国,季报
006013,易方达鑫转招利混合A,20210630,600900,长江电力,105800.0,2183712.0,0.0023,37,上海证券交易所,中华人民共和国,年报(含半年报)
007799,申万菱信中小企业100指数(LOF)C,20210630,002230,科大讯飞,65640.0,4435951.2,0.0279,7,深圳证券交易所,中华人民共和国,季报
007726,招商瑞文混合C,20210630,301010,晶雪节能,218.0,3838.98,0.0,103,深圳证券交易所,中华人民共和国,年报(含半年报)
011143,创金合信新材料新能源股票C,20211231,300982,苏文电能,317.0,23328.03,0.0,85,深圳证券交易所,中华人民共和国,年报(含半年报)
009764,惠升和悦债券C,20210630,01801,信达生物,335000.0,25240522.74,0.007,6,中国香港证券交易所,中国香港特别行政区,季报
009114,鹏扬景泓回报灵活配置混合A,20211231,301050,雷电微力,29380.0,7161505.2,0.026,15,深圳证券交易所,中华人民共和国,年报(含半年报)
008954,安信价值回报三年持有期混合A,20211231,301082,久盛电气,915.0,19699.95,0.0,81,深圳证券交易所,中华人民共和国,年报(含半年报)
007401,浦银安盛颐和稳健养老目标一年持有期混合(FOF)A,20210930,600111,北方稀土,578367.0,25604307.09,0.0047,5,上海证券交易所,中华人民共和国,季报
860029,光大阳光对冲策略6个月持有期灵活配置混合C,20211231,600418,江淮汽车,2000.0,34800.0,0.0001,341,上海证券交易所,中华人民共和国,年报(含半年报)
008271,大成优势企业混合A,20210630,300922,天秦装备,287.0,9996.21,0.0,141,深圳证券交易所,中华人民共和国,年报(含半年报)
007063,长盛研发回报混合,20211231,301087,可孚医疗,199.0,15181.09,0.0001,80,深圳证券交易所,中华人民共和国,年报(含半年报)
010432,广发国证2000ETF联接C,20210630,002389,航天彩虹,300.0,6549.0,0.0001,121,深圳证券交易所,中华人民共和国,年报(含半年报)
006234,万家汽车新趋势混合C,20200630,300843,胜蓝股份,751.0,7517.51,0.0,45,深圳证券交易所,中华人民共和国,年报(含半年报)
009108,富国红利精选混合(QDII),20211231,03690,美团-W,160000.0,29485926.4,0.0364,2,中国香港证券交易所,中国香港特别行政区,年报(含半年报)
010739,大成优选升级一年持有期混合C,20211231,02500,启明医疗-B,30000.0,726028.8,0.0015,20,中国香港证券交易所,中国香港特别行政区,年报(含半年报)
002456,招商安元灵活配置混合A,20211231,600030,中信证券,151100.0,3990551.0,0.0081,10,上海证券交易所,中华人民共和国,年报(含半年报)
009883,华润元大核心动力混合C,20211231,300223,北京君正,15000.0,2010000.0,0.0641,4,深圳证券交易所,中华人民共和国,年报(含半年报)
007966,民生加银品质消费股票C,20200930,300122,智飞生物,21600.0,3009096.0,0.0351,8,深圳证券交易所,中华人民共和国,季报
008119,鹏华金享混合,20211231,301066,万事利,344.0,7856.96,0.0,110,深圳证券交易所,中华人民共和国,年报(含半年报)
515020,华夏中证银行ETF,20200630,600919,江苏银行,725000.0,4110750.0,0.0252,14,上海证券交易所,中华人民共和国,年报(含半年报)
009951,广发稳健回报混合A,20201231,300408,三环集团,9467300.0,343587157.8,0.0244,5,深圳证券交易所,中华人民共和国,季报
009856,中加新兴成长混合C,20201231,002271,东方雨虹,4000.0,155200.0,0.0012,42,深圳证券交易所,中华人民共和国,年报(含半年报)
009120,广发品质回报混合C,20211231,301082,久盛电气,915.0,19699.95,0.0,37,深圳证券交易所,中华人民共和国,年报(含半年报)
009846,富兰克林国海港股通远见价值混合A,20211231,01999,敏华控股,5800000.0,57284326.4,0.0326,3,中国香港证券交易所,中国香港特别行政区,年报(含半年报)
008891,安信价值成长混合A,20210630,301011,华立科技,175.0,5922.0,0.0,105,深圳证券交易所,中华人民共和国,年报(含半年报)
009149,富国绝对收益多策略定期开放混合C,20210930,300059,东方财富,462428.0,15893650.36,0.0184,4,深圳证券交易所,中华人民共和国,季报
004695,东兴未来价值灵活配置混合A,20210630,600872,中炬高新,1400.0,58828.0,0.0064,25,上海证券交易所,中华人民共和国,年报(含半年报)
010186,嘉实核心成长混合A,20211231,301136,招标股份,7172.0,75449.44,0.0,59,深圳证券交易所,中华人民共和国,年报(含半年报)
009734,创金合信港股通大消费精选股票C,20210331,600519,贵州茅台,300.0,602700.0,0.0465,8,上海证券交易所,中华人民共和国,季报
004557,北信瑞丰鼎丰灵活配置混合,20201231,600760,中航沈飞,5000.0,390900.0,0.0142,16,上海证券交易所,中华人民共和国,年报(含半年报)
010453,广发瑞福精选混合C,20210630,605011,杭州热电,525.0,4662.0,0.0,89,上海证券交易所,中华人民共和国,年报(含半年报)
580008,东吴新产业精选股票A,20201231,300869,康泰医学,862.0,95578.56,0.0002,29,深圳证券交易所,中华人民共和国,年报(含半年报)
007326,国投瑞银新增长灵活配置混合C,20211231,600690,海尔智家,153900.0,4600071.0,0.0071,18,上海证券交易所,中华人民共和国,年报(含半年报)
009918,上银核心成长混合A,20211231,605080,浙江自然,1000.0,74800.0,0.0041,76,上海证券交易所,中华人民共和国,年报(含半年报)
006973,太平睿盈混合A,20201231,603195,公牛集团,10000.0,2052900.0,0.0035,33,上海证券交易所,中华人民共和国,年报(含半年报)
008918,长信先锐混合C,20200930,600276,恒瑞医药,72400.0,6502968.0,0.0088,3,上海证券交易所,中华人民共和国,季报
006364,招商丰韵混合A,20210630,002541,鸿路钢构,848300.0,49498305.0,0.0454,5,深圳证券交易所,中华人民共和国,季报
011143,创金合信新材料新能源股票C,20210630,688239,航宇科技,4926.0,56550.48,0.0001,59,上海证券交易所,中华人民共和国,年报(含半年报)
159983,华夏粤港澳大湾区创新100ETF,20200930,00700,腾讯控股,24200.0,10877059.78,0.0978,1,中国香港证券交易所,中国香港特别行政区,季报
007469,中信建投策略精选混合C,20211231,301088,戎美股份,161.0,3971.87,0.0,161,深圳证券交易所,中华人民共和国,年报(含半年报)
009822,鹏华招华一年持有期混合A,20211231,301066,万事利,344.0,7856.96,0.0,154,深圳证券交易所,中华人民共和国,年报(含半年报)
515900,博时中证央企创新驱动ETF,20200630,601718,际华集团,6728200.0,22337624.0,0.002,81,上海证券交易所,中华人民共和国,年报(含半年报)
952035,国泰君安君得诚混合,20201231,00700,腾讯控股,50708.0,24070324.95,0.0191,17,中国香港证券交易所,中国香港特别行政区,年报(含半年报)
169103,东方红睿轩三年定期开放灵活配置混合,20191231,000333,美的集团,4612620.0,268685115.0,0.0698,2,深圳证券交易所,中华人民共和国,年报(含半年报)
007217,浙商智能行业优选混合C,20210630,688680,海优新材,2795.0,718315.0,0.0006,88,上海证券交易所,中华人民共和国,年报(含半年报)
006608,泓德研究优选混合,20210630,301004,嘉益股份,312.0,6845.28,0.0,120,深圳证券交易所,中华人民共和国,年报(含半年报)
010489,鹏华优选成长混合C,20210630,002851,麦格米特,973650.0,30407089.5,0.0057,28,深圳证券交易所,中华人民共和国,年报(含半年报)
009414,中银大健康股票A,20211231,688016,心脉医疗,14044.0,3493304.56,0.0088,33,上海证券交易所,中华人民共和国,年报(含半年报)
007083,平安高端制造混合C,20210630,688660,电气风电,51238.0,371987.88,0.0002,55,上海证券交易所,中华人民共和国,年报(含半年报)
007686,东方价值挖掘灵活配置混合C,20211231,002841,视源股份,17000.0,1383800.0,0.0032,45,深圳证券交易所,中华人民共和国,年报(含半年报)
006930,泰康中证港股通TMT主题指数A,20191231,00799,IGG,24000.0,123617.64,0.0029,34,中国香港证券交易所,中国香港特别行政区,年报(含半年报)
952024,国泰君安君得盛债券A,20200630,300450,先导智能,82300.0,3803083.0,0.004,11,深圳证券交易所,中华人民共和国,年报(含半年报)
009710,诺德新盛灵活配置混合C,20211231,000681,视觉中国,4000.0,95600.0,0.0126,16,深圳证券交易所,中华人民共和国,年报(含半年报)
515030,华夏中证新能源汽车ETF,20211231,300769,德方纳米,266512.0,130900033.92,0.0137,23,深圳证券交易所,中华人民共和国,年报(含半年报)
515390,华安沪深300ETF,20200630,000333,美的集团,43977.0,2629384.83,0.0183,6,深圳证券交易所,中华人民共和国,年报(含半年报)
007775,汇安量化先锋混合A,20201231,003030,祖名股份,360.0,5464.8,0.0001,54,深圳证券交易所,中华人民共和国,年报(含半年报)
515550,国联中证500ETF,20211231,000932,华菱钢铁,16200.0,82782.0,0.0028,77,深圳证券交易所,中华人民共和国,年报(含半年报)
008842,同泰远见灵活配置混合A,20210630,300950,德固特,219.0,8569.47,0.0001,48,深圳证券交易所,中华人民共和国,年报(含半年报)
010776,博时恒旭一年持有期混合C,20211231,002709,天赐材料,126300.0,14480295.0,0.0072,3,深圳证券交易所,中华人民共和国,季报
515810,易方达中证800ETF,20211231,300257,开山股份,1100.0,17468.0,0.0002,721,深圳证券交易所,中华人民共和国,年报(含半年报)
010300,南方产业升级混合C,20211231,600383,金地集团,2184600.0,28334262.0,0.0114,28,上海证券交易所,中华人民共和国,年报(含半年报)
010211,景顺长城顺鑫回报混合A,20201231,601318,中国平安,63800.0,5549324.0,0.0071,3,上海证券交易所,中华人民共和国,季报
006435,景顺长城创新成长混合,20211231,688696,极米科技,194878.0,107572656.0,0.0227,17,上海证券交易所,中华人民共和国,年报(含半年报)
002622,广发稳裕混合A,20201231,000333,美的集团,154700.0,15228668.0,0.0205,1,深圳证券交易所,中华人民共和国,季报
006123,国联高股息精选混合A,20211231,002025,航天电器,5300.0,444935.0,0.006,32,深圳证券交易所,中华人民共和国,年报(含半年报)
008527,华泰柏瑞行业精选混合C,20210930,300750,宁德时代,17300.0,9095129.0,0.0903,1,深圳证券交易所,中华人民共和国,季报
510100,易方达上证50ETF,20200930,600519,贵州茅台,27600.0,46050600.0,0.1247,1,上海证券交易所,中华人民共和国,季报
009818,红塔红土稳健精选混合C,20210331,000858,五粮液,23300.0,6243934.0,0.0185,2,深圳证券交易所,中华人民共和国,季报
009030,工银瑞信高质量成长混合C,20210331,00700,腾讯控股,552785.0,284993834.6,0.0909,1,中国香港证券交易所,中国香港特别行政区,季报
009426,鹏扬景惠六个月持有期混合A,20211231,301198,喜悦智行,262.0,7650.4,0.0,89,深圳证券交易所,中华人民共和国,年报(含半年报)
009354,浙商科技创新一个月滚动持有混合C,20210630,001207,联科科技,682.0,22581.02,0.0001,50,深圳证券交易所,中华人民共和国,年报(含半年报)
008328,诺安新兴产业混合,20201231,600519,贵州茅台,23203.0,46359594.0,0.059,6,上海证券交易所,中华人民共和国,季报
005855,中科沃土沃瑞灵活配置混合A,20191231,688363,华熙生物,4400.0,366960.0,0.0242,21,上海证券交易所,中华人民共和国,年报(含半年报)
009918,上银核心成长混合A,20211231,600519,贵州茅台,200.0,410000.0,0.0222,1,上海证券交易所,中华人民共和国,季报
010011,景顺长城景颐招利6个月持有期债券A,20210331,000902,新洋丰,223600.0,3977844.0,0.0067,5,深圳证券交易所,中华人民共和国,季报
010450,广发恒悦债券C,20210630,601006,大秦铁路,500000.0,3290000.0,0.0023,35,上海证券交易所,中华人民共和国,年报(含半年报)
000006,西部利得量化成长混合A,20200630,600597,光明乳业,90000.0,1337400.0,0.0033,160,上海证券交易所,中华人民共和国,年报(含半年报)
920926,中金汇越量化对冲策略3个月定期开放灵活配置混合C,20210630,603899,晨光股份,500.0,42280.0,0.0008,149,上海证券交易所,中华人民共和国,年报(含半年报)
009970,财通内需增长12个月定期开放混合,20211231,601456,国联证券,8912656.0,119875223.2,0.0505,1,上海证券交易所,中华人民共和国,年报(含半年报)
009661,平安研究睿选混合A,20211231,301199,迈赫股份,402.0,12864.0,0.0,85,深圳证券交易所,中华人民共和国,年报(含半年报)
008408,恒生前海恒生沪深港通细分行业龙头指数C,20210630,02313,申洲国际,6000.0,979020.0,0.0116,27,中国香港证券交易所,中国香港特别行政区,年报(含半年报)
160528,博时研究优选灵活配置混合(LOF)C,20210630,600031,三一重工,3999903.0,116277180.21,0.047,9,上海证券交易所,中华人民共和国,年报(含半年报)
008150,嘉实远见企业精选两年持有期混合,20210630,002568,百润股份,230440.0,21843407.6,0.0106,33,深圳证券交易所,中华人民共和国,年报(含半年报)
010481,汇添富高质量成长精选2年持有期混合,20210630,03347,泰格医药,350000.0,53003496.0,0.0096,3,中国香港证券交易所,中国香港特别行政区,季报
009876,天弘甄选食品饮料股票C,20211231,301079,邵阳液压,140.0,3474.8,0.0,112,深圳证券交易所,中华人民共和国,年报(含半年报)
159983,华夏粤港澳大湾区创新100ETF,20201231,000050,深天马A,12900.0,190146.0,0.0018,76,深圳证券交易所,中华人民共和国,年报(含半年报)
166023,中欧瑞丰灵活配置混合(LOF)A,20191231,600498,烽火通信,1634987.0,44880393.15,0.0291,12,上海证券交易所,中华人民共和国,年报(含半年报)
006689,方正富邦信泓灵活配置混合A,20211231,000301,东方盛虹,19400.0,375196.0,0.0479,8,深圳证券交易所,中华人民共和国,年报(含半年报)
008885,博远博锐混合C,20211231,605369,拱东医疗,8700.0,1246623.0,0.0534,6,上海证券交易所,中华人民共和国,季报
010132,南方创新成长混合A,20211231,301033,迈普医学,108.0,6476.76,0.0,66,深圳证券交易所,中华人民共和国,年报(含半年报)
004218,前海开源裕和混合A,20201231,600690,海尔智家,106000.0,3096260.0,0.0048,16,上海证券交易所,中华人民共和国,年报(含半年报)
010080,中欧优势成长三个月定期开放混合,20201231,002709,天赐材料,642238.0,66664304.4,0.0568,2,深圳证券交易所,中华人民共和国,季报
007523,汇添富内需增长股票A,20211231,002594,比亚迪,30200.0,8097224.0,0.0124,23,深圳证券交易所,中华人民共和国,年报(含半年报)
007493,朱雀产业臻选混合A,20211231,603815,交建股份,2754821.0,21818182.32,0.0033,46,上海证券交易所,中华人民共和国,年报(含半年报)
006392,中信保诚创新成长灵活配置混合A,20210630,688079,美迪凯,8667.0,159472.8,0.0002,41,上海证券交易所,中华人民共和国,年报(含半年报)
005347,诺德量化优选6个月持有期混合,20211231,300955,嘉亨家化,232.0,7625.84,0.0,165,深圳证券交易所,中华人民共和国,年报(含半年报)
006862,招商和悦稳健养老目标一年持有期混合(FOF)C,20191231,000776,广发证券,177000.0,2685090.0,0.0031,20,深圳证券交易所,中华人民共和国,年报(含半年报)
006533,易方达科融混合,20210630,00763,中兴通讯,569200.0,11485283.45,0.021,21,中国香港证券交易所,中国香港特别行政区,年报(含半年报)
860028,光大阳光对冲策略6个月持有期灵活配置混合B,20200630,600956,新天绿能,1387.0,6990.48,0.0,403,上海证券交易所,中华人民共和国,年报(含半年报)
007505,华夏中证AH经济蓝筹股票指数A,20200630,00700,腾讯控股,19200.0,8744470.73,0.1255,1,中国香港证券交易所,中国香港特别行政区,年报(含半年报)
010028,华泰柏瑞创新升级混合C,20211231,600886,国投电力,7514.0,86185.58,0.0,103,上海证券交易所,中华人民共和国,年报(含半年报)
009520,中欧鼎利债券C,20201231,603799,华友钴业,153968.0,12209662.4,0.0107,2,上海证券交易所,中华人民共和国,季报
000961,天弘沪深300ETF联接A,20210630,600809,山西汾酒,4300.0,1926400.0,0.0003,28,上海证券交易所,中华人民共和国,年报(含半年报)
010246,华泰柏瑞量化先行混合C,20210331,300740,水羊股份,282267.0,6542949.06,0.0097,7,深圳证券交易所,中华人民共和国,季报
009879,平安低碳经济混合C,20210630,301002,崧盛股份,2001.0,159001.62,0.0,67,深圳证券交易所,中华人民共和国,年报(含半年报)
006881,华宝大健康混合A,20200630,000661,长春高新,33264.0,14479819.2,0.0802,1,深圳证券交易所,中华人民共和国,年报(含半年报)
008246,圆信永丰致优混合C,20211231,301100,风光股份,599.0,20707.43,0.0,115,深圳证券交易所,中华人民共和国,年报(含半年报)
007288,合煦智远消费主题股票C,20201231,000895,双汇发展,36900.0,1732086.0,0.0694,7,深圳证券交易所,中华人民共和国,季报
009873,中欧责任投资混合C,20210630,300967,晓鸣股份,561.0,6749.88,0.0,137,深圳证券交易所,中华人民共和国,年报(含半年报)
159968,博时中证500ETF,20211231,000738,航发控制,54600.0,1653288.0,0.0027,101,深圳证券交易所,中华人民共和国,年报(含半年报)
007412,景顺长城绩优成长混合A,20200630,300846,首都在线,1131.0,3811.47,0.0,53,深圳证券交易所,中华人民共和国,年报(含半年报)
010246,华泰柏瑞量化先行混合C,20210630,603363,傲农生物,241690.0,2489407.0,0.0029,124,上海证券交易所,中华人民共和国,年报(含半年报)
008480,永赢股息优选混合A,20200630,600055,万东医疗,2000089.0,32021424.89,0.0503,7,上海证券交易所,中华人民共和国,季报
006861,招商和悦稳健养老目标一年持有期混合(FOF)A,20191231,300207,欣旺达,238200.0,4649664.0,0.0053,10,深圳证券交易所,中华人民共和国,年报(含半年报)
000962,天弘中证500ETF联接A,20190630,600549,厦门钨业,419500.0,6003045.0,0.003,66,上海证券交易所,中华人民共和国,年报(含半年报)
007993,华夏中证全指证券公司ETF联接C,20201231,601108,财通证券,1800.0,22770.0,0.0001,13,上海证券交易所,中华人民共和国,年报(含半年报)
008795,海富通阿尔法对冲混合C,20211231,301118,恒光股份,315.0,15441.3,0.0,521,深圳证券交易所,中华人民共和国,年报(含半年报)
009511,信澳研究优选混合A,20211231,002335,科华数据,14021.0,509803.56,0.0004,308,深圳证券交易所,中华人民共和国,年报(含半年报)
008283,易方达金融行业股票A,20211231,301118,恒光股份,315.0,15441.3,0.0,45,深圳证券交易所,中华人民共和国,年报(含半年报)
159965,国联央视财经50ETF,20211231,600600,青岛啤酒,6100.0,603900.0,0.0074,36,上海证券交易所,中华人民共和国,年报(含半年报)
008075,招商核心优选股票A,20211231,002001,新和成,579980.0,18048977.6,0.0279,17,深圳证券交易所,中华人民共和国,年报(含半年报)
007523,汇添富内需增长股票A,20211231,000596,古井贡酒,12300.0,3001200.0,0.0046,42,深圳证券交易所,中华人民共和国,年报(含半年报)
004907,长安泓沣中短债债券A,20190331,000001,平安银行,40000.0,512800.0,0.0443,3,深圳证券交易所,中华人民共和国,季报
007491,南方信息创新混合C,20191231,300136,信维通信,1490500.0,67638890.0,0.0393,4,深圳证券交易所,中华人民共和国,季报
162907,泰信中证锐联基本面400指数(LOF),20191231,601128,常熟银行,13641.0,124269.51,0.0027,121,上海证券交易所,中华人民共和国,年报(含半年报)
008127,广发趋势优选灵活配置混合C,20210630,301009,可靠股份,801.0,22339.89,0.0,86,深圳证券交易所,中华人民共和国,年报(含半年报)
007067,浦银安盛先进制造混合C,20210630,688425,铁建重工,70617.0,432176.04,0.0008,22,上海证券交易所,中华人民共和国,年报(含半年报)
159973,弘毅远方国证民企领先100ETF,20201231,002120,韵达股份,118225.0,1856132.5,0.0026,92,深圳证券交易所,中华人民共和国,年报(含半年报)
006868,华夏科技成长股票,20210630,688630,芯碁微装,3397.0,198452.74,0.0002,38,上海证券交易所,中华人民共和国,年报(含半年报)
009032,工银瑞信聚和一年定期开放混合C,20201231,300884,狄耐克,499.0,16721.49,0.0,68,深圳证券交易所,中华人民共和国,年报(含半年报)
161118,易方达中小企业100指数(LOF)A,20210630,002299,圣农发展,40100.0,957588.0,0.0034,78,深圳证券交易所,中华人民共和国,年报(含半年报)
006879,华安智能生活混合A,20201231,688617,惠泰医疗,1673.0,124571.58,0.0,57,上海证券交易所,中华人民共和国,年报(含半年报)
008037,兴银先锋成长混合A,20200630,300842,帝科股份,455.0,18527.6,0.0001,73,深圳证券交易所,中华人民共和国,年报(含半年报)
009136,广发恒隆一年持有期混合C,20200630,603517,绝味食品,200000.0,14148000.0,0.0055,8,上海证券交易所,中华人民共和国,年报(含半年报)
163209,诺安创业板指数增强(LOF)A,20211231,001296,长江材料,310.0,18376.8,0.0001,4,深圳证券交易所,中华人民共和国,季报
009209,长信稳利资产配置一年持有期混合(FOF),20210630,002390,信邦制药,700000.0,7336000.0,0.0105,5,深圳证券交易所,中华人民共和国,年报(含半年报)
169105,东方红睿华沪港深灵活配置混合(LOF)A,20211231,301126,达嘉维康,662.0,12730.26,0.0,65,深圳证券交易所,中华人民共和国,年报(含半年报)
010246,华泰柏瑞量化先行混合C,20210630,000671,ST阳光城,1815785.0,9442082.0,0.0112,5,深圳证券交易所,中华人民共和国,季报
160425,华安创业板两年定期开放混合,20211231,300782,卓胜微,32000.0,10457600.0,0.0161,24,深圳证券交易所,中华人民共和国,年报(含半年报)
163114,申万菱信中证环保产业指数(LOF)A,20201231,300274,阳光电源,157265.0,11367114.2,0.0342,6,深圳证券交易所,中华人民共和国,季报
006867,易方达丰华债券C,20200630,600690,海尔智家,465271.0,8235296.7,0.0112,9,上海证券交易所,中华人民共和国,年报(含半年报)
010137,华泰柏瑞量化创享混合A,20211231,688378,奥来德,26800.0,2146680.0,0.0058,50,上海证券交易所,中华人民共和国,年报(含半年报)
002420,汇添富盈鑫灵活配置混合A,20191231,000661,长春高新,11700.0,5229900.0,0.0149,13,深圳证券交易所,中华人民共和国,年报(含半年报)
007497,中庚价值灵动灵活配置混合,20201231,300898,熊猫乳品,496.0,16382.88,0.0,143,深圳证券交易所,中华人民共和国,年报(含半年报)
162714,广发深证100指数(LOF)A,20210630,002594,比亚迪,4348.0,1091348.0,0.0234,7,深圳证券交易所,中华人民共和国,年报(含半年报)
009667,鹏华安庆混合A,20210630,603018,华设集团,1568064.0,12466108.8,0.0143,6,上海证券交易所,中华人民共和国,年报(含半年报)
007776,汇安量化先锋混合C,20211231,603128,华贸物流,25700.0,351576.0,0.0073,53,上海证券交易所,中华人民共和国,年报(含半年报)
007734,南方智锐混合C,20211231,301193,家联科技,297.0,8654.58,0.0,240,深圳证券交易所,中华人民共和国,年报(含半年报)
006168,德邦乐享生活混合C,20190630,002027,分众传媒,1540000.0,8146600.0,0.0225,14,深圳证券交易所,中华人民共和国,年报(含半年报)
009117,东兴中证消费50指数C,20210630,600298,安琪酵母,8623.0,468918.74,0.0075,15,上海证券交易所,中华人民共和国,年报(含半年报)
009860,易方达中证银行指数(LOF)C,20210930,002142,宁波银行,2801871.0,98485765.65,0.0534,5,深圳证券交易所,中华人民共和国,季报
008835,富国量化对冲策略三个月持有期灵活配置混合A,20211231,301092,争光股份,323.0,11472.96,0.0,255,深圳证券交易所,中华人民共和国,年报(含半年报)
010132,南方创新成长混合A,20211231,600941,中国移动,124803.0,7186156.74,0.0051,37,上海证券交易所,中华人民共和国,年报(含半年报)
005919,天弘中证500ETF联接C,20210630,600737,中粮糖业,16600.0,166166.0,0.0001,268,上海证券交易所,中华人民共和国,年报(含半年报)
008404,华泰紫金泰盈混合A,20210630,600110,诺德股份,69500.0,846510.0,0.001,24,上海证券交易所,中华人民共和国,年报(含半年报)
010236,广发电子信息传媒产业精选股票C,20211231,301073,君亭酒店,144.0,4608.0,0.0,110,深圳证券交易所,中华人民共和国,年报(含半年报)
008292,民生加银沪深300ETF联接C,20200630,000651,格力电器,1700.0,96169.0,0.0005,7,深圳证券交易所,中华人民共和国,年报(含半年报)
007505,华夏中证AH经济蓝筹股票指数A,20210630,601881,中国银河,6500.0,70070.0,0.0003,325,上海证券交易所,中华人民共和国,年报(含半年报)
009542,银华富利精选混合A,20201231,300357,我武生物,2431813.0,186520057.1,0.0195,16,深圳证券交易所,中华人民共和国,年报(含半年报)
007528,融通量化多策略灵活配置混合C,20200630,000977,浪潮信息,173732.0,6806819.76,0.0445,4,深圳证券交易所,中华人民共和国,季报
010668,工银瑞信优选对冲策略灵活配置混合A,20211231,603324,盛剑环境,21200.0,1243592.0,0.0053,38,上海证券交易所,中华人民共和国,年报(含半年报)
007578,宝盈新锐灵活配置混合C,20210630,603896,寿仙谷,1452837.0,59188579.38,0.0891,2,上海证券交易所,中华人民共和国,季报
001594,天弘中证银行ETF联接A,20191231,601998,中信银行,2795738.0,17249703.46,0.0079,20,上海证券交易所,中华人民共和国,年报(含半年报)
009695,招商成长精选一年定期开放混合A,20210630,002127,南极电商,2317100.0,22638067.0,0.0345,13,深圳证券交易所,中华人民共和国,年报(含半年报)
005506,前海开源中药研究精选股票C,20190630,601899,紫金矿业,1040600.0,3923062.0,0.0953,1,上海证券交易所,中华人民共和国,季报
166107,信澳量化多因子混合(LOF)A,20201231,002648,卫星化学,100.0,2612.0,0.0003,341,深圳证券交易所,中华人民共和国,年报(含半年报)
007851,方正富邦天睿灵活配置混合C,20191231,601138,工业富联,21500.0,392805.0,0.0031,45,上海证券交易所,中华人民共和国,年报(含半年报)
001592,天弘创业板ETF联接A,20200630,300244,迪安诊断,18261.0,644613.3,0.0002,51,深圳证券交易所,中华人民共和国,年报(含半年报)
009264,泓德瑞兴三年持有期混合,20210630,00960,龙湖集团,4435000.0,160547000.0,0.0169,25,中国香港证券交易所,中国香港特别行政区,年报(含半年报)
010123,华泰柏瑞优势领航混合C,20211231,301056,森赫股份,572.0,6343.48,0.0,122,深圳证券交易所,中华人民共和国,年报(含半年报)
008768,创金合信上证超大盘量化精选股票A,20201231,600690,海尔智家,9600.0,280416.0,0.0222,13,上海证券交易所,中华人民共和国,年报(含半年报)
009474,国泰致远优势混合,20210930,600036,招商银行,4500073.0,227028682.85,0.0534,4,上海证券交易所,中华人民共和国,季报
009141,宏利价值长青混合A,20210630,300943,春晖智控,255.0,5867.55,0.0,115,深圳证券交易所,中华人民共和国,年报(含半年报)
010591,富国中国中小盘(香港上市)混合(QDII)(美元),20211231,01548,金斯瑞生物科技,930000.0,26232696.0,0.0063,40,中国香港证券交易所,中国香港特别行政区,年报(含半年报)
501042,汇添富弘安混合型(LOF)C,20201231,605277,新亚电子,507.0,8593.65,0.0,36,上海证券交易所,中华人民共和国,年报(含半年报)
008085,海富通先进制造股票A,20200630,603690,至纯科技,64500.0,2669010.0,0.0026,28,上海证券交易所,中华人民共和国,年报(含半年报)
005178,华夏睿磐泰利混合C,20190630,600031,三一重工,65800.0,860664.0,0.0024,21,上海证券交易所,中华人民共和国,年报(含半年报)
009778,长信消费升级混合A,20210630,603899,晨光股份,370100.0,31295656.0,0.046,8,上海证券交易所,中华人民共和国,年报(含半年报)
000512,国泰沪深300指数增强A,20190401,002736,国信证券,35000.0,478800.0,0.009,27,深圳证券交易所,中华人民共和国,年报(含半年报)
501041,汇添富弘安混合型(LOF)A,20210630,605011,杭州热电,525.0,4662.0,0.0,33,上海证券交易所,中华人民共和国,年报(含半年报)
007519,东方阿尔法优选混合C,20211231,300833,浩洋股份,31000.0,2511930.0,0.0094,53,深圳证券交易所,中华人民共和国,年报(含半年报)
008258,中银证券中证500ETF联接A,20210630,000960,锡业股份,300.0,4809.0,0.0001,75,深圳证券交易所,中华人民共和国,年报(含半年报)
005305,长信合利混合A,20211231,688786,悦安新材,1513.0,81717.13,0.0001,28,上海证券交易所,中华人民共和国,年报(含半年报)
010063,南方行业精选一年持有期混合C,20210630,600309,万华化学,1269876.0,138187906.32,0.0249,11,上海证券交易所,中华人民共和国,年报(含半年报)
010488,鹏华优选成长混合A,20210630,301015,百洋医药,462.0,17939.46,0.0,50,深圳证券交易所,中华人民共和国,年报(含半年报)
002489,国泰民福策略价值灵活配置混合A,20190630,601601,中国太保,51400.0,1876614.0,0.0102,15,上海证券交易所,中华人民共和国,年报(含半年报)
400020,东方成长回报平衡混合,20210630,603757,大元泵业,83700.0,1662282.0,0.004,36,上海证券交易所,中华人民共和国,年报(含半年报)
007887,东方红启元三年持有期混合B,20210331,300750,宁德时代,1196379.0,385437422.43,0.046,6,深圳证券交易所,中华人民共和国,季报
006991,民生加银康宁稳健养老目标一年持有期混合(FOF)A,20210630,301011,华立科技,175.0,5922.0,0.0,84,深圳证券交易所,中华人民共和国,年报(含半年报)
002959,汇添富盈泰灵活配置混合,20190812,601166,兴业银行,1000000.0,18830000.0,0.0333,2,上海证券交易所,中华人民共和国,年报(含半年报)
007244,安信核心竞争力灵活配置混合C,20210630,002241,歌尔股份,155000.0,6624700.0,0.0247,7,深圳证券交易所,中华人民共和国,季报
515390,华安沪深300ETF,20210630,600919,江苏银行,283440.0,2012424.0,0.0037,69,上海证券交易所,中华人民共和国,年报(含半年报)
860018,光大阳光智造混合A,20211231,600486,扬农化工,140000.0,18368000.0,0.0357,11,上海证券交易所,中华人民共和国,年报(含半年报)
004892,华润元大成长精选股票C,20201231,600409,三友化工,79100.0,810775.0,0.0122,7,上海证券交易所,中华人民共和国,季报
010057,平安瑞兴一年定期开放混合C,20210630,688036,传音控股,3303.0,691978.5,0.0014,19,上海证券交易所,中华人民共和国,年报(含半年报)
006006,诺安鼎利混合C,20191231,002602,世纪华通,700.0,8001.0,0.0001,143,深圳证券交易所,中华人民共和国,年报(含半年报)
008634,万家科技创新混合C,20201231,300661,圣邦股份,166650.0,43962270.0,0.0587,8,深圳证券交易所,中华人民共和国,季报
004977,华润元大景泰混合C,20211231,600588,用友网络,1000.0,35880.0,0.0001,56,上海证券交易所,中华人民共和国,年报(含半年报)
002690,前海开源恒泽混合A,20211231,688786,悦安新材,1513.0,81717.13,0.0002,93,上海证券交易所,中华人民共和国,年报(含半年报)
006621,华夏养老目标日期2045三年持有期混合(FOF)C,20201231,600993,马应龙,225300.0,4537542.0,0.0042,16,上海证券交易所,中华人民共和国,年报(含半年报)
009887,广发稳健优选六个月持有期混合A,20201231,300132,青松股份,4526300.0,85049177.0,0.0051,27,深圳证券交易所,中华人民共和国,年报(含半年报)
007527,融通量化多策略灵活配置混合A,20210630,002475,立讯精密,29575.0,1360450.0,0.0281,14,深圳证券交易所,中华人民共和国,年报(含半年报)
006615,工银瑞信战略新兴产业混合A,20211231,603444,吉比特,63800.0,26914030.0,0.022,14,上海证券交易所,中华人民共和国,年报(含半年报)
007509,华商润丰灵活配置混合C,20211231,301050,雷电微力,120.0,28168.8,0.0001,64,深圳证券交易所,中华人民共和国,年报(含半年报)
006873,长信颐天平衡养老目标三年持有期混合(FOF)C,20201231,002507,涪陵榨菜,65300.0,2762190.0,0.0092,6,深圳证券交易所,中华人民共和国,季报
009330,鹏华成长价值混合A,20211231,603806,福斯特,96300.0,12571965.0,0.0084,16,上海证券交易所,中华人民共和国,年报(含半年报)
003958,安信量化精选沪深300指数增强C,20190506,600977,中国电影,2700.0,43848.0,0.0007,183,上海证券交易所,中华人民共和国,年报(含半年报)
006858,蜂巢卓睿灵活配置混合C,20211231,600884,杉杉股份,3900.0,127803.0,0.009,42,上海证券交易所,中华人民共和国,年报(含半年报)
006991,民生加银康宁稳健养老目标一年持有期混合(FOF)A,20211231,301168,通灵股份,329.0,17150.77,0.0,61,深圳证券交易所,中华人民共和国,年报(含半年报)
161913,万家社会责任18个月定期开放混合(LOF)C,20210930,600808,马钢股份,15342300.0,75944385.0,0.0524,3,上海证券交易所,中华人民共和国,季报
009909,嘉实动力先锋混合A,20211231,300774,倍杰特,444.0,9359.52,0.0,72,深圳证券交易所,中华人民共和国,年报(含半年报)
005919,天弘中证500ETF联接C,20200630,000830,鲁西化工,448800.0,3348048.0,0.0014,277,深圳证券交易所,中华人民共和国,年报(含半年报)
952035,国泰君安君得诚混合,20211231,301039,中集车辆,1373.0,17176.23,0.0,75,深圳证券交易所,中华人民共和国,年报(含半年报)
007127,博道远航混合C,20210630,300929,华骐环保,183.0,5407.65,0.0,322,深圳证券交易所,中华人民共和国,年报(含半年报)
860052,光大阳光启明星创新驱动主题混合B,20210630,603906,龙蟠科技,2384883.0,83470905.0,0.0906,1,上海证券交易所,中华人民共和国,季报
009975,华宝标普美国品质消费股票指数(QDII-LOF)C,20201231,,,10783.0,9953545.79,0.0419,5,,,季报
010654,天弘医药创新混合A,20210630,605287,德才股份,349.0,11014.44,0.0,59,上海证券交易所,中华人民共和国,年报(含半年报)
008033,中加科盈混合A,20210630,300894,火星人,628.0,42704.0,0.0001,75,深圳证券交易所,中华人民共和国,年报(含半年报)
009016,泓德睿享一年持有期混合C,20210630,300628,亿联网络,29700.0,2488860.0,0.003,33,深圳证券交易所,中华人民共和国,年报(含半年报)
007785,广发中证央企创新驱动ETF联接C,20210630,600517,国网英大,400.0,2724.0,0.0001,47,上海证券交易所,中华人民共和国,年报(含半年报)
008181,同泰慧利混合C,20210630,000932,华菱钢铁,155000.0,1023000.0,0.0063,41,深圳证券交易所,中华人民共和国,年报(含半年报)
009141,宏利价值长青混合A,20211231,002126,银轮股份,930602.0,11688361.12,0.0402,9,深圳证券交易所,中华人民共和国,年报(含半年报)
008132,鹏华价值驱动混合,20201231,01999,敏华控股,5536800.0,78381071.36,0.0517,2,中国香港证券交易所,中国香港特别行政区,季报
010428,兴银策略智选混合C,20210930,300633,开立医疗,65400.0,2648700.0,0.028,9,深圳证券交易所,中华人民共和国,季报
006904,泰康产业升级混合A,20211231,301136,招标股份,7172.0,75449.44,0.0001,50,深圳证券交易所,中华人民共和国,年报(含半年报)
000166,中海信息产业精选混合A,20200630,300842,帝科股份,455.0,18527.6,0.0002,60,深圳证券交易所,中华人民共和国,年报(含半年报)
009596,泰康创新成长混合A,20210630,300122,智飞生物,549230.0,102557717.9,0.0549,7,深圳证券交易所,中华人民共和国,年报(含半年报)
008851,景顺长城量化对冲策略三个月定期开放灵活配置混合,20200630,300845,捷安高科,470.0,8286.1,0.0,119,深圳证券交易所,中华人民共和国,年报(含半年报)
001932,国寿安保灵活优选混合,20201231,600885,宏发股份,30000.0,1626600.0,0.0023,34,上海证券交易所,中华人民共和国,年报(含半年报)
001556,天弘中证500指数增强A,20190630,000636,风华高科,6700.0,81070.0,0.0026,113,深圳证券交易所,中华人民共和国,年报(含半年报)
005178,华夏睿磐泰利混合C,20211231,002961,瑞达期货,800.0,19712.0,0.0,225,深圳证券交易所,中华人民共和国,年报(含半年报)
009347,国联价值成长6个月持有期混合A,20210630,300973,立高食品,360.0,41655.6,0.0001,57,深圳证券交易所,中华人民共和国,年报(含半年报)
007128,天弘增强回报债券A,20201231,601318,中国平安,48900.0,4253322.0,0.0109,1,上海证券交易所,中华人民共和国,年报(含半年报)
163116,申万菱信中证申万电子行业投资指数(LOF)A,20211231,301063,海锅股份,153.0,5527.89,0.0,176,深圳证券交易所,中华人民共和国,年报(含半年报)
008185,诺安研究优选混合A,20201231,002304,洋河股份,192900.0,45522471.0,0.082,4,深圳证券交易所,中华人民共和国,年报(含半年报)
010264,鹏华成长智选混合A,20201231,002845,同兴达,37100.0,1002442.0,0.0001,63,深圳证券交易所,中华人民共和国,年报(含半年报)
008138,富国龙头优势混合A,20201231,002142,宁波银行,1296000.0,45800640.0,0.0415,7,深圳证券交易所,中华人民共和国,季报
008833,银华汇盈一年持有期混合A,20210630,601668,中国建筑,213000.0,990450.0,0.0011,24,上海证券交易所,中华人民共和国,年报(含半年报)
008212,华夏新机遇灵活配置混合C,20210630,603156,养元饮品,19300.0,551594.0,0.0009,81,上海证券交易所,中华人民共和国,年报(含半年报)
008228,宝盈研究精选混合C,20200630,300843,胜蓝股份,751.0,7517.51,0.0,40,深圳证券交易所,中华人民共和国,年报(含半年报)
006580,兴全安泰平衡养老目标三年持有期混合(FOF)A,20190930,601128,常熟银行,298000.0,2202220.0,0.0026,7,上海证券交易所,中华人民共和国,季报
006006,诺安鼎利混合C,20191231,002508,老板电器,200.0,6762.0,0.0001,172,深圳证券交易所,中华人民共和国,年报(含半年报)
010054,万家健康产业混合A,20211231,301096,百诚医药,50100.0,4304091.0,0.0199,22,深圳证券交易所,中华人民共和国,年报(含半年报)
008886,民生加银卓越配置6个月持有期混合(FOF),20200630,600956,新天绿能,2533.0,12766.32,0.0,56,上海证券交易所,中华人民共和国,年报(含半年报)
009697,华夏成长精选6个月定期开放混合A,20201231,300907,康平科技,473.0,12700.05,0.0,72,深圳证券交易所,中华人民共和国,年报(含半年报)
007586,华泰保兴多策略三个月定期开放股票,20200630,300837,浙矿股份,737.0,33187.11,0.0002,43,深圳证券交易所,中华人民共和国,年报(含半年报)
010557,汇添富数字生活主题六个月持有期混合,20210630,605287,德才股份,349.0,11014.44,0.0,80,上海证券交易所,中华人民共和国,年报(含半年报)
008290,华安现代生活混合,20210630,002415,海康威视,524505.0,33830572.5,0.0538,5,深圳证券交易所,中华人民共和国,年报(含半年报)
006969,圆信永丰高端制造混合,20201231,002812,恩捷股份,75400.0,10690212.0,0.0509,6,深圳证券交易所,中华人民共和国,季报
002714,鹏华金城灵活配置混合,20201231,003026,中晶科技,461.0,21740.76,0.0,101,深圳证券交易所,中华人民共和国,年报(含半年报)
002537,平安安盈灵活配置混合A,20210630,688036,传音控股,12513.0,2621473.5,0.0097,30,上海证券交易所,中华人民共和国,年报(含半年报)
010147,博道嘉兴一年持有期混合,20210630,600346,恒力石化,3821523.0,100276763.52,0.0263,10,上海证券交易所,中华人民共和国,年报(含半年报)
009993,嘉实前沿创新混合,20211231,301079,邵阳液压,140.0,3474.8,0.0,142,深圳证券交易所,中华人民共和国,年报(含半年报)
006371,长安鑫盈灵活配置混合A,20210630,601633,长城汽车,2589905.0,112893958.95,0.0628,1,上海证券交易所,中华人民共和国,季报
008063,汇添富大盘核心资产增长混合A,20211231,601888,中国中免,1180000.0,258903800.0,0.0638,4,上海证券交易所,中华人民共和国,年报(含半年报)
010159,中银医疗保健灵活配置混合C,20210331,603233,大参林,565840.0,47496609.6,0.0419,5,上海证券交易所,中华人民共和国,季报
009142,宏利价值长青混合C,20201231,300896,爱美客,365.0,220226.4,0.0003,23,深圳证券交易所,中华人民共和国,年报(含半年报)
010554,华安新兴消费混合A,20210630,01810,小米集团-W,6399400.0,143769944.3,0.0218,12,中国香港证券交易所,中国香港特别行政区,年报(含半年报)
009135,广发恒隆一年持有期混合A,20210630,301018,申菱环境,7811.0,64753.19,0.0,72,深圳证券交易所,中华人民共和国,年报(含半年报)
159968,博时中证500ETF,20200630,300244,迪安诊断,88900.0,3138170.0,0.0029,86,深圳证券交易所,中华人民共和国,年报(含半年报)
005177,华夏睿磐泰利混合A,20190630,601166,兴业银行,173600.0,3175144.0,0.0089,4,上海证券交易所,中华人民共和国,年报(含半年报)
010386,华安汇嘉精选混合C,20211231,600021,上海电力,1534200.0,19668444.0,0.0064,38,上海证券交易所,中华人民共和国,年报(含半年报)
515070,华夏中证人工智能主题ETF,20210630,603160,汇顶科技,198650.0,25750999.5,0.023,10,上海证券交易所,中华人民共和国,季报
006809,泰康港股通中证香港银行投资指数A,20210930,00939,建设银行,4367000.0,20299889.45,0.1439,1,中国香港证券交易所,中国香港特别行政区,季报
008563,银河臻优稳健配置混合A,20210630,300968,格林精密,1162.0,17406.76,0.0,129,深圳证券交易所,中华人民共和国,年报(含半年报)
007734,南方智锐混合C,20200630,000063,中兴通讯,400000.0,16052000.0,0.0095,26,深圳证券交易所,中华人民共和国,年报(含半年报)
501002,长信价值优选混合,20190930,601398,工商银行,1182900.0,6541437.0,0.0473,2,上海证券交易所,中华人民共和国,季报
006931,泰康中证港股通TMT主题指数C,20201231,06088,FIT HON TENG,32000.0,72448.37,0.0023,34,中国香港证券交易所,中国香港特别行政区,年报(含半年报)
009991,华泰柏瑞品质优选混合C,20201231,601658,邮储银行,1609075.0,7691378.5,0.0015,69,上海证券交易所,中华人民共和国,年报(含半年报)
159966,华夏创业板低波价值ETF,20210630,300942,易瑞生物,443.0,12634.36,0.0,69,深圳证券交易所,中华人民共和国,年报(含半年报)
008903,广发科技先锋混合,20210630,300960,通业科技,234.0,5396.04,0.0,89,深圳证券交易所,中华人民共和国,年报(含半年报)
009516,中欧真益稳健一年持有期混合C,20201231,688590,新致软件,4171.0,65860.09,0.0,79,上海证券交易所,中华人民共和国,年报(含半年报)
009089,嘉实稳固收益债券A,20201231,000858,五粮液,287129.0,83798598.65,0.0172,1,深圳证券交易所,中华人民共和国,年报(含半年报)
159995,华夏国证半导体芯片ETF,20210630,300945,曼卡龙,474.0,8949.12,0.0,71,深圳证券交易所,中华人民共和国,年报(含半年报)
010234,华泰柏瑞量化增强混合C,20210630,603801,志邦家居,17080.0,545876.8,0.0004,197,上海证券交易所,中华人民共和国,年报(含半年报)
009023,鹏华稳健回报混合A,20200630,600885,宏发股份,826424.0,33156130.88,0.0201,18,上海证券交易所,中华人民共和国,年报(含半年报)
003957,安信量化精选沪深300指数增强A,20190506,601988,中国银行,127600.0,482328.0,0.0075,30,上海证券交易所,中华人民共和国,年报(含半年报)
007815,嘉实中证新兴科技100策略ETF联接A,20210630,600876,凯盛新能,200.0,3818.0,0.0,77,上海证券交易所,中华人民共和国,年报(含半年报)
007749,民生加银鹏程混合C,20210630,603218,日月股份,1300.0,35204.0,0.0,43,上海证券交易所,中华人民共和国,年报(含半年报)
009026,中银高质量发展机遇混合A,20211231,300087,荃银高科,41000.0,1246400.0,0.0145,20,深圳证券交易所,中华人民共和国,年报(含半年报)
169107,东方红恒阳五年定期开放混合,20210630,688568,中科星图,40648.0,2601472.0,0.0009,37,上海证券交易所,中华人民共和国,年报(含半年报)
010511,博时鑫康混合C,20211231,301133,金钟股份,286.0,7707.7,0.0,73,深圳证券交易所,中华人民共和国,年报(含半年报)
010190,嘉实价值发现三个月定期开放混合,20210331,002925,盈趣科技,2128358.0,136363897.06,0.0603,6,深圳证券交易所,中华人民共和国,季报
008258,中银证券中证500ETF联接A,20201231,601880,辽港股份,2000.0,3860.0,0.0001,167,上海证券交易所,中华人民共和国,年报(含半年报)
010175,英大智享债券C,20210930,002555,三七互娱,325300.0,6828047.0,0.0333,1,深圳证券交易所,中华人民共和国,季报
006349,中金MSCI中国A股国际价值指数A,20191231,601998,中信银行,8800.0,54296.0,0.0033,62,上海证券交易所,中华人民共和国,年报(含半年报)
010419,申万菱信中证环保产业指数(LOF)C,20210630,002518,科士达,29700.0,426789.0,0.0012,92,深圳证券交易所,中华人民共和国,年报(含半年报)
008228,宝盈研究精选混合C,20211231,605577,龙版传媒,588.0,8625.96,0.0,131,上海证券交易所,中华人民共和国,年报(含半年报)
008830,海富通安益对冲策略灵活配置混合C,20200630,002626,金达威,1400.0,36344.0,0.0,277,深圳证券交易所,中华人民共和国,年报(含半年报)
009149,富国绝对收益多策略定期开放混合C,20200930,600887,伊利股份,1528885.0,58862072.5,0.0129,10,上海证券交易所,中华人民共和国,季报
159968,博时中证500ETF,20211231,600064,南京高科,71900.0,671546.0,0.0011,378,上海证券交易所,中华人民共和国,年报(含半年报)
161913,万家社会责任18个月定期开放混合(LOF)C,20210630,301013,利和兴,4704.0,168966.51,0.0001,46,深圳证券交易所,中华人民共和国,年报(含半年报)
008293,农银汇理创新医疗混合,20200630,300685,艾德生物,1006140.0,77432534.4,0.0334,12,深圳证券交易所,中华人民共和国,年报(含半年报)
005970,国泰消费优选股票,20210630,600556,天下秀,198200.0,2092992.0,0.0161,17,上海证券交易所,中华人民共和国,年报(含半年报)
510530,工银瑞信中证500ETF,20210630,002250,联化科技,39300.0,1096470.0,0.0033,63,深圳证券交易所,中华人民共和国,年报(含半年报)
920928,中金进取回报灵活配置混合C,20211231,002444,巨星科技,21000.0,640710.0,0.0016,86,深圳证券交易所,中华人民共和国,年报(含半年报)
007872,金信稳健策略灵活配置混合,20201231,300496,中科创达,37333.0,4367961.0,0.0826,5,深圳证券交易所,中华人民共和国,季报
900052,中信证券臻选回报两年持有期混合B,20210630,00425,敏实集团,1438000.0,44179587.72,0.0051,33,中国香港证券交易所,中国香港特别行政区,年报(含半年报)
010272,富兰克林国海价值成长一年持有期混合C,20210630,00388,香港交易所,75000.0,28881496.8,0.0228,19,中国香港证券交易所,中国香港特别行政区,年报(含半年报)
006877,天治量化核心精选混合A,20201231,603986,兆易创新,10160.0,2006600.0,0.0201,21,上海证券交易所,中华人民共和国,年报(含半年报)
003822,中信建投行业轮换混合A,20200331,002241,歌尔股份,600000.0,9846000.0,0.0307,5,深圳证券交易所,中华人民共和国,季报
000962,天弘中证500ETF联接A,20201231,000415,渤海租赁,49400.0,118560.0,0.0,367,深圳证券交易所,中华人民共和国,年报(含半年报)
010044,天弘安康颐和混合C,20211231,002241,歌尔股份,51200.0,2769920.0,0.0018,40,深圳证券交易所,中华人民共和国,年报(含半年报)
006857,蜂巢卓睿灵活配置混合A,20191231,000063,中兴通讯,24800.0,877672.0,0.0157,15,深圳证券交易所,中华人民共和国,年报(含半年报)
007527,融通量化多策略灵活配置混合A,20201231,002624,完美世界,155565.0,4589167.5,0.0251,20,深圳证券交易所,中华人民共和国,年报(含半年报)
007388,摩根研究驱动股票A,20211231,688733,壹石通,1692.0,127509.12,0.001,48,上海证券交易所,中华人民共和国,年报(含半年报)
009570,鹏华匠心精选混合A,20211231,000596,古井贡酒,1725008.0,420901952.0,0.0302,9,深圳证券交易所,中华人民共和国,年报(含半年报)
006926,长城量化精选股票A,20200630,603323,苏农银行,44700.0,198468.0,0.0042,37,上海证券交易所,中华人民共和国,年报(含半年报)
009902,易方达悦享一年持有期混合A,20210630,688113,联测科技,1415.0,69745.35,0.0,38,上海证券交易所,中华人民共和国,年报(含半年报)
008085,海富通先进制造股票A,20201231,300884,狄耐克,499.0,16721.49,0.0,75,深圳证券交易所,中华人民共和国,年报(含半年报)
008213,华夏新起点灵活配置混合C,20200630,601881,中国银河,225500.0,2586485.0,0.0305,11,上海证券交易所,中华人民共和国,年报(含半年报)
007737,诺德中证研发创新100指数,20210630,601360,三六零,500.0,6105.0,0.0,95,上海证券交易所,中华人民共和国,年报(含半年报)
005680,财通资管价值成长混合A,20201231,603535,嘉诚国际,326100.0,13944036.0,0.0159,20,上海证券交易所,中华人民共和国,年报(含半年报)
163114,申万菱信中证环保产业指数(LOF)A,20210630,002015,协鑫能科,51800.0,467754.0,0.0013,88,深圳证券交易所,中华人民共和国,年报(含半年报)
009687,华夏磐利一年定期开放混合C,20201231,601166,兴业银行,147600.0,3080412.0,0.005,19,上海证券交易所,中华人民共和国,年报(含半年报)
165310,建信沪深300指数增强(LOF)A,20211231,002602,世纪华通,114300.0,958977.0,0.0027,83,深圳证券交易所,中华人民共和国,年报(含半年报)
009898,民生加银医药健康股票A,20201231,300909,汇创达,386.0,15698.62,0.0,24,深圳证券交易所,中华人民共和国,年报(含半年报)
003760,国泰中证500指数增强A,20210630,600563,法拉电子,4078.0,645792.08,0.011,7,上海证券交易所,中华人民共和国,季报
169108,东方红均衡优选两年定期开放混合,20211231,301082,久盛电气,915.0,19699.95,0.0,59,深圳证券交易所,中华人民共和国,年报(含半年报)
007013,湘财长顺混合C,20190630,600276,恒瑞医药,47000.0,3102000.0,0.0048,22,上海证券交易所,中华人民共和国,年报(含半年报)
008419,惠升惠泽灵活配置混合C,20211231,600519,贵州茅台,7600.0,15580000.0,0.0279,6,上海证券交易所,中华人民共和国,季报
007802,兴全合泰混合A,20200930,603267,鸿远电子,4834295.0,411640219.25,0.0577,3,上海证券交易所,中华人民共和国,季报
009141,宏利价值长青混合A,20210930,000661,长春高新,98210.0,26974358.6,0.0879,2,深圳证券交易所,中华人民共和国,季报
008795,海富通阿尔法对冲混合C,20201231,300873,海晨股份,484.0,19998.88,0.0,258,深圳证券交易所,中华人民共和国,年报(含半年报)
010000,长城中国智造灵活配置混合C,20211231,600884,杉杉股份,6100.0,199897.0,0.0029,19,上海证券交易所,中华人民共和国,年报(含半年报)
009286,泰康招泰尊享一年持有期混合C,20210930,000858,五粮液,109900.0,24110961.0,0.0369,2,深圳证券交易所,中华人民共和国,季报
010842,华宝科技先锋混合C,20210630,301012,扬电科技,170.0,4124.2,0.0001,85,深圳证券交易所,中华人民共和国,年报(含半年报)
860039,光大阳光智造混合C,20201231,300750,宁德时代,153800.0,54000718.0,0.0462,2,深圳证券交易所,中华人民共和国,季报
004557,北信瑞丰鼎丰灵活配置混合,20200930,300059,东方财富,68545.0,1644394.55,0.0735,2,深圳证券交易所,中华人民共和国,季报
005918,天弘沪深300ETF联接C,20190630,601228,广州港,490400.0,2049872.0,0.0006,275,上海证券交易所,中华人民共和国,年报(含半年报)
163116,申万菱信中证申万电子行业投资指数(LOF)A,20201110,002916,深南电路,19952.0,2402420.32,0.0067,36,深圳证券交易所,中华人民共和国,年报(含半年报)
009500,国寿安保高股息混合A,20201231,601398,工商银行,1862100.0,9291879.0,0.0397,4,上海证券交易所,中华人民共和国,季报
007339,易方达沪深300ETF联接C,20191231,002001,新和成,1600.0,37216.0,0.0,228,深圳证券交易所,中华人民共和国,年报(含半年报)
006823,凯石湛混合C,20190630,000717,中南股份,1600000.0,7088000.0,0.027,11,深圳证券交易所,中华人民共和国,年报(含半年报)
007341,南方科技创新混合C,20201231,003031,中瓷电子,387.0,5909.49,0.0,79,深圳证券交易所,中华人民共和国,年报(含半年报)
007800,申万菱信沪深300价值指数C,20201231,600297,广汇汽车,573830.0,1641153.8,0.0017,93,上海证券交易所,中华人民共和国,年报(含半年报)
006836,永赢惠泽一年定期开放灵活配置混合,20211231,002049,紫光国微,13700.0,3082500.0,0.0033,45,深圳证券交易所,中华人民共和国,年报(含半年报)
009243,中加核心智造混合C,20210630,300910,瑞丰新材,135.0,14114.25,0.0001,41,深圳证券交易所,中华人民共和国,年报(含半年报)
009556,兴全合丰三年持有期混合,20210630,300956,英力股份,371.0,9571.8,0.0,65,深圳证券交易所,中华人民共和国,年报(含半年报)
512380,银华MSCI中国A股ETF,20201231,002242,九阳股份,5685.0,182147.4,0.0005,411,深圳证券交易所,中华人民共和国,年报(含半年报)
166108,信澳量化多因子混合(LOF)C,20210630,300750,宁德时代,100.0,53480.0,0.0106,13,深圳证券交易所,中华人民共和国,年报(含半年报)
008251,汇安宜创量化精选混合A,20210630,688611,杭州柯林,1400.0,59276.0,0.0002,128,上海证券交易所,中华人民共和国,年报(含半年报)
515550,国联中证500ETF,20210630,600642,申能股份,10900.0,66926.0,0.0022,139,上海证券交易所,中华人民共和国,年报(含半年报)
006530,中欧匠心两年持有期混合C,20201231,605377,华旺科技,750.0,14977.5,0.0,86,上海证券交易所,中华人民共和国,年报(含半年报)
009494,大成尊享18个月持有期混合C,20201231,603882,金域医学,9900.0,1268388.0,0.0054,16,上海证券交易所,中华人民共和国,年报(含半年报)
860039,光大阳光智造混合C,20211231,301091,深城交,338.0,10655.38,0.0,74,深圳证券交易所,中华人民共和国,年报(含半年报)
006449,浙商汇金量化精选灵活配置混合,20211231,301029,怡合达,517.0,46586.54,0.0001,65,深圳证券交易所,中华人民共和国,年报(含半年报)
002959,汇添富盈泰灵活配置混合,20211231,300948,冠中生态,324.0,7944.48,0.0,167,深圳证券交易所,中华人民共和国,年报(含半年报)
007340,南方科技创新混合A,20210630,688390,固德威,64726.0,21618484.0,0.0105,30,上海证券交易所,中华人民共和国,年报(含半年报)
009318,南方成长先锋混合A,20211231,00909,明源云,1352000.0,19631818.75,0.0021,39,中国香港证券交易所,中国香港特别行政区,年报(含半年报)
009860,易方达中证银行指数(LOF)C,20210630,002958,青农商行,1820900.0,7793452.0,0.0045,27,深圳证券交易所,中华人民共和国,年报(含半年报)
007128,天弘增强回报债券A,20211231,002867,周大生,1205506.0,21433896.68,0.0011,57,深圳证券交易所,中华人民共和国,年报(含半年报)
010181,兴业优势产业混合A,20211231,603176,汇通集团,1924.0,4713.8,0.0,106,上海证券交易所,中华人民共和国,年报(含半年报)
010025,广发聚丰混合C,20201231,603267,鸿远电子,2600048.0,334782180.48,0.0471,8,上海证券交易所,中华人民共和国,年报(含半年报)
009731,中信保诚安鑫回报债券C,20211231,002241,歌尔股份,50000.0,2705000.0,0.0066,4,深圳证券交易所,中华人民共和国,季报
008969,睿远均衡价值三年持有期混合A,20210630,300037,新宙邦,1029248.0,103027724.8,0.0061,29,深圳证券交易所,中华人民共和国,年报(含半年报)
165310,建信沪深300指数增强(LOF)A,20201231,003030,祖名股份,480.0,7286.4,0.0,86,深圳证券交易所,中华人民共和国,年报(含半年报)
007832,博道伍佰智航股票C,20201231,300363,博腾股份,152000.0,5551040.0,0.0079,25,深圳证券交易所,中华人民共和国,年报(含半年报)
008866,博时产业新趋势灵活配置混合A,20201231,000708,中信特钢,1789157.0,38985731.03,0.0162,20,深圳证券交易所,中华人民共和国,年报(含半年报)
009441,光大保德信裕鑫混合C,20211231,605580,恒盛能源,654.0,10614.42,0.0,107,上海证券交易所,中华人民共和国,年报(含半年报)
006721,平安核心优势混合C,20200630,600519,贵州茅台,600.0,877728.0,0.0405,7,上海证券交易所,中华人民共和国,季报
008264,南方ESG主题股票A,20211231,688160,步科股份,2771.0,95599.5,0.0001,124,上海证券交易所,中华人民共和国,年报(含半年报)
009394,银华同力精选混合,20211231,601952,苏垦农发,10000.0,119100.0,0.0001,37,上海证券交易所,中华人民共和国,年报(含半年报)
515390,华安沪深300ETF,20211231,601688,华泰证券,315900.0,5610384.0,0.0038,74,上海证券交易所,中华人民共和国,年报(含半年报)
515810,易方达中证800ETF,20201231,600000,浦发银行,42800.0,414304.0,0.004,39,上海证券交易所,中华人民共和国,年报(含半年报)
009783,富国兴泉回报12个月持有期混合C,20201231,300059,东方财富,2662300.0,82531300.0,0.0339,4,深圳证券交易所,中华人民共和国,季报
010335,华宝竞争优势混合,20210630,300963,中洲特材,283.0,6364.67,0.0,106,深圳证券交易所,中华人民共和国,年报(含半年报)
003205,财通可转债债券C,20200630,002371,北方华创,1600.0,273456.0,0.0097,10,深圳证券交易所,中华人民共和国,年报(含半年报)
010269,太平睿安混合C,20210630,688607,康众医疗,1890.0,84105.0,0.0001,57,上海证券交易所,中华人民共和国,年报(含半年报)
515790,华泰柏瑞中证光伏产业ETF,20210331,300450,先导智能,8211061.0,648591708.39,0.066,5,深圳证券交易所,中华人民共和国,季报
002456,招商安元灵活配置混合A,20190630,600004,白云机场,130500.0,2375100.0,0.0133,11,上海证券交易所,中华人民共和国,年报(含半年报)
010487,中银顺盈回报一年持有期混合,20211231,688239,航宇科技,4926.0,332307.96,0.0019,71,上海证券交易所,中华人民共和国,年报(含半年报)
009136,广发恒隆一年持有期混合C,20210630,300998,宁波方正,201.0,4285.32,0.0,124,深圳证券交易所,中华人民共和国,年报(含半年报)
010668,工银瑞信优选对冲策略灵活配置混合A,20210630,601881,中国银河,10700.0,115346.0,0.0004,178,上海证券交易所,中华人民共和国,年报(含半年报)
163827,中银产业债债券A,20190630,300146,汤臣倍健,310000.0,6014000.0,0.0148,4,深圳证券交易所,中华人民共和国,季报
007863,长信利泰灵活配置混合C,20211231,301069,凯盛新材,539.0,23829.19,0.0005,20,深圳证券交易所,中华人民共和国,年报(含半年报)
009624,安信稳健阿尔法定期开放混合C,20211231,600309,万华化学,6200.0,626200.0,0.0028,58,上海证券交易所,中华人民共和国,年报(含半年报)
008318,博道久航混合A,20211231,688701,卓锦股份,2340.0,31590.0,0.0001,218,上海证券交易所,中华人民共和国,年报(含半年报)
860010,光大阳光对冲策略6个月持有期灵活配置混合A,20210630,300529,健帆生物,52741.0,4554712.76,0.0035,52,深圳证券交易所,中华人民共和国,年报(含半年报)
163116,申万菱信中证申万电子行业投资指数(LOF)A,20200930,603986,兆易创新,50475.0,8737727.25,0.0111,6,上海证券交易所,中华人民共和国,季报
007339,易方达沪深300ETF联接C,20191231,002493,荣盛石化,4100.0,50799.0,0.0,190,深圳证券交易所,中华人民共和国,年报(含半年报)
010551,淳厚欣颐一年持有期混合,20211231,301092,争光股份,323.0,11472.96,0.0,95,深圳证券交易所,中华人民共和国,年报(含半年报)
006836,永赢惠泽一年定期开放灵活配置混合,20200630,002007,华兰生物,38270.0,1917709.7,0.0028,51,深圳证券交易所,中华人民共和国,年报(含半年报)
008396,博时中证500ETF联接A,20211231,002532,天山铝业,700.0,5705.0,0.0,133,深圳证券交易所,中华人民共和国,年报(含半年报)
007085,招商瑞庆灵活配置混合C,20211231,000768,中航西飞,453600.0,16556400.0,0.0033,25,深圳证券交易所,中华人民共和国,年报(含半年报)
009624,安信稳健阿尔法定期开放混合C,20211231,002223,鱼跃医疗,8600.0,325080.0,0.0014,157,深圳证券交易所,中华人民共和国,年报(含半年报)
010257,天弘多利一年定期开放混合,20210630,688006,杭可科技,35895.0,3051075.0,0.006,7,上海证券交易所,中华人民共和国,季报
010170,中银证券鑫瑞6个月持有期混合A,20210930,300115,长盈精密,152300.0,2199212.0,0.0086,2,深圳证券交易所,中华人民共和国,季报
003761,国泰中证500指数增强C,20191231,000997,新大陆,50371.0,799891.48,0.0085,19,深圳证券交易所,中华人民共和国,年报(含半年报)
009330,鹏华成长价值混合A,20210630,000661,长春高新,234022.0,90566514.0,0.0432,10,深圳证券交易所,中华人民共和国,年报(含半年报)
006429,诺安恒鑫混合,20210630,605289,罗曼股份,379.0,10930.36,0.0001,93,上海证券交易所,中华人民共和国,年报(含半年报)
006644,弘毅远方消费升级混合A,20210630,600885,宏发股份,96800.0,6069360.0,0.0749,3,上海证券交易所,中华人民共和国,季报
006931,泰康中证港股通TMT主题指数C,20210630,00268,金蝶国际,48000.0,1052414.78,0.0347,7,中国香港证券交易所,中国香港特别行政区,年报(含半年报)
002768,华安安进灵活配置混合A,20191231,600276,恒瑞医药,40640.0,3556812.8,0.0241,4,上海证券交易所,中华人民共和国,年报(含半年报)
009511,信澳研究优选混合A,20210630,300477,合纵科技,903970.0,5840020.63,0.0058,43,深圳证券交易所,中华人民共和国,年报(含半年报)
007084,天治转型升级混合,20200630,000568,泸州老窖,10000.0,911200.0,0.0249,18,深圳证券交易所,中华人民共和国,年报(含半年报)
006616,工银瑞信战略新兴产业混合C,20201231,300620,光库科技,66300.0,2747472.0,0.0029,58,深圳证券交易所,中华人民共和国,年报(含半年报)
006601,国融融泰灵活配置混合A,20211231,600089,特变电工,9000.0,190530.0,0.0448,4,上海证券交易所,中华人民共和国,年报(含半年报)
006398,宝盈祥颐定期开放混合A,20200630,688600,皖仪科技,5468.0,84754.0,0.0001,18,上海证券交易所,中华人民共和国,年报(含半年报)
007923,方正富邦天鑫灵活配置混合A,20191231,002739,万达电影,2600.0,47190.0,0.0004,230,深圳证券交易所,中华人民共和国,年报(含半年报)
007326,国投瑞银新增长灵活配置混合C,20201231,002142,宁波银行,174733.0,6175064.22,0.0096,6,深圳证券交易所,中华人民共和国,年报(含半年报)
515920,博时中证智能消费主题ETF,20211231,002384,东山精密,97400.0,2639540.0,0.0084,34,深圳证券交易所,中华人民共和国,年报(含半年报)
009102,鹏扬红利优选混合A,20210930,600905,三峡能源,907763.0,6299875.22,0.0335,9,上海证券交易所,中华人民共和国,季报
007952,招商财经大数据策略股票C,20210630,300992,泰福泵业,200.0,4064.0,0.0003,70,深圳证券交易所,中华人民共和国,年报(含半年报)
009475,汇丰晋信慧盈混合,20201231,300122,智飞生物,120800.0,17867528.0,0.0216,9,深圳证券交易所,中华人民共和国,年报(含半年报)
009900,易方达磐固六个月持有期混合A,20201231,002415,海康威视,5321381.0,258140192.31,0.032,2,深圳证券交易所,中华人民共和国,季报
004892,华润元大成长精选股票C,20210630,002456,欧菲光,17500.0,155400.0,0.0007,272,深圳证券交易所,中华人民共和国,年报(含半年报)
006234,万家汽车新趋势混合C,20210930,002192,融捷股份,104700.0,13925100.0,0.0524,3,深圳证券交易所,中华人民共和国,季报
009870,嘉实产业先锋混合C,20201231,688571,杭华股份,8200.0,82820.0,0.0,40,上海证券交易所,中华人民共和国,年报(含半年报)
007669,太平睿盈混合C,20210630,002050,三花智控,300813.0,7213495.74,0.0104,3,深圳证券交易所,中华人民共和国,年报(含半年报)
007013,湘财长顺混合C,20210630,301013,利和兴,504.0,13986.51,0.0,48,深圳证券交易所,中华人民共和国,年报(含半年报)
009737,汇添富稳健收益混合C,20210630,688260,昀冢科技,2990.0,64105.6,0.0,50,上海证券交易所,中华人民共和国,年报(含半年报)
910022,东方红启航三年持有期混合A,20210630,300937,药易购,244.0,13105.24,0.0,57,深圳证券交易所,中华人民共和国,年报(含半年报)
010386,华安汇嘉精选混合C,20211231,301018,申菱环境,782.0,20378.92,0.0,158,深圳证券交易所,中华人民共和国,年报(含半年报)
006537,恒生前海港股通精选混合,20200630,02020,安踏体育,29000.0,1811920.0,0.0304,15,中国香港证券交易所,中国香港特别行政区,年报(含半年报)
008259,中银证券中证500ETF联接C,20211231,600208,新湖中宝,800.0,2384.0,0.0,68,上海证券交易所,中华人民共和国,年报(含半年报)
003761,国泰中证500指数增强C,20190630,002583,海能达,3500.0,29365.0,0.0084,57,深圳证券交易所,中华人民共和国,年报(含半年报)
860007,光大阳光价值30个月持有期混合A,20211231,301168,通灵股份,1602.0,94939.39,0.0003,44,深圳证券交易所,中华人民共和国,年报(含半年报)
008518,弘毅远方经济新动力混合A,20200630,300253,卫宁健康,1079022.0,24752764.68,0.0596,8,深圳证券交易所,中华人民共和国,年报(含半年报)
007832,博道伍佰智航股票C,20210630,300760,迈瑞医疗,4874.0,2339763.7,0.0042,88,深圳证券交易所,中华人民共和国,年报(含半年报)
008795,海富通阿尔法对冲混合C,20211231,600926,杭州银行,1431710.0,18354522.2,0.0038,44,上海证券交易所,中华人民共和国,年报(含半年报)
009048,浦银安盛科技创新优选混合,20200930,000858,五粮液,20500.0,4530500.0,0.0202,4,深圳证券交易所,中华人民共和国,季报
006802,新疆前海联合科技先锋混合C,20191231,688039,当虹科技,1405.0,116615.0,0.0013,70,上海证券交易所,中华人民共和国,年报(含半年报)
165310,建信沪深300指数增强(LOF)A,20211231,000100,TCL科技,174300.0,1075431.0,0.0031,80,深圳证券交易所,中华人民共和国,年报(含半年报)
009361,招商创新增长混合C,20201231,300861,美畅股份,871.0,44508.1,0.0,49,深圳证券交易所,中华人民共和国,年报(含半年报)
860018,光大阳光智造混合A,20211231,00268,金蝶国际,550000.0,10792320.0,0.021,17,中国香港证券交易所,中国香港特别行政区,年报(含半年报)
501063,汇添富悦享定期开放混合,20200331,601088,中国神华,1500000.0,24360000.0,0.0249,6,上海证券交易所,中华人民共和国,季报
009270,融通逆向策略灵活配置混合C,20210331,601888,中国中免,11800.0,3611744.0,0.0089,4,上海证券交易所,中华人民共和国,季报
009747,中科沃土沃鑫成长精选灵活配置混合C,20210930,601318,中国平安,96721.0,4677427.56,0.0184,6,上海证券交易所,中华人民共和国,季报
008488,华商恒益稳健混合,20210630,605305,中际联合,368.0,19364.16,0.0001,75,上海证券交易所,中华人民共和国,年报(含半年报)
006943,华泰柏瑞量化明选混合C,20201231,000975,银泰黄金,35800.0,308238.0,0.0054,72,深圳证券交易所,中华人民共和国,年报(含半年报)
008234,光大保德信消费主题股票A,20210930,000596,古井贡酒,35700.0,8515164.0,0.0383,8,深圳证券交易所,中华人民共和国,季报
008261,招商研究优选股票A,20201231,300886,华业香料,147.0,6713.49,0.0,76,深圳证券交易所,中华人民共和国,年报(含半年报)
009857,博时价值臻选两年持有期灵活配置混合A,20210630,00998,中信银行,84000.0,257212.57,0.0002,40,中国香港证券交易所,中国香港特别行政区,年报(含半年报)
515870,嘉实中证先进制造100策略ETF,20210630,300314,戴维医疗,3500.0,56035.0,0.0013,95,深圳证券交易所,中华人民共和国,年报(含半年报)
009811,易方达悦通一年持有期混合C,20211231,600031,三一重工,62700.0,1429560.0,0.0013,35,上海证券交易所,中华人民共和国,年报(含半年报)
008851,景顺长城量化对冲策略三个月定期开放灵活配置混合,20200630,601601,中国太保,1008073.0,27469989.25,0.0097,27,上海证券交易所,中华人民共和国,年报(含半年报)
970006,华安证券汇赢增利一年持有期灵活配置混合A,20210930,600502,安徽建工,2223740.0,8628111.2,0.0067,7,上海证券交易所,中华人民共和国,季报
008838,德邦量化对冲策略灵活配置混合A,20210630,601988,中国银行,39000.0,120120.0,0.003,42,上海证券交易所,中华人民共和国,年报(含半年报)
007735,金鹰民安回报一年定期开放混合C,20201231,601686,友发集团,2374.0,29390.12,0.0,71,上海证券交易所,中华人民共和国,年报(含半年报)
006615,工银瑞信战略新兴产业混合A,20190630,002938,鹏鼎控股,406760.0,11942473.6,0.0203,5,深圳证券交易所,中华人民共和国,年报(含半年报)
009400,华安添瑞6个月持有期混合A,20211231,688789,宏华数科,1400.0,362404.0,0.0002,30,上海证券交易所,中华人民共和国,年报(含半年报)
010018,招商瑞泽一年持有期混合A,20201231,601336,新华保险,1781057.0,103247874.29,0.0141,2,上海证券交易所,中华人民共和国,年报(含半年报)
009056,圆信永丰大湾区主题混合C,20201231,002027,分众传媒,388000.0,3829560.0,0.015,21,深圳证券交易所,中华人民共和国,年报(含半年报)
167302,方正富邦恒生沪深港通大湾区综合指数(LOF),20200930,600030,中信证券,14500.0,435435.0,0.0222,10,上海证券交易所,中华人民共和国,季报
860027,光大阳光价值30个月持有期混合B,20210630,300860,锋尚文化,83.0,4837.24,0.0,93,深圳证券交易所,中华人民共和国,年报(含半年报)
007939,华夏网购精选灵活配置混合C,20200331,601318,中国平安,370300.0,25613651.0,0.0567,1,上海证券交易所,中华人民共和国,季报
008180,同泰慧利混合A,20210630,688017,绿的谐波,6116.0,858013.64,0.0053,47,上海证券交易所,中华人民共和国,年报(含半年报)
006260,汇添富红利增长混合C,20211231,300745,欣锐科技,167400.0,10747080.0,0.0041,52,深圳证券交易所,中华人民共和国,年报(含半年报)
008984,财通科技创新混合C,20210630,688681,科汇股份,1899.0,34903.62,0.0001,42,上海证券交易所,中华人民共和国,年报(含半年报)
008251,汇安宜创量化精选混合A,20210630,600350,山东高速,150408.0,925009.2,0.0036,81,上海证券交易所,中华人民共和国,年报(含半年报)
007840,汇添富中证长三角一体化发展主题ETF联接C,20191231,600741,华域汽车,7200.0,187128.0,0.0002,27,上海证券交易所,中华人民共和国,年报(含半年报)
007041,新疆前海联合泳涛灵活配置混合C,20210331,600161,天坛生物,200000.0,6532000.0,0.0436,10,上海证券交易所,中华人民共和国,季报
515900,博时中证央企创新驱动ETF,20210630,002179,中航光电,1016809.0,80348247.18,0.0186,17,深圳证券交易所,中华人民共和国,年报(含半年报)
009507,国金鑫意医药消费混合A,20201231,601888,中国中免,58500.0,16523325.0,0.029,9,上海证券交易所,中华人民共和国,年报(含半年报)
010181,兴业优势产业混合A,20210630,300059,东方财富,82440.0,2703207.6,0.0113,20,深圳证券交易所,中华人民共和国,年报(含半年报)
010215,中欧达益稳健一年持有期混合A,20201231,600900,长江电力,448100.0,8585596.0,0.0037,4,上海证券交易所,中华人民共和国,季报
009669,长信量化价值驱动混合C,20200630,300433,蓝思科技,27600.0,773904.0,0.0041,45,深圳证券交易所,中华人民共和国,年报(含半年报)
007089,国投瑞银中证500指数量化增强C,20211231,301015,百洋医药,462.0,13998.6,0.0,261,深圳证券交易所,中华人民共和国,年报(含半年报)
007512,工银瑞信沪港深股票C,20200930,02382,舜宇光学科技,561500.0,58367925.0,0.0465,3,中国香港证券交易所,中国香港特别行政区,季报
007127,博道远航混合C,20200630,688026,洁特生物,4156.0,346277.92,0.0021,137,上海证券交易所,中华人民共和国,年报(含半年报)
008276,财通资管价值发现混合A,20211231,002180,纳思达,3991465.0,190632368.4,0.0665,3,深圳证券交易所,中华人民共和国,季报
008901,富国内需增长混合A,20210930,000858,五粮液,475628.0,104348026.92,0.0598,3,深圳证券交易所,中华人民共和国,季报
009164,中加聚庆六个月定期开放混合A,20211231,603228,景旺电子,25400.0,877062.0,0.0019,22,上海证券交易所,中华人民共和国,年报(含半年报)
009858,博时价值臻选两年持有期灵活配置混合C,20211231,600036,招商银行,1061729.0,51716819.59,0.0372,6,上海证券交易所,中华人民共和国,年报(含半年报)
010123,华泰柏瑞优势领航混合C,20210630,600763,通策医疗,170009.0,69873699.0,0.0631,3,上海证券交易所,中华人民共和国,年报(含半年报)
159983,华夏粤港澳大湾区创新100ETF,20211231,002938,鹏鼎控股,8700.0,369141.0,0.0032,59,深圳证券交易所,中华人民共和国,年报(含半年报)
008918,长信先锐混合C,20200331,002233,塔牌集团,551600.0,6817776.0,0.0132,3,深圳证券交易所,中华人民共和国,季报
010372,大成成长进取混合C,20210630,002612,朗姿股份,1300.0,70226.0,0.0001,127,深圳证券交易所,中华人民共和国,年报(含半年报)
006968,财通行业龙头精选混合C,20201231,603456,九洲药业,59500.0,2130100.0,0.0547,5,上海证券交易所,中华人民共和国,季报
009667,鹏华安庆混合A,20210630,000338,潍柴动力,776700.0,13879629.0,0.0159,4,深圳证券交易所,中华人民共和国,年报(含半年报)
009072,德邦安鑫混合C,20200630,002251,步步高,50000.0,699000.0,0.0015,15,深圳证券交易所,中华人民共和国,年报(含半年报)
010466,鹏扬景创混合C,20210630,605162,新中港,1377.0,8358.39,0.0,55,上海证券交易所,中华人民共和国,年报(含半年报)
009488,中邮价值精选混合A,20200930,601128,常熟银行,1700000.0,13277000.0,0.0301,7,上海证券交易所,中华人民共和国,季报
007083,平安高端制造混合C,20210331,000568,泸州老窖,370600.0,83392412.0,0.0518,4,深圳证券交易所,中华人民共和国,季报
007126,博道远航混合A,20190630,000919,金陵药业,53900.0,420959.0,0.0011,233,深圳证券交易所,中华人民共和国,年报(含半年报)
007502,前海开源裕和混合C,20210630,301011,华立科技,175.0,5922.0,0.0,150,深圳证券交易所,中华人民共和国,年报(含半年报)
515310,汇添富沪深300ETF,20211231,688111,金山办公,1800.0,477000.0,0.0023,124,上海证券交易所,中华人民共和国,年报(含半年报)
011074,鹏华安润混合C,20210630,003041,真爱美家,349.0,9876.7,0.0,148,深圳证券交易所,中华人民共和国,年报(含半年报)
009112,博远双债增利混合C,20201231,000568,泸州老窖,2500.0,565400.0,0.0202,1,深圳证券交易所,中华人民共和国,年报(含半年报)
166110,信澳量化先锋混合(LOF)C,20211231,688239,航宇科技,3910.0,266544.7,0.0017,116,上海证券交易所,中华人民共和国,年报(含半年报)
010788,华安优势企业混合C,20210630,002812,恩捷股份,1277200.0,298992520.0,0.047,7,深圳证券交易所,中华人民共和国,季报
006365,招商丰韵混合C,20210630,300917,特发服务,365.0,10095.9,0.0,103,深圳证券交易所,中华人民共和国,年报(含半年报)
006257,信澳先进智造股票,20210630,603659,璞泰来,380408.0,51963732.8,0.0274,3,上海证券交易所,中华人民共和国,季报
007136,广发中证100ETF联接C,20211231,600276,恒瑞医药,430.0,21805.3,0.0002,21,上海证券交易所,中华人民共和国,年报(含半年报)
009800,长盛制造精选混合A,20201231,300760,迈瑞医疗,130310.0,55512060.0,0.0486,5,深圳证券交易所,中华人民共和国,季报
006687,方正富邦深证100ETF联接A,20210630,002120,韵达股份,1890.0,25571.7,0.0,94,深圳证券交易所,中华人民共和国,年报(含半年报)
009557,申万菱信创业板量化精选股票A,20210630,301018,申菱环境,7811.0,64753.19,0.0002,94,深圳证券交易所,中华人民共和国,年报(含半年报)
007356,汇添富科技创新灵活配置混合C,20210630,300910,瑞丰新材,474.0,49556.7,0.0,70,深圳证券交易所,中华人民共和国,年报(含半年报)
007590,华宝绿色领先股票,20211231,002028,思源电气,51000.0,2509710.0,0.0195,17,深圳证券交易所,中华人民共和国,年报(含半年报)
010841,华宝红利精选混合C,20210630,600740,山西焦化,32800.0,166624.0,0.0036,111,上海证券交易所,中华人民共和国,年报(含半年报)
007343,嘉实科技创新混合,20211231,301016,雷尔伟,275.0,7128.0,0.0,209,深圳证券交易所,中华人民共和国,年报(含半年报)
008639,中欧预见养老目标日期2025一年持有期混合(FOF)A,20201231,003028,振邦智能,432.0,18010.08,0.0,35,深圳证券交易所,中华人民共和国,年报(含半年报)
008177,建信高股息主题股票,20201231,600884,杉杉股份,486000.0,8762580.0,0.0205,19,上海证券交易所,中华人民共和国,年报(含半年报)
003958,安信量化精选沪深300指数增强C,20201231,600309,万华化学,37200.0,3386688.0,0.0084,25,上海证券交易所,中华人民共和国,年报(含半年报)
010065,圆信永丰兴研灵活配置混合C,20201231,002299,圣农发展,2200072.0,58389910.88,0.0155,14,深圳证券交易所,中华人民共和国,年报(含半年报)
009762,国金国鑫灵活配置混合C,20201231,605186,健麾信息,626.0,17609.38,0.0,70,上海证券交易所,中华人民共和国,年报(含半年报)
008672,宝盈祥泽混合A,20210630,300940,南极光,307.0,13317.66,0.0,45,深圳证券交易所,中华人民共和国,年报(含半年报)
010019,招商瑞泽一年持有期混合C,20210630,601169,北京银行,32850000.0,159979500.0,0.0213,1,上海证券交易所,中华人民共和国,年报(含半年报)
010329,博时荣华灵活配置混合C,20211231,301040,中环海陆,241.0,9280.91,0.0,89,深圳证券交易所,中华人民共和国,年报(含半年报)
588000,华夏上证科创板50成份ETF,20201231,688088,虹软科技,5256595.0,367541122.4,0.0295,12,上海证券交易所,中华人民共和国,年报(含半年报)
007082,平安高端制造混合A,20200630,001914,招商积余,295089.0,9068084.97,0.0188,19,深圳证券交易所,中华人民共和国,年报(含半年报)
008277,财通资管行业精选混合,20210630,688499,利元亨,1786.0,69386.1,0.0003,33,上海证券交易所,中华人民共和国,年报(含半年报)
007844,华宝标普石油天然气上游股票指数(QDII-LOF)C,20200630,,,246714.0,125581385.76,0.0311,12,,,年报(含半年报)
009460,安信禧悦稳健养老目标一年持有期混合(FOF)A,20210630,605011,杭州热电,525.0,4662.0,0.0001,23,上海证券交易所,中华人民共和国,年报(含半年报)
519766,交银施罗德荣鑫灵活配置混合A,20201231,601336,新华保险,62039.0,3596400.83,0.0037,15,上海证券交易所,中华人民共和国,年报(含半年报)
005914,景顺长城智能生活混合,20210630,03606,福耀玻璃,166800.0,7591864.64,0.017,17,中国香港证券交易所,中国香港特别行政区,年报(含半年报)
009488,中邮价值精选混合A,20210630,688616,西力科技,3918.0,53990.04,0.0003,26,上海证券交易所,中华人民共和国,年报(含半年报)
009048,浦银安盛科技创新优选混合,20211231,301083,百胜智能,416.0,5911.36,0.0,100,深圳证券交易所,中华人民共和国,年报(含半年报)
007340,南方科技创新混合A,20211231,300850,新强联,140950.0,25160984.5,0.0095,33,深圳证券交易所,中华人民共和国,年报(含半年报)
008188,前海开源稳健增长三年持有期混合,20210630,301015,百洋医药,462.0,17939.46,0.0,57,深圳证券交易所,中华人民共和国,年报(含半年报)
009065,鹏扬景沃六个月持有期混合C,20201231,300892,品渥食品,272.0,16322.72,0.0,86,深圳证券交易所,中华人民共和国,年报(含半年报)
005090,嘉合睿金混合A,20211231,000963,华东医药,58500.0,2351700.0,0.0362,10,深圳证券交易所,中华人民共和国,季报
519034,海富通中证500指数增强A,20200304,300014,亿纬锂能,10586.0,749171.22,0.0288,8,深圳证券交易所,中华人民共和国,季报
007016,富国睿泽回报混合,20210930,601888,中国中免,89900.0,23374000.0,0.0322,8,上海证券交易所,中华人民共和国,季报
008162,浦银安盛经济带崛起灵活配置混合C,20210930,603259,药明康德,55000.0,8404000.0,0.032,1,上海证券交易所,中华人民共和国,季报
513990,招商上证港股通ETF,20211231,00916,龙源电力,1000.0,14880.32,0.0002,88,中国香港证券交易所,中国香港特别行政区,年报(含半年报)
008555,华商龙头优势混合,20211231,603511,爱慕股份,53.0,1257.16,0.0,184,上海证券交易所,中华人民共和国,年报(含半年报)
008131,景顺长城竞争优势混合,20211231,600927,永安期货,1859.0,69749.68,0.0,68,上海证券交易所,中华人民共和国,年报(含半年报)
008895,申万菱信量化对冲策略灵活配置混合,20200630,601688,华泰证券,81000.0,1522800.0,0.0018,16,上海证券交易所,中华人民共和国,年报(含半年报)
008373,华泰柏瑞景气回报一年持有期混合A,20200630,600837,海通证券,25400.0,319532.0,0.0002,44,上海证券交易所,中华人民共和国,年报(含半年报)
009145,博时荣升稳健添利18个月定期开放混合C,20210630,601166,兴业银行,153900.0,3162645.0,0.0031,9,上海证券交易所,中华人民共和国,季报
008625,富兰克林国海平衡养老目标三年持有期混合(FOF)A,20200930,002798,帝欧家居,5000.0,136350.0,0.0025,9,深圳证券交易所,中华人民共和国,季报
010439,汇添富稳健汇盈一年持有期混合,20211231,688619,罗普特,5856.0,127719.36,0.0,172,上海证券交易所,中华人民共和国,年报(含半年报)
010488,鹏华优选成长混合A,20211231,301072,中捷精工,181.0,6047.21,0.0,115,深圳证券交易所,中华人民共和国,年报(含半年报)
006270,汇安核心成长混合A,20210630,300919,中伟股份,1000.0,163000.0,0.012,17,深圳证券交易所,中华人民共和国,年报(含半年报)
007101,中欧远见两年定期开放混合C,20190930,002475,立讯精密,7833043.0,209612230.68,0.0571,2,深圳证券交易所,中华人民共和国,季报
003822,中信建投行业轮换混合A,20201231,003029,吉大正元,716.0,18716.24,0.0001,47,深圳证券交易所,中华人民共和国,年报(含半年报)
006991,民生加银康宁稳健养老目标一年持有期混合(FOF)A,20191231,002146,荣盛发展,800000.0,7864000.0,0.0017,19,深圳证券交易所,中华人民共和国,年报(含半年报)
009822,鹏华招华一年持有期混合A,20211231,300095,华伍股份,200000.0,3776000.0,0.0003,93,深圳证券交易所,中华人民共和国,年报(含半年报)
501201,红土创新科技创新股票(LOF),20201231,605155,西大门,350.0,10668.0,0.0,43,上海证券交易所,中华人民共和国,年报(含半年报)
008470,朱雀安鑫回报债券C,20210930,000792,盐湖股份,322000.0,9637460.0,0.005,8,深圳证券交易所,中华人民共和国,季报
007832,博道伍佰智航股票C,20211231,301180,万祥科技,654.0,14858.88,0.0,284,深圳证券交易所,中华人民共和国,年报(含半年报)
007470,博道叁佰智航股票A,20201231,300908,仲景食品,285.0,17225.4,0.0,176,深圳证券交易所,中华人民共和国,年报(含半年报)
009182,浙商智多兴稳健回报一年持有期混合C,20210630,601156,东航物流,2090.0,49470.3,0.0001,58,上海证券交易所,中华人民共和国,年报(含半年报)
010326,博时消费创新混合A,20210630,301007,德迈仕,303.0,4375.32,0.0,97,深圳证券交易所,中华人民共和国,年报(含半年报)
006351,中金MSCI中国A股国际红利指数A,20191231,600900,长江电力,44700.0,821586.0,0.0456,2,上海证券交易所,中华人民共和国,季报
000962,天弘中证500ETF联接A,20190930,000066,中国长城,968085.0,12488296.5,0.0056,7,深圳证券交易所,中华人民共和国,季报
010655,天弘医药创新混合C,20211231,300814,中富电路,328.0,7832.64,0.0,100,深圳证券交易所,中华人民共和国,年报(含半年报)
010363,信澳匠心臻选两年持有期混合,20211231,002025,航天电器,36500.0,3064175.0,0.0005,274,深圳证券交易所,中华人民共和国,年报(含半年报)
008884,博远博锐混合A,20210630,300122,智飞生物,6885.0,1285636.05,0.0423,4,深圳证券交易所,中华人民共和国,季报
006924,前海开源沪港深非周期性行业股票C,20201231,06690,海尔智家,131200.0,3102891.02,0.0504,9,中国香港证券交易所,中国香港特别行政区,年报(含半年报)
007467,华泰柏瑞中证红利低波动ETF联接C,20200930,002191,劲嘉股份,500.0,4515.0,0.0001,7,深圳证券交易所,中华人民共和国,季报
008061,惠升惠新灵活配置混合A,20200630,603766,隆鑫通用,1477000.0,5715990.0,0.0651,9,上海证券交易所,中华人民共和国,季报
159971,富国创业板ETF,20211231,300482,万孚生物,580.0,22840.4,0.0025,86,深圳证券交易所,中华人民共和国,年报(含半年报)
002390,招商安德灵活配置混合C,20210630,605287,德才股份,349.0,11014.44,0.0,74,上海证券交易所,中华人民共和国,年报(含半年报)
007455,富国蓝筹精选股票(QDII),20201231,300750,宁德时代,40000.0,14044400.0,0.0095,40,深圳证券交易所,中华人民共和国,年报(含半年报)
007484,信澳核心科技混合A,20200630,000156,华数传媒,180000.0,1949400.0,0.0019,112,深圳证券交易所,中华人民共和国,年报(含半年报)
007484,信澳核心科技混合A,20191231,002384,东山精密,111414.0,2579234.1,0.0099,34,深圳证券交易所,中华人民共和国,年报(含半年报)
009026,中银高质量发展机遇混合A,20210630,002352,顺丰控股,132843.0,8993471.1,0.0662,1,深圳证券交易所,中华人民共和国,年报(含半年报)
010133,南方创新成长混合C,20211231,000776,广发证券,3787600.0,93137084.0,0.0656,3,深圳证券交易所,中华人民共和国,年报(含半年报)
159994,银华中证5G通信主题ETF,20211231,002179,中航光电,744710.0,74888037.6,0.0308,8,深圳证券交易所,中华人民共和国,季报
007512,工银瑞信沪港深股票C,20210630,300931,通用电梯,672.0,8809.92,0.0,103,深圳证券交易所,中华人民共和国,年报(含半年报)
010433,广发新兴产业精选灵活配置混合C,20211231,603997,继峰股份,393000.0,6319440.0,0.0053,43,上海证券交易所,中华人民共和国,年报(含半年报)
007993,华夏中证全指证券公司ETF联接C,20201231,601211,国泰君安,8000.0,140240.0,0.0005,1,上海证券交易所,中华人民共和国,季报
513990,招商上证港股通ETF,20211231,00288,万洲国际,500.0,1999.03,0.0,102,中国香港证券交易所,中国香港特别行政区,年报(含半年报)
006372,长安鑫盈灵活配置混合C,20210630,688226,威腾电气,2693.0,17289.06,0.0,63,上海证券交易所,中华人民共和国,年报(含半年报)
010190,嘉实价值发现三个月定期开放混合,20210630,300997,欢乐家,928.0,12110.4,0.0,45,深圳证券交易所,中华人民共和国,年报(含半年报)
006780,广发稳健策略混合,20201231,300882,万胜智能,440.0,11347.6,0.0001,45,深圳证券交易所,中华人民共和国,年报(含半年报)
010205,国寿安保裕安混合A,20211231,301092,争光股份,323.0,11472.96,0.0,120,深圳证券交易所,中华人民共和国,年报(含半年报)
008976,富国中证消费50ETF联接C,20210630,600682,南京新百,3000.0,30180.0,0.0001,19,上海证券交易所,中华人民共和国,年报(含半年报)
009328,东兴兴晟混合C,20211231,002563,森马服饰,1800.0,13914.0,0.0002,282,深圳证券交易所,中华人民共和国,年报(含半年报)
006819,安信盈利驱动股票C,20191231,601636,旗滨集团,478300.0,2625867.0,0.0149,27,上海证券交易所,中华人民共和国,年报(含半年报)
006621,华夏养老目标日期2045三年持有期混合(FOF)C,20200930,002159,三特索道,437500.0,5105625.0,0.0059,8,深圳证券交易所,中华人民共和国,季报
006687,方正富邦深证100ETF联接A,20211231,300413,芒果超媒,1000.0,57220.0,0.0001,63,深圳证券交易所,中华人民共和国,年报(含半年报)
009401,华安添瑞6个月持有期混合C,20211231,300143,盈康生命,1648288.0,23273826.56,0.0139,2,深圳证券交易所,中华人民共和国,年报(含半年报)
010024,广发沪港深新起点股票C,20210630,300919,中伟股份,610.0,99430.0,0.0,35,深圳证券交易所,中华人民共和国,年报(含半年报)
000196,工银瑞信成长收益混合B,20201231,300003,乐普医疗,39000.0,1060020.0,0.0009,55,深圳证券交易所,中华人民共和国,年报(含半年报)
006843,中信建投睿溢混合C,20190331,002035,华帝股份,84000.0,1178520.0,0.0394,8,深圳证券交易所,中华人民共和国,季报
009937,东方欣益一年持有期偏债混合A,20210630,300918,南山智尚,1063.0,11065.83,0.0,96,深圳证券交易所,中华人民共和国,年报(含半年报)
159995,华夏国证半导体芯片ETF,20211231,301020,密封科技,421.0,12815.24,0.0,58,深圳证券交易所,中华人民共和国,年报(含半年报)
006235,东方城镇消费主题混合,20200331,002602,世纪华通,80000.0,988000.0,0.0478,6,深圳证券交易所,中华人民共和国,季报
010368,国联景瑞一年持有期混合C,20211231,688262,国芯科技,4686.0,196718.28,0.0004,19,上海证券交易所,中华人民共和国,年报(含半年报)
010043,天弘安康颐和混合A,20211231,000902,新洋丰,642000.0,10843380.0,0.0072,10,深圳证券交易所,中华人民共和国,季报
007063,长盛研发回报混合,20200630,601318,中国平安,60000.0,4284000.0,0.0275,14,上海证券交易所,中华人民共和国,年报(含半年报)
010006,南方誉鼎一年持有期混合A,20210930,601166,兴业银行,1720800.0,31490640.0,0.0112,3,上海证券交易所,中华人民共和国,季报
010617,兴业消费精选混合A,20211231,301090,华润材料,1079.0,12106.38,0.0,72,深圳证券交易所,中华人民共和国,年报(含半年报)
009182,浙商智多兴稳健回报一年持有期混合C,20210630,000301,东方盛虹,155200.0,3243680.0,0.0051,15,深圳证券交易所,中华人民共和国,年报(含半年报)
019227,方正富邦金立方一年持有期混合D,20211231,301032,新柴股份,214.0,2677.14,0.0,123,深圳证券交易所,中华人民共和国,年报(含半年报)
007233,金鹰鑫益灵活配置混合E,20201231,605186,健麾信息,626.0,17609.38,0.0001,49,上海证券交易所,中华人民共和国,年报(含半年报)
515610,中银中证800ETF,20210630,601866,中远海发,5000.0,18750.0,0.0005,415,上海证券交易所,中华人民共和国,年报(含半年报)
005761,招商MSCI中国A股国际通ETF联接A,20191231,601988,中国银行,2180100.0,8044569.0,0.0042,45,上海证券交易所,中华人民共和国,年报(含半年报)
009897,广发港股通成长精选股票C,20201231,06969,思摩尔国际,817000.0,41154049.82,0.0047,26,中国香港证券交易所,中国香港特别行政区,年报(含半年报)
009334,富国融享18个月定期开放混合A,20211231,301030,仕净科技,242.0,7627.84,0.0,95,深圳证券交易所,中华人民共和国,年报(含半年报)
002282,平安安享灵活配置混合A,20210331,601601,中国太保,85837.0,3248072.08,0.0059,8,上海证券交易所,中华人民共和国,季报
010808,达诚策略先锋混合A,20211231,605580,恒盛能源,654.0,10614.42,0.0001,83,上海证券交易所,中华人民共和国,年报(含半年报)
009108,富国红利精选混合(QDII),20211231,02331,李宁,113000.0,7885384.08,0.0097,30,中国香港证券交易所,中国香港特别行政区,年报(含半年报)
165310,建信沪深300指数增强(LOF)A,20191231,688196,卓越新能,6957.0,266940.09,0.0023,78,上海证券交易所,中华人民共和国,年报(含半年报)
007992,华夏中证全指证券公司ETF联接A,20200630,600864,哈投股份,23900.0,143639.0,0.0015,23,上海证券交易所,中华人民共和国,年报(含半年报)
006888,诺德新生活混合C,20211231,605089,味知香,8400.0,796740.0,0.0221,17,上海证券交易所,中华人民共和国,年报(含半年报)
007193,恒越核心精选混合C,20200630,600521,华海药业,372920.0,12653175.6,0.0711,1,上海证券交易所,中华人民共和国,年报(含半年报)
008051,同泰慧择混合C,20201231,600104,上汽集团,58100.0,1419964.0,0.0289,6,上海证券交易所,中华人民共和国,季报
000961,天弘沪深300ETF联接A,20200630,000338,潍柴动力,63144.0,866335.68,0.0001,56,深圳证券交易所,中华人民共和国,年报(含半年报)
510370,兴业沪深300ETF,20201231,601618,中国中冶,45500.0,124215.0,0.001,232,上海证券交易所,中华人民共和国,年报(含半年报)
009557,申万菱信创业板量化精选股票A,20210630,300992,泰福泵业,200.0,5378.0,0.0,156,深圳证券交易所,中华人民共和国,年报(含半年报)
009065,鹏扬景沃六个月持有期混合C,20211231,300347,泰格医药,71500.0,9137700.0,0.003,33,深圳证券交易所,中华人民共和国,年报(含半年报)
007770,同泰开泰混合A,20200331,300136,信维通信,120000.0,4118400.0,0.0375,3,深圳证券交易所,中华人民共和国,季报
005918,天弘沪深300ETF联接C,20210630,601628,中国人寿,20071.0,680206.19,0.0001,98,上海证券交易所,中华人民共和国,年报(含半年报)
161620,融通核心价值混合(QDII)A,20191231,01918,融创中国,38000.0,1584545.24,0.0311,6,中国香港证券交易所,中国香港特别行政区,年报(含半年报)
008308,华夏见龙精选混合,20201231,605377,华旺科技,750.0,14977.5,0.0,92,上海证券交易所,中华人民共和国,年报(含半年报)
002489,国泰民福策略价值灵活配置混合A,20200630,603816,顾家家居,37600.0,1692376.0,0.0041,23,上海证券交易所,中华人民共和国,年报(含半年报)
005984,兴业聚华混合A,20211231,301091,深城交,524.0,16406.44,0.0,52,深圳证券交易所,中华人民共和国,年报(含半年报)
007923,方正富邦天鑫灵活配置混合A,20191231,601318,中国平安,104700.0,8947662.0,0.071,1,上海证券交易所,中华人民共和国,年报(含半年报)
003276,国联安添利增长债券C,20211231,002706,良信股份,19200.0,342144.0,0.0089,8,深圳证券交易所,中华人民共和国,年报(含半年报)
009268,创金合信稳健增利6个月持有期混合A,20201231,002304,洋河股份,9700.0,2289103.0,0.0032,16,深圳证券交易所,中华人民共和国,年报(含半年报)
007177,浙商智能行业优选混合A,20210331,000001,平安银行,1500000.0,33015000.0,0.0337,4,深圳证券交易所,中华人民共和国,季报
007794,申万菱信中证500指数优选增强C,20210630,603456,九洲药业,41500.0,2016070.0,0.0014,13,上海证券交易所,中华人民共和国,年报(含半年报)
162907,泰信中证锐联基本面400指数(LOF),20200630,002241,歌尔股份,8678.0,254786.08,0.0056,6,深圳证券交易所,中华人民共和国,年报(含半年报)
010272,富兰克林国海价值成长一年持有期混合C,20210630,06110,滔搏,500000.0,5292028.8,0.0042,31,中国香港证券交易所,中国香港特别行政区,年报(含半年报)
006396,长信双利优选混合E,20201231,300896,爱美客,270.0,162907.2,0.0005,44,深圳证券交易所,中华人民共和国,年报(含半年报)
008376,中欧启航三年持有期混合C,20211231,000977,浪潮信息,1277300.0,45765659.0,0.0102,28,深圳证券交易所,中华人民共和国,年报(含半年报)
010314,大摩内需增长混合A,20210630,605011,杭州热电,525.0,4662.0,0.0,69,上海证券交易所,中华人民共和国,年报(含半年报)
002063,国泰沪深300指数增强C,20211231,601328,交通银行,653100.0,3010791.0,0.0155,14,上海证券交易所,中华人民共和国,年报(含半年报)
009621,中欧心益稳健6个月持有期混合A,20211231,301017,漱玉平民,555.0,13209.0,0.0,61,深圳证券交易所,中华人民共和国,年报(含半年报)
009993,嘉实前沿创新混合,20210331,03888,金山软件,2849000.0,124248559.51,0.0391,10,中国香港证券交易所,中国香港特别行政区,季报
006396,长信双利优选混合E,20190903,600048,保利发展,2889399.0,38429006.7,0.0431,4,上海证券交易所,中华人民共和国,季报
008145,兴全优选进取三个月持有期混合(FOF)A,20201231,000785,居然之家,991501.0,7902262.97,0.0018,6,深圳证券交易所,中华人民共和国,季报
009049,易方达高端制造混合,20211231,603071,物产环能,1627.0,41098.02,0.0,47,上海证券交易所,中华人民共和国,年报(含半年报)
009058,博时科技创新混合C,20200630,688157,松井股份,133677.0,14757940.8,0.0127,25,上海证券交易所,中华人民共和国,年报(含半年报)
009937,东方欣益一年持有期偏债混合A,20210630,601888,中国中免,30000.0,9003000.0,0.0046,18,上海证券交易所,中华人民共和国,年报(含半年报)
002282,平安安享灵活配置混合A,20200630,601658,邮储银行,796668.0,3640772.76,0.0162,4,上海证券交易所,中华人民共和国,季报
010455,博时产业精选灵活配置混合A,20211231,301221,光庭信息,280.0,24841.6,0.0,74,深圳证券交易所,中华人民共和国,年报(含半年报)
010555,华安新兴消费混合C,20210630,00291,华润啤酒,694000.0,40278080.52,0.0061,35,中国香港证券交易所,中国香港特别行政区,年报(含半年报)
008955,交银施罗德创新领航混合,20211231,688308,欧科亿,17395.0,1229478.6,0.0003,42,上海证券交易所,中华人民共和国,年报(含半年报)
006839,安信聚利增强债券A,20200630,000810,创维数字,700.0,8456.0,0.0,31,深圳证券交易所,中华人民共和国,年报(含半年报)
006603,嘉实互融精选股票,20211231,03690,美团-W,3800.0,700290.75,0.0422,3,中国香港证券交易所,中国香港特别行政区,季报
010781,兴业聚申一年持有期混合A,20210630,301021,英诺激光,2899.0,27424.54,0.0001,56,深圳证券交易所,中华人民共和国,年报(含半年报)
009822,鹏华招华一年持有期混合A,20211231,002557,洽洽食品,40000.0,2454400.0,0.0002,106,深圳证券交易所,中华人民共和国,年报(含半年报)
009170,湘财长兴灵活配置混合C,20201231,300083,创世纪,300000.0,3534000.0,0.0122,20,深圳证券交易所,中华人民共和国,年报(含半年报)
009837,华夏磐锐一年定期开放混合A,20211231,300481,濮阳惠成,394524.0,9519864.12,0.0108,8,深圳证券交易所,中华人民共和国,季报
009332,博时恒裕6个月持有期混合A,20201231,300892,品渥食品,272.0,16322.72,0.0,64,深圳证券交易所,中华人民共和国,年报(含半年报)
005177,华夏睿磐泰利混合A,20211231,603613,国联股份,3300.0,354750.0,0.0004,139,上海证券交易所,中华人民共和国,年报(含半年报)
515610,中银中证800ETF,20211231,603708,家家悦,400.0,6656.0,0.0001,767,上海证券交易所,中华人民共和国,年报(含半年报)
009598,景顺长城科技创新三年定期开放灵活配置混合,20211231,301048,金鹰重工,843.0,10925.28,0.0,90,深圳证券交易所,中华人民共和国,年报(含半年报)
010112,广发研究精选股票A,20211231,601888,中国中免,32800.0,7196648.0,0.0023,122,上海证券交易所,中华人民共和国,年报(含半年报)
009312,新疆前海联合价值优选混合A,20211231,301036,双乐股份,205.0,6135.65,0.0,106,深圳证券交易所,中华人民共和国,年报(含半年报)
952035,国泰君安君得诚混合,20211231,688232,新点软件,92097.0,4001614.65,0.01,37,上海证券交易所,中华人民共和国,年报(含半年报)
010304,华泰柏瑞量化创盈混合C,20211231,603659,璞泰来,17900.0,2874919.0,0.0159,6,上海证券交易所,中华人民共和国,季报
009821,嘉实浦惠6个月持有期混合C,20211231,301100,风光股份,599.0,18652.86,0.0,107,深圳证券交易所,中华人民共和国,年报(含半年报)
008537,兴银研究精选股票A,20211231,600436,片仔癀,700.0,306005.0,0.0034,93,上海证券交易所,中华人民共和国,年报(含半年报)
003958,安信量化精选沪深300指数增强C,20211231,601933,永辉超市,73300.0,296865.0,0.001,182,上海证券交易所,中华人民共和国,年报(含半年报)
008981,中邮科技创新精选混合C,20211231,301035,润丰股份,644.0,36244.32,0.0,43,深圳证券交易所,中华人民共和国,年报(含半年报)
007939,华夏网购精选灵活配置混合C,20191231,002773,康弘药业,8800.0,325336.0,0.0007,265,深圳证券交易所,中华人民共和国,年报(含半年报)
001556,天弘中证500指数增强A,20210630,000869,张裕A,39500.0,1467030.0,0.0008,115,深圳证券交易所,中华人民共和国,年报(含半年报)
159999,永赢中证500ETF,20201231,300357,我武生物,3900.0,299130.0,0.004,26,深圳证券交易所,中华人民共和国,年报(含半年报)
009564,汇安消费龙头混合A,20210630,688059,华锐精密,1023.0,163945.98,0.0001,43,上海证券交易所,中华人民共和国,年报(含半年报)
162907,泰信中证锐联基本面400指数(LOF),20191231,600787,中储股份,15061.0,78467.81,0.0017,258,上海证券交易所,中华人民共和国,年报(含半年报)
510350,工银瑞信沪深300ETF,20200630,601988,中国银行,4992600.0,17374248.0,0.0049,47,上海证券交易所,中华人民共和国,年报(含半年报)
007039,新疆前海联合沪深300指数C,20201231,601888,中国中免,1100.0,310695.0,0.0158,9,上海证券交易所,中华人民共和国,年报(含半年报)
006105,宏利印度机会股票(QDII),20211231,,,24884.0,2615434.01,0.0408,9,,,季报
005970,国泰消费优选股票,20210630,002891,中宠股份,168400.0,6904400.0,0.0533,9,深圳证券交易所,中华人民共和国,年报(含半年报)
010019,招商瑞泽一年持有期混合C,20211231,301004,嘉益股份,312.0,6389.76,0.0,136,深圳证券交易所,中华人民共和国,年报(含半年报)
001556,天弘中证500指数增强A,20211231,600598,北大荒,383100.0,5577936.0,0.001,159,上海证券交易所,中华人民共和国,年报(含半年报)
008998,同泰竞争优势混合C,20201231,000661,长春高新,3600.0,1616076.0,0.0387,3,深圳证券交易所,中华人民共和国,季报
007207,华夏常阳三年定期开放混合,20211231,600438,通威股份,2552700.0,114769392.0,0.0282,7,上海证券交易所,中华人民共和国,季报
008008,易方达稳健收益债券C,20200331,000402,金融街,13412786.0,87719620.44,0.0034,10,深圳证券交易所,中华人民共和国,季报
008300,人保量化锐进混合A,20211231,300357,我武生物,6100.0,349530.0,0.0153,26,深圳证券交易所,中华人民共和国,年报(含半年报)
007254,广发均衡价值混合A,20211231,601688,华泰证券,80000.0,1420800.0,0.025,17,上海证券交易所,中华人民共和国,年报(含半年报)
008385,银华汇益一年持有期混合C,20211231,600577,精达股份,89208.0,663707.52,0.0011,41,上海证券交易所,中华人民共和国,年报(含半年报)
009199,万家价值优势一年持有期混合,20210630,688345,博力威,2332.0,171518.6,0.0001,35,上海证券交易所,中华人民共和国,年报(含半年报)
008514,南方宝丰混合C,20201231,002142,宁波银行,500094.0,17673321.96,0.0164,3,深圳证券交易所,中华人民共和国,季报
860007,光大阳光价值30个月持有期混合A,20211231,600906,财达证券,81.0,1033.56,0.0,203,上海证券交易所,中华人民共和国,年报(含半年报)
009601,招商科技动力3个月滚动持有股票A,20210630,301007,德迈仕,303.0,4375.32,0.0,93,深圳证券交易所,中华人民共和国,年报(含半年报)
000066,诺安鸿鑫混合A,20191231,600036,招商银行,177300.0,6662934.0,0.0542,3,上海证券交易所,中华人民共和国,年报(含半年报)
008234,光大保德信消费主题股票A,20211231,000333,美的集团,210500.0,15537005.0,0.0561,4,深圳证券交易所,中华人民共和国,季报
008299,华夏中证银行ETF联接C,20211231,601398,工商银行,20400.0,94452.0,0.0002,3,上海证券交易所,中华人民共和国,季报
010789,汇添富恒生指数(QDII-LOF)C,20210630,01177,中国生物制药,218500.0,1385388.24,0.0061,37,中国香港证券交易所,中国香港特别行政区,年报(含半年报)
513990,招商上证港股通ETF,20201231,00941,中国移动,21000.0,781210.25,0.0122,11,中国香港证券交易所,中国香港特别行政区,年报(含半年报)
515900,博时中证央企创新驱动ETF,20211231,601808,中海油服,1024795.0,15371925.0,0.0028,74,上海证券交易所,中华人民共和国,年报(含半年报)
010018,招商瑞泽一年持有期混合A,20201231,300898,熊猫乳品,496.0,16382.88,0.0,53,深圳证券交易所,中华人民共和国,年报(含半年报)
009070,大成睿鑫股票C,20211231,301049,超越科技,1954.0,67173.64,0.0001,94,深圳证券交易所,中华人民共和国,年报(含半年报)
007775,汇安量化先锋混合A,20211231,001234,泰慕士,277.0,4578.81,0.0001,66,深圳证券交易所,中华人民共和国,年报(含半年报)
001593,天弘创业板ETF联接C,20211231,300014,亿纬锂能,19677.0,2325427.86,0.0006,4,深圳证券交易所,中华人民共和国,年报(含半年报)
920921,中金安心回报灵活配置混合C,20200630,300142,沃森生物,400.0,20944.0,0.0,150,深圳证券交易所,中华人民共和国,年报(含半年报)
011085,财通资管新添益6个月持有期混合C,20211231,688099,晶晨股份,164.0,21352.8,0.0022,26,上海证券交易所,中华人民共和国,年报(含半年报)
008270,大成睿享混合C,20211231,688105,诺唯赞,3090.0,288266.1,0.0003,45,上海证券交易所,中华人民共和国,年报(含半年报)
850588,海通核心优势一年持有期混合A,20200630,600887,伊利股份,1636669.0,50949505.97,0.0192,10,上海证券交易所,中华人民共和国,年报(含半年报)
501069,华宝标普中国A股质量价值指数(LOF),20201231,002867,周大生,10300.0,274495.0,0.0106,28,深圳证券交易所,中华人民共和国,年报(含半年报)
159968,博时中证500ETF,20211231,000519,中兵红箭,69600.0,1856232.0,0.003,75,深圳证券交易所,中华人民共和国,年报(含半年报)
007939,华夏网购精选灵活配置混合C,20200630,601169,北京银行,479100.0,2347590.0,0.0046,46,上海证券交易所,中华人民共和国,年报(含半年报)
001617,天弘中证电子ETF联接A,20210630,002273,水晶光电,32467.0,476940.23,0.0003,43,深圳证券交易所,中华人民共和国,年报(含半年报)
008655,招商科技创新混合A,20210930,603259,药明康德,180940.0,27647632.0,0.0463,8,上海证券交易所,中华人民共和国,季报
008811,鹏华科技创新混合,20211231,300416,苏试试验,565971.0,19214715.45,0.0405,7,深圳证券交易所,中华人民共和国,季报
008260,长城价值优选混合A,20201231,300896,爱美客,161.0,97140.96,0.0002,26,深圳证券交易所,中华人民共和国,年报(含半年报)
169105,东方红睿华沪港深灵活配置混合(LOF)A,20190630,600566,济川药业,1247322.0,37556865.42,0.0047,26,上海证券交易所,中华人民共和国,年报(含半年报)
003957,安信量化精选沪深300指数增强A,20200630,688111,金山办公,200.0,68316.0,0.0004,30,上海证券交易所,中华人民共和国,年报(含半年报)
005919,天弘中证500ETF联接C,20200630,600557,康缘药业,181420.0,2525366.4,0.0011,359,上海证券交易所,中华人民共和国,年报(含半年报)
009525,广发聚荣一年持有期混合A,20201231,300274,阳光电源,18000.0,1301040.0,0.0009,48,深圳证券交易所,中华人民共和国,年报(含半年报)
007734,南方智锐混合C,20211231,002984,森麒麟,141100.0,5018927.0,0.0054,42,深圳证券交易所,中华人民共和国,年报(含半年报)
009004,海富通中证500指数增强C,20211231,603198,迎驾贡酒,3000.0,208350.0,0.0059,61,上海证券交易所,中华人民共和国,年报(含半年报)
515550,国联中证500ETF,20210630,002505,鹏都农牧,14100.0,31584.0,0.0011,359,深圳证券交易所,中华人民共和国,年报(含半年报)
010339,国投瑞银远见成长混合C,20211231,301189,奥尼电子,435.0,24629.7,0.0,67,深圳证券交易所,中华人民共和国,年报(含半年报)
001630,天弘中证计算机主题ETF联接C,20190630,600968,海油发展,102375.0,363431.25,0.0003,1,上海证券交易所,中华人民共和国,年报(含半年报)
008810,安信民稳增长混合C,20210630,300998,宁波方正,201.0,4285.32,0.0,90,深圳证券交易所,中华人民共和国,年报(含半年报)
007113,永赢高端制造混合A,20200630,600958,东方证券,440200.0,4177498.0,0.0031,22,上海证券交易所,中华人民共和国,年报(含半年报)
009297,南方誉慧一年持有期混合C,20210630,301011,华立科技,250.0,9424.5,0.0,108,深圳证券交易所,中华人民共和国,年报(含半年报)
501070,广发睿阳三年定期开放混合,20201231,605179,一鸣食品,939.0,16582.74,0.0,50,上海证券交易所,中华人民共和国,年报(含半年报)
000142,融通增强收益债券A,20200930,002241,歌尔股份,5400.0,218322.0,0.0042,7,深圳证券交易所,中华人民共和国,季报
005919,天弘中证500ETF联接C,20201231,603379,三美股份,3300.0,63030.0,0.0,477,上海证券交易所,中华人民共和国,年报(含半年报)
008009,华商高端装备制造股票A,20211231,301009,可靠股份,1.0,18.45,0.0,164,深圳证券交易所,中华人民共和国,年报(含半年报)
006257,信澳先进智造股票,20210630,002415,海康威视,25510.0,1645395.0,0.0009,174,深圳证券交易所,中华人民共和国,年报(含半年报)
007848,广发聚宝混合C,20201231,000725,京东方A,1000000.0,6000000.0,0.0053,5,深圳证券交易所,中华人民共和国,季报
010265,鹏华成长智选混合C,20211231,688087,英科再生,2469.0,230604.6,0.0,101,上海证券交易所,中华人民共和国,年报(含半年报)
007469,中信建投策略精选混合C,20211231,601702,华峰铝业,56800.0,699776.0,0.0055,42,上海证券交易所,中华人民共和国,年报(含半年报)
009968,金鹰内需成长混合A,20210630,603185,弘元绿能,96200.0,17214990.0,0.0543,6,上海证券交易所,中华人民共和国,年报(含半年报)
010385,华安汇嘉精选混合A,20210630,600438,通威股份,1213577.0,52511476.79,0.0096,24,上海证券交易所,中华人民共和国,年报(含半年报)
009707,工银瑞信新兴制造混合A,20211231,688789,宏华数科,1400.0,362404.0,0.0001,75,上海证券交易所,中华人民共和国,年报(含半年报)
006977,农银汇理海棠三年定期开放混合,20190630,300759,康龙化成,14700.0,502446.0,0.002,11,深圳证券交易所,中华人民共和国,年报(含半年报)
009327,东兴兴晟混合A,20211231,600116,三峡水利,59100.0,689106.0,0.0116,8,上海证券交易所,中华人民共和国,季报
009714,华安聚优精选混合,20210630,300760,迈瑞医疗,266360.0,127866118.0,0.0096,25,深圳证券交易所,中华人民共和国,年报(含半年报)
008831,海富通安益对冲策略灵活配置混合A,20201231,600588,用友网络,40880.0,1793405.6,0.0008,152,上海证券交易所,中华人民共和国,年报(含半年报)
009376,景顺长城成长领航混合,20211231,301068,大地海洋,144.0,4086.72,0.0,114,深圳证券交易所,中华人民共和国,年报(含半年报)
009149,富国绝对收益多策略定期开放混合C,20211231,300782,卓胜微,164.0,53595.2,0.0001,209,深圳证券交易所,中华人民共和国,年报(含半年报)
009010,华夏兴阳一年持有期混合,20200630,300760,迈瑞医疗,653934.0,199907623.8,0.0452,8,深圳证券交易所,中华人民共和国,季报
009998,摩根慧见两年持有期混合,20201231,600031,三一重工,368700.0,12897126.0,0.0053,33,上海证券交易所,中华人民共和国,年报(含半年报)
008855,南方内需增长两年持有期股票C,20210630,688201,信安世纪,2129.0,96677.89,0.0,153,上海证券交易所,中华人民共和国,年报(含半年报)
006822,凯石湛混合A,20210630,000333,美的集团,133100.0,9499347.0,0.0693,5,深圳证券交易所,中华人民共和国,季报
006227,华宝科技先锋混合A,20200630,300122,智飞生物,22800.0,2283420.0,0.026,12,深圳证券交易所,中华人民共和国,年报(含半年报)
007127,博道远航混合C,20191231,603297,永新光学,6100.0,211975.0,0.0015,196,上海证券交易所,中华人民共和国,年报(含半年报)
006227,华宝科技先锋混合A,20211231,300738,奥飞数据,25100.0,569770.0,0.0093,35,深圳证券交易所,中华人民共和国,年报(含半年报)
009649,嘉实精选平衡混合A,20201231,002475,立讯精密,89930.0,5046871.6,0.0073,18,深圳证券交易所,中华人民共和国,年报(含半年报)
006823,凯石湛混合C,20210630,000333,美的集团,133100.0,9499347.0,0.0693,5,深圳证券交易所,中华人民共和国,年报(含半年报)
010031,华泰柏瑞生物医药灵活配置混合C,20211231,300997,欢乐家,928.0,16082.24,0.0,89,深圳证券交易所,中华人民共和国,年报(含半年报)
009607,长信稳健精选混合C,20210630,605287,德才股份,349.0,11014.44,0.0,74,上海证券交易所,中华人民共和国,年报(含半年报)
860028,光大阳光对冲策略6个月持有期灵活配置混合B,20200630,601939,建设银行,58900.0,371659.0,0.001,132,上海证券交易所,中华人民共和国,年报(含半年报)
009215,易方达瑞川灵活配置混合A,20201231,601318,中国平安,132100.0,11490058.0,0.0135,11,上海证券交易所,中华人民共和国,年报(含半年报)
009854,中加优势企业混合C,20210630,09633,农夫山泉,4270.0,138388.63,0.0009,58,中国香港证券交易所,中国香港特别行政区,年报(含半年报)
008372,富国阿尔法两年持有期混合,20210630,000651,格力电器,92918.0,4841027.8,0.0028,55,深圳证券交易所,中华人民共和国,年报(含半年报)
009993,嘉实前沿创新混合,20211231,301012,扬电科技,170.0,8608.8,0.0,123,深圳证券交易所,中华人民共和国,年报(含半年报)
009007,兴全沪港深两年持有期混合,20210630,00388,香港交易所,251100.0,96695251.29,0.0267,4,中国香港证券交易所,中国香港特别行政区,季报
008546,南方产业优势两年持有期混合A,20210630,603330,天洋新材,456100.0,13819830.0,0.004,56,上海证券交易所,中华人民共和国,年报(含半年报)
515090,博时中证可持续发展100ETF,20210331,601995,中金公司,24951.0,1183425.93,0.0058,1,上海证券交易所,中华人民共和国,季报
006943,华泰柏瑞量化明选混合C,20191231,600016,民生银行,341100.0,2152341.0,0.0104,34,上海证券交易所,中华人民共和国,年报(含半年报)
007207,华夏常阳三年定期开放混合,20210630,688613,奥精医疗,2617.0,237597.43,0.0,29,上海证券交易所,中华人民共和国,年报(含半年报)
008500,鹏扬景科混合C,20211231,301091,深城交,524.0,16406.44,0.0,103,深圳证券交易所,中华人民共和国,年报(含半年报)
007944,永赢乾元三年定期开放混合,20200331,600837,海通证券,3143915.0,40367868.6,0.0496,6,上海证券交易所,中华人民共和国,季报
512380,银华MSCI中国A股ETF,20201231,300699,光威复材,4251.0,378551.55,0.0011,214,深圳证券交易所,中华人民共和国,年报(含半年报)
008284,易方达全球医药行业混合(QDII),20201231,003030,祖名股份,480.0,7286.4,0.0,87,深圳证券交易所,中华人民共和国,年报(含半年报)
007783,大成MSCI中国A股质优价值100ETF联接C,20211231,600600,青岛啤酒,100.0,9900.0,0.0008,9,上海证券交易所,中华人民共和国,年报(含半年报)
011020,财通资管消费精选灵活配置混合C,20211231,600703,三安光电,299500.0,11249220.0,0.0242,16,上海证券交易所,中华人民共和国,年报(含半年报)
159976,工银瑞信粤港澳大湾区创新100ETF,20200630,000002,万科A,519300.0,13574502.0,0.0329,9,深圳证券交易所,中华人民共和国,季报
008132,鹏华价值驱动混合,20211231,603176,汇通集团,1924.0,4713.8,0.0,116,上海证券交易所,中华人民共和国,年报(含半年报)
008025,汇添富稳健增长混合A,20211231,601888,中国中免,150055.0,32923567.55,0.0243,5,上海证券交易所,中华人民共和国,季报
006603,嘉实互融精选股票,20200930,600519,贵州茅台,1100.0,1835350.0,0.0898,2,上海证券交易所,中华人民共和国,季报
006233,万家汽车新趋势混合A,20210630,301015,百洋医药,4357.0,237133.24,0.0013,43,深圳证券交易所,中华人民共和国,年报(含半年报)
007306,华泰柏瑞基本面智选混合A,20200630,603605,珀莱雅,11400.0,2052228.0,0.0581,5,上海证券交易所,中华人民共和国,季报
009246,大摩ESG量化先行混合,20211231,600519,贵州茅台,5500.0,11275000.0,0.0279,1,上海证券交易所,中华人民共和国,季报
008385,银华汇益一年持有期混合C,20211231,000783,长江证券,184500.0,1391130.0,0.0023,22,深圳证券交易所,中华人民共和国,年报(含半年报)
006957,长江量化匠心甄选股票C,20190630,000601,韶能股份,41400.0,198306.0,0.0095,46,深圳证券交易所,中华人民共和国,年报(含半年报)
009058,博时科技创新混合C,20210930,300750,宁德时代,162394.0,85375397.62,0.0684,2,深圳证券交易所,中华人民共和国,季报
008094,同泰慧选混合C,20200630,002180,纳思达,4000.0,131640.0,0.0012,89,深圳证券交易所,中华人民共和国,年报(含半年报)
009798,大成创业板两年定期开放混合C,20211231,688687,凯因科技,5354.0,146485.44,0.0,145,上海证券交易所,中华人民共和国,年报(含半年报)
010495,创金合信创新驱动股票A,20211231,301180,万祥科技,654.0,14858.88,0.0001,48,深圳证券交易所,中华人民共和国,年报(含半年报)
515870,嘉实中证先进制造100策略ETF,20201231,002459,晶澳科技,41700.0,1698024.0,0.0321,8,深圳证券交易所,中华人民共和国,年报(含半年报)
007119,睿远成长价值混合A,20210930,00175,吉利汽车,77211000.0,1437668820.0,0.0421,9,中国香港证券交易所,中国香港特别行政区,季报
007074,国寿安保新蓝筹灵活配置混合,20211231,002202,金风科技,500000.0,8235000.0,0.0166,16,深圳证券交易所,中华人民共和国,年报(含半年报)
009681,南方创新精选一年定期开放混合A,20210630,003025,思进智能,427.0,12959.45,0.0,116,深圳证券交易所,中华人民共和国,年报(含半年报)
008076,招商核心优选股票C,20210331,00700,腾讯控股,64762.0,33388683.77,0.0316,9,中国香港证券交易所,中国香港特别行政区,季报
011143,创金合信新材料新能源股票C,20211231,600905,三峡能源,451100.0,3387761.0,0.0059,29,上海证券交易所,中华人民共和国,年报(含半年报)
005491,兴全合宜灵活配置混合(LOF)C,20211231,002028,思源电气,5451776.0,268281896.96,0.0097,35,深圳证券交易所,中华人民共和国,年报(含半年报)
009828,融通转型三动力灵活配置混合C,20210630,300919,中伟股份,610.0,99430.0,0.0002,39,深圳证券交易所,中华人民共和国,年报(含半年报)
008831,海富通安益对冲策略灵活配置混合A,20201231,600030,中信证券,875341.0,25735025.4,0.0108,12,上海证券交易所,中华人民共和国,年报(含半年报)
007141,嘉合稳健增长灵活配置混合A,20211231,300986,志特新材,211.0,13506.11,0.0001,41,深圳证券交易所,中华人民共和国,年报(含半年报)
010129,宝盈发展新动能股票C,20211231,301177,迪阿股份,172.0,19965.76,0.0,43,深圳证券交易所,中华人民共和国,年报(含半年报)
002690,前海开源恒泽混合A,20210630,600519,贵州茅台,6200.0,12751540.0,0.0584,1,上海证券交易所,中华人民共和国,年报(含半年报)
010257,天弘多利一年定期开放混合,20211231,601186,中国铁建,341100.0,2660580.0,0.0097,6,上海证券交易所,中华人民共和国,季报
008374,华泰柏瑞景气回报一年持有期混合C,20201231,002714,牧原股份,546.0,42096.6,0.0,74,深圳证券交易所,中华人民共和国,年报(含半年报)
007887,东方红启元三年持有期混合B,20201231,300892,品渥食品,272.0,16322.72,0.0,78,深圳证券交易所,中华人民共和国,年报(含半年报)
008251,汇安宜创量化精选混合A,20210630,688226,威腾电气,2693.0,17289.06,0.0001,145,上海证券交易所,中华人民共和国,年报(含半年报)
005991,长信利丰债券A,20200930,600741,华域汽车,645108.0,16063189.2,0.0073,8,上海证券交易所,中华人民共和国,季报
007294,长信利信灵活配置混合E,20201231,300920,润阳科技,2503.0,85427.39,0.0001,35,深圳证券交易所,中华人民共和国,年报(含半年报)
006364,招商丰韵混合A,20190630,600438,通威股份,1539616.0,21647000.96,0.0536,2,上海证券交易所,中华人民共和国,年报(含半年报)
009846,富兰克林国海港股通远见价值混合A,20201231,01211,比亚迪股份,250000.0,42755312.0,0.0263,4,中国香港证券交易所,中国香港特别行政区,季报
008893,创金合信鑫利混合A,20210630,002709,天赐材料,5000.0,532900.0,0.007,7,深圳证券交易所,中华人民共和国,年报(含半年报)
004892,华润元大成长精选股票C,20211231,002791,坚朗五金,100.0,18159.0,0.0001,362,深圳证券交易所,中华人民共和国,年报(含半年报)
159973,弘毅远方国证民企领先100ETF,20210630,601012,隆基绿能,407840.0,36232505.6,0.0488,2,上海证券交易所,中华人民共和国,年报(含半年报)
006365,招商丰韵混合C,20210630,300932,三友联众,453.0,14364.63,0.0,85,深圳证券交易所,中华人民共和国,年报(含半年报)
006942,华泰柏瑞量化明选混合A,20190630,601229,上海银行,24900.0,295065.0,0.0004,180,上海证券交易所,中华人民共和国,年报(含半年报)
010045,汇添富稳健添盈一年持有期混合,20211231,301177,迪阿股份,792.0,91935.36,0.0,46,深圳证券交易所,中华人民共和国,年报(含半年报)
515580,华泰柏瑞中证科技100ETF,20201231,002202,金风科技,862600.0,12292050.0,0.0137,20,深圳证券交易所,中华人民共和国,年报(含半年报)
007397,华宝标普沪港深中国增强价值指数(LOF)C,20200630,00392,北京控股,37000.0,875349.55,0.0063,37,中国香港证券交易所,中国香港特别行政区,年报(含半年报)
007041,新疆前海联合泳涛灵活配置混合C,20210331,600690,海尔智家,299927.0,9351723.86,0.0624,3,上海证券交易所,中华人民共和国,季报
003823,中信建投行业轮换混合C,20211231,301030,仕净科技,242.0,7627.84,0.0,162,深圳证券交易所,中华人民共和国,年报(含半年报)
515010,华夏中证全指证券公司ETF,20201231,000776,广发证券,1168586.0,19024580.08,0.0263,8,深圳证券交易所,中华人民共和国,季报
010020,华夏线上经济主题精选混合,20210630,300945,曼卡龙,474.0,8949.12,0.0,91,深圳证券交易所,中华人民共和国,年报(含半年报)
010018,招商瑞泽一年持有期混合A,20211231,688151,华强科技,12238.0,443994.64,0.0002,67,上海证券交易所,中华人民共和国,年报(含半年报)
007571,南方上证380ETF联接C,20210630,600075,新疆天业,1100.0,7480.0,0.0001,291,上海证券交易所,中华人民共和国,年报(含半年报)
007049,平安鑫安混合E,20210630,688601,力芯微,1174.0,216133.4,0.0004,42,上海证券交易所,中华人民共和国,年报(含半年报)
009056,圆信永丰大湾区主题混合C,20210630,688680,海优新材,1337.0,325078.18,0.0016,27,上海证券交易所,中华人民共和国,年报(含半年报)
003761,国泰中证500指数增强C,20210630,603737,三棵树,4646.0,817696.0,0.014,3,上海证券交易所,中华人民共和国,年报(含半年报)
007506,华夏中证AH经济蓝筹股票指数C,20200630,00581,中国东方集团,22000.0,42401.88,0.0006,258,中国香港证券交易所,中国香港特别行政区,年报(含半年报)
000126,招商安润灵活配置混合A,20210630,300950,德固特,219.0,8569.47,0.0,89,深圳证券交易所,中华人民共和国,年报(含半年报)
009817,红塔红土稳健精选混合A,20210630,300750,宁德时代,2500.0,1337000.0,0.0042,26,深圳证券交易所,中华人民共和国,年报(含半年报)
009488,中邮价值精选混合A,20210331,600031,三一重工,180000.0,6147000.0,0.0244,7,上海证券交易所,中华人民共和国,季报
006250,摩根动力精选混合A,20191231,300750,宁德时代,8500.0,904400.0,0.0675,4,深圳证券交易所,中华人民共和国,季报
009967,博时荣泰灵活配置混合,20211231,301179,泽宇智能,90.0,4569.3,0.0,93,深圳证券交易所,中华人民共和国,年报(含半年报)
006336,泓德量化精选混合,20191231,600309,万华化学,104100.0,5847297.0,0.0156,5,上海证券交易所,中华人民共和国,年报(含半年报)
009539,兴业睿进混合A,20210630,300971,博亚精工,245.0,6931.05,0.0,101,深圳证券交易所,中华人民共和国,年报(含半年报)
009433,德邦科技创新一年定期开放混合C,20211231,301118,恒光股份,315.0,15441.3,0.0001,60,深圳证券交易所,中华人民共和国,年报(含半年报)
009817,红塔红土稳健精选混合A,20201231,600038,中直股份,4500.0,282195.0,0.001,108,上海证券交易所,中华人民共和国,年报(含半年报)
006911,长江量化匠心甄选股票A,20201231,000895,双汇发展,1300.0,61022.0,0.0025,65,深圳证券交易所,中华人民共和国,年报(含半年报)
007468,中信建投策略精选混合A,20200331,600760,中航沈飞,330200.0,9453626.0,0.0283,6,上海证券交易所,中华人民共和国,季报
010873,博时沪深300指数增强C,20211231,002268,电科网安,300.0,16782.0,0.0005,201,深圳证券交易所,中华人民共和国,年报(含半年报)
009242,中加核心智造混合A,20201231,003029,吉大正元,716.0,18716.24,0.0001,34,深圳证券交易所,中华人民共和国,年报(含半年报)
515890,博时中证红利ETF,20201231,000036,华联控股,145430.0,578811.4,0.017,6,深圳证券交易所,中华人民共和国,季报
010212,景顺长城顺鑫回报混合C,20211231,688303,大全能源,22144.0,1339933.44,0.0016,26,上海证券交易所,中华人民共和国,年报(含半年报)
010013,易方达信息行业精选股票,20210630,002241,歌尔股份,4144130.0,177120116.2,0.0302,9,深圳证券交易所,中华人民共和国,季报
007177,浙商智能行业优选混合A,20200630,601066,中信建投,200000.0,7876000.0,0.0237,15,上海证券交易所,中华人民共和国,年报(含半年报)
007983,申万菱信中证研发创新100ETF联接A,20201231,300124,汇川技术,137.0,12782.1,0.0001,5,深圳证券交易所,中华人民共和国,季报
006930,泰康中证港股通TMT主题指数A,20201231,01888,建滔积层板,14500.0,154499.85,0.005,26,中国香港证券交易所,中国香港特别行政区,年报(含半年报)
006890,摩根领先优选混合A,20210930,000733,振华科技,17400.0,1743828.0,0.035,7,深圳证券交易所,中华人民共和国,季报
010784,德邦沪港深龙头混合C,20211231,01030,新城发展,650000.0,2800688.8,0.025,14,中国香港证券交易所,中国香港特别行政区,年报(含半年报)
007484,信澳核心科技混合A,20210630,688368,晶丰明源,11789.0,3952380.14,0.0061,36,上海证券交易所,中华人民共和国,年报(含半年报)
010296,万家互联互通中国优势量化策略混合A,20211231,301038,深水规院,266.0,5381.18,0.0,134,深圳证券交易所,中华人民共和国,年报(含半年报)
860028,光大阳光对冲策略6个月持有期灵活配置混合B,20210630,601390,中国中铁,257200.0,1347728.0,0.0011,90,上海证券交易所,中华人民共和国,年报(含半年报)
005762,招商MSCI中国A股国际通ETF联接C,20190630,300033,同花顺,56300.0,5537668.0,0.0023,108,深圳证券交易所,中华人民共和国,年报(含半年报)
007553,中信建投医改灵活配置混合C,20191231,603259,药明康德,91700.0,8447404.0,0.0544,7,上海证券交易所,中华人民共和国,季报
008836,富国量化对冲策略三个月持有期灵活配置混合C,20211231,601818,光大银行,3056600.0,10147912.0,0.0065,40,上海证券交易所,中华人民共和国,年报(含半年报)
009874,九泰久睿量化股票A,20210630,300987,川网传媒,301.0,8069.81,0.0,137,深圳证券交易所,中华人民共和国,年报(含半年报)
010112,广发研究精选股票A,20211231,600660,福耀玻璃,286100.0,13486754.0,0.0043,75,上海证券交易所,中华人民共和国,年报(含半年报)
007825,博道志远混合A,20191231,000002,万科A,585900.0,18854262.0,0.0469,6,深圳证券交易所,中华人民共和国,季报
008375,中欧启航三年持有期混合A,20211231,002068,黑猫股份,452400.0,4750200.0,0.0011,85,深圳证券交易所,中华人民共和国,年报(含半年报)
510530,工银瑞信中证500ETF,20191231,000156,华数传媒,144600.0,1509624.0,0.0014,327,深圳证券交易所,中华人民共和国,年报(含半年报)
006858,蜂巢卓睿灵活配置混合C,20211231,000423,东阿阿胶,3500.0,170625.0,0.012,2,深圳证券交易所,中华人民共和国,季报
920921,中金安心回报灵活配置混合C,20200630,002142,宁波银行,200.0,5254.0,0.0,321,深圳证券交易所,中华人民共和国,年报(含半年报)
159804,国寿安保国证创业板中盘精选88ETF,20201231,300185,通裕重工,1924200.0,7465896.0,0.0211,5,深圳证券交易所,中华人民共和国,年报(含半年报)
008140,汇添富绝对收益策略定期开放混合C,20210930,601166,兴业银行,17807563.0,325878402.9,0.0122,6,上海证券交易所,中华人民共和国,季报
007893,平安估值精选混合A,20210630,300816,艾可蓝,40100.0,3423738.0,0.0211,21,深圳证券交易所,中华人民共和国,年报(含半年报)
005530,汇添富沪深300指数增强A,20201102,601318,中国平安,176700.0,13646541.0,0.0446,1,上海证券交易所,中华人民共和国,年报(含半年报)
004513,海富通沪深300指数增强A,20210630,601238,广汽集团,361400.0,4680130.0,0.0104,23,上海证券交易所,中华人民共和国,年报(含半年报)
009261,民生加银聚利6个月持有期混合C,20200930,600519,贵州茅台,19300.0,32202050.0,0.0204,1,上海证券交易所,中华人民共和国,季报
009132,广发小盘成长混合(LOF)C,20200930,300529,健帆生物,9432185.0,670156744.25,0.0417,8,深圳证券交易所,中华人民共和国,季报
007126,博道远航混合A,20211231,300833,浩洋股份,110500.0,8953815.0,0.0088,29,深圳证券交易所,中华人民共和国,年报(含半年报)
512380,银华MSCI中国A股ETF,20201231,603658,安图生物,2388.0,346689.84,0.001,238,上海证券交易所,中华人民共和国,年报(含半年报)
008120,万家自主创新混合A,20201231,605179,一鸣食品,939.0,16582.74,0.0,80,上海证券交易所,中华人民共和国,年报(含半年报)
162907,泰信中证锐联基本面400指数(LOF),20201231,601886,江河集团,10194.0,59227.14,0.0013,311,上海证券交易所,中华人民共和国,年报(含半年报)
008391,国联安沪深300ETF联接C,20210630,603288,海天味业,60.0,7737.0,0.0,1,上海证券交易所,中华人民共和国,年报(含半年报)
006911,长江量化匠心甄选股票A,20210630,600346,恒力石化,5600.0,146944.0,0.0123,34,上海证券交易所,中华人民共和国,年报(含半年报)
010033,安信成长精选混合A,20201231,300894,火星人,6279.0,300116.16,0.0002,19,深圳证券交易所,中华人民共和国,年报(含半年报)
008138,富国龙头优势混合A,20210630,605162,新中港,1377.0,8358.39,0.0,64,上海证券交易所,中华人民共和国,年报(含半年报)
009101,安信稳健增利混合C,20211231,301039,中集车辆,2064.0,25820.64,0.0,134,深圳证券交易所,中华人民共和国,年报(含半年报)
007481,华夏逸享健康灵活配置混合A,20210630,603171,税友股份,637.0,12230.4,0.0001,36,上海证券交易所,中华人民共和国,年报(含半年报)
160527,博时研究优选灵活配置混合(LOF)A,20210630,600905,三峡能源,907763.0,5147016.21,0.0021,25,上海证券交易所,中华人民共和国,年报(含半年报)
008737,南方高股息主题股票C,20211231,300960,通业科技,234.0,5833.62,0.0,61,深圳证券交易所,中华人民共和国,年报(含半年报)
008641,方正富邦科技创新混合C,20210630,300960,通业科技,234.0,5396.04,0.0,78,深圳证券交易所,中华人民共和国,年报(含半年报)
000006,西部利得量化成长混合A,20200630,300569,天能重工,145860.0,1190217.6,0.0029,171,深圳证券交易所,中华人民共和国,年报(含半年报)
006259,汇添富红利增长混合A,20210630,002142,宁波银行,390180.0,15205314.6,0.0081,39,深圳证券交易所,中华人民共和国,年报(含半年报)
009801,长盛制造精选混合C,20211231,301060,兰卫医学,587.0,18144.17,0.0,70,深圳证券交易所,中华人民共和国,年报(含半年报)
009073,德邦惠利混合A,20210630,300953,震裕科技,240.0,23964.0,0.0001,82,深圳证券交易所,中华人民共和国,年报(含半年报)
009865,招商景气优选股票C,20211231,06969,思摩尔国际,2154693.0,70026660.62,0.0216,22,中国香港证券交易所,中国香港特别行政区,年报(含半年报)
009327,东兴兴晟混合A,20210630,603986,兆易创新,60.0,11274.0,0.0001,383,上海证券交易所,中华人民共和国,年报(含半年报)
009902,易方达悦享一年持有期混合A,20210331,601288,农业银行,81285455.0,276370547.0,0.0295,1,上海证券交易所,中华人民共和国,季报
008831,海富通安益对冲策略灵活配置混合A,20210630,03908,中金公司,200000.0,3478094.4,0.0018,108,中国香港证券交易所,中国香港特别行政区,年报(含半年报)
165310,建信沪深300指数增强(LOF)A,20200506,600958,东方证券,207600.0,1941060.0,0.0171,22,上海证券交易所,中华人民共和国,年报(含半年报)
008186,淳厚信睿核心精选混合A,20210630,06098,碧桂园服务,712000.0,49705796.54,0.0485,3,中国香港证券交易所,中国香港特别行政区,季报
007795,申万菱信中证500指数增强C,20191231,603806,福斯特,71900.0,3494340.0,0.0085,42,上海证券交易所,中华人民共和国,年报(含半年报)
006879,华安智能生活混合A,20201231,300133,华策影视,17597765.0,108754187.7,0.0338,10,深圳证券交易所,中华人民共和国,年报(含半年报)
008961,华商科技创新混合,20201231,003029,吉大正元,716.0,18716.24,0.0,74,深圳证券交易所,中华人民共和国,年报(含半年报)
002489,国泰民福策略价值灵活配置混合A,20201231,300876,蒙泰高新,350.0,12817.0,0.0,65,深圳证券交易所,中华人民共和国,年报(含半年报)
159994,银华中证5G通信主题ETF,20210630,300960,通业科技,234.0,5396.04,0.0,51,深圳证券交易所,中华人民共和国,年报(含半年报)
010614,国联产业趋势一年定期开放混合C,20210630,300986,志特新材,180600.0,7272762.0,0.0193,25,深圳证券交易所,中华人民共和国,年报(含半年报)
006435,景顺长城创新成长混合,20210630,301011,华立科技,175.0,5922.0,0.0,104,深圳证券交易所,中华人民共和国,年报(含半年报)
001629,天弘中证计算机主题ETF联接A,20200630,002230,科大讯飞,49856.0,1866110.08,0.0011,3,深圳证券交易所,中华人民共和国,年报(含半年报)
009377,招商瑞恒一年持有期混合A,20201231,300925,法本信息,353.0,13177.49,0.0,57,深圳证券交易所,中华人民共和国,年报(含半年报)
010713,中欧瑾利混合C,20211231,301072,中捷精工,181.0,6047.21,0.0,100,深圳证券交易所,中华人民共和国,年报(含半年报)
008359,华安医疗创新混合A,20210630,300943,春晖智控,255.0,5867.55,0.0,126,深圳证券交易所,中华人民共和国,年报(含半年报)
007523,汇添富内需增长股票A,20211231,300059,东方财富,616400.0,22874604.0,0.0352,9,深圳证券交易所,中华人民共和国,年报(含半年报)
009108,富国红利精选混合(QDII),20211231,301063,海锅股份,153.0,5524.83,0.0,88,深圳证券交易所,中华人民共和国,年报(含半年报)
009152,南方瑞盛三年持有期混合A,20211231,300767,震安科技,31600.0,3297460.0,0.0022,90,深圳证券交易所,中华人民共和国,年报(含半年报)
002282,平安安享灵活配置混合A,20211231,002050,三花智控,10800.0,273240.0,0.0004,117,深圳证券交易所,中华人民共和国,年报(含半年报)
010183,南方创业板ETF联接E,20210630,300015,爱尔眼科,49732.0,3529977.36,0.0015,4,深圳证券交易所,中华人民共和国,年报(含半年报)
161912,万家社会责任18个月定期开放混合(LOF)A,20211231,301015,百洋医药,462.0,13998.6,0.0,66,深圳证券交易所,中华人民共和国,年报(含半年报)
007144,国投瑞银沪深300指数量化增强C,20211231,600586,金晶科技,232800.0,2155728.0,0.0032,87,上海证券交易所,中华人民共和国,年报(含半年报)
010065,圆信永丰兴研灵活配置混合C,20201231,000830,鲁西化工,3800058.0,48564741.24,0.0129,23,深圳证券交易所,中华人民共和国,年报(含半年报)
006911,长江量化匠心甄选股票A,20190630,000031,大悦城,17400.0,111708.0,0.0054,70,深圳证券交易所,中华人民共和国,年报(含半年报)
008413,长盛竞争优势股票C,20201231,300889,爱克股份,479.0,14427.48,0.0,49,深圳证券交易所,中华人民共和国,年报(含半年报)
007101,中欧远见两年定期开放混合C,20191231,002972,科安达,1075.0,21532.25,0.0,67,深圳证券交易所,中华人民共和国,年报(含半年报)
006687,方正富邦深证100ETF联接A,20210630,002044,美年健康,4300.0,39173.0,0.0001,81,深圳证券交易所,中华人民共和国,年报(含半年报)
920011,中金安心回报灵活配置混合A,20201231,603218,日月股份,472269.0,14286137.25,0.0072,33,上海证券交易所,中华人民共和国,年报(含半年报)
011117,富国沪港深业绩驱动混合C,20210331,00669,创科实业,2595000.0,291703950.0,0.0306,8,中国香港证券交易所,中国香港特别行政区,季报
009004,海富通中证500指数增强C,20201231,600801,华新水泥,10000.0,206300.0,0.0091,43,上海证券交易所,中华人民共和国,年报(含半年报)
515610,中银中证800ETF,20211231,002013,中航机电,3200.0,58176.0,0.0012,186,深圳证券交易所,中华人民共和国,年报(含半年报)
010583,富国蓝筹精选股票(QDII)(美元),20210630,02669,中海物业,25385000.0,175315511.64,0.0565,2,中国香港证券交易所,中国香港特别行政区,年报(含半年报)
008133,华安优质生活混合,20201231,06862,海底捞,637000.0,32006643.4,0.0106,24,中国香港证券交易所,中国香港特别行政区,年报(含半年报)
010160,广发高端制造股票C,20210630,301007,德迈仕,303.0,4375.32,0.0,95,深圳证券交易所,中华人民共和国,年报(含半年报)
010455,博时产业精选灵活配置混合A,20211231,603230,内蒙新华,1141.0,29517.67,0.0,71,上海证券交易所,中华人民共和国,年报(含半年报)
006350,中金MSCI中国A股国际价值指数C,20200630,600845,宝信软件,700.0,41356.0,0.0027,97,上海证券交易所,中华人民共和国,年报(含半年报)
008712,景顺长城品质成长混合A,20201231,688618,三旺通信,1117.0,51560.72,0.0,55,上海证券交易所,中华人民共和国,年报(含半年报)
009661,平安研究睿选混合A,20211231,603230,内蒙新华,1140.0,29491.8,0.0,62,上海证券交易所,中华人民共和国,年报(含半年报)
165310,建信沪深300指数增强(LOF)A,20200331,000858,五粮液,36573.0,4213209.6,0.0306,7,深圳证券交易所,中华人民共和国,季报
002271,招商安弘灵活配置混合,20211231,300496,中科创达,7500.0,1038150.0,0.017,28,深圳证券交易所,中华人民共和国,年报(含半年报)
009210,中欧嘉和三年持有期混合A,20201231,300078,思创医惠,10836531.0,98070605.55,0.0491,4,深圳证券交易所,中华人民共和国,年报(含半年报)
159821,中银证券创业板ETF,20211231,300014,亿纬锂能,11765.0,1390387.7,0.0373,4,深圳证券交易所,中华人民共和国,年报(含半年报)
008384,银华汇益一年持有期混合A,20201231,688571,杭华股份,8200.0,64944.0,0.0,127,上海证券交易所,中华人民共和国,年报(含半年报)
506000,南方科创板3年定期开放混合,20211231,688711,宏微科技,55169.0,6835990.79,0.0019,53,上海证券交易所,中华人民共和国,年报(含半年报)
010043,天弘安康颐和混合A,20210331,600674,川投能源,261600.0,3280464.0,0.0138,7,上海证券交易所,中华人民共和国,季报
010167,中银多策略灵活配置混合C,20211231,301177,迪阿股份,792.0,91935.36,0.0001,29,深圳证券交易所,中华人民共和国,年报(含半年报)
501095,中银证券科技创新混合(LOF),20210630,300433,蓝思科技,2150095.0,63234293.95,0.064,2,深圳证券交易所,中华人民共和国,季报
008050,同泰慧择混合A,20211231,301057,汇隆新材,218.0,4146.36,0.0,91,深圳证券交易所,中华人民共和国,年报(含半年报)
006610,银华远见混合,20210331,601888,中国中免,4500.0,1377360.0,0.0801,5,上海证券交易所,中华人民共和国,季报
007217,浙商智能行业优选混合C,20201231,688560,明冠新材,3832.0,87599.52,0.0001,100,上海证券交易所,中华人民共和国,年报(含半年报)
513300,华夏纳斯达克100ETF(QDII),20210630,,,4279.0,4095068.1,0.0136,15,,,年报(含半年报)
501311,嘉实恒生港股通新经济指数(LOF)A,20191231,02269,药明生物,5000.0,441843.49,0.0281,9,中国香港证券交易所,中国香港特别行政区,年报(含半年报)
010349,诺安低碳经济股票C,20201231,601995,中金公司,24951.0,1714383.21,0.0032,42,上海证券交易所,中华人民共和国,年报(含半年报)
161913,万家社会责任18个月定期开放混合(LOF)C,20210630,300943,春晖智控,255.0,5867.55,0.0,150,深圳证券交易所,中华人民共和国,年报(含半年报)
007415,南方致远混合A,20200630,300839,博汇股份,502.0,11751.82,0.0,33,深圳证券交易所,中华人民共和国,年报(含半年报)
515180,易方达中证红利ETF,20201231,688017,绿的谐波,4138.0,570257.78,0.0004,101,上海证券交易所,中华人民共和国,年报(含半年报)
009149,富国绝对收益多策略定期开放混合C,20210630,002833,弘亚数控,113784.0,4409130.0,0.003,75,深圳证券交易所,中华人民共和国,年报(含半年报)
010660,民生加银质量领先混合C,20210630,300776,帝尔激光,1240135.0,185226563.6,0.0441,4,深圳证券交易所,中华人民共和国,季报
006402,先锋量化优选灵活配置混合C,20200930,600036,招商银行,29700.0,1069200.0,0.0428,3,上海证券交易所,中华人民共和国,季报
166027,中欧创业板两年定期开放混合A,20211231,300991,创益通,254.0,8359.14,0.0,261,深圳证券交易所,中华人民共和国,年报(含半年报)
515120,广发中证创新药产业ETF,20201225,300601,康泰生物,268986.0,48417480.0,0.0291,7,深圳证券交易所,中华人民共和国,其他
007950,招商量化精选股票C,20210630,002153,石基信息,2380.0,55953.8,0.0008,190,深圳证券交易所,中华人民共和国,年报(含半年报)
010138,华泰柏瑞量化创享混合C,20211231,603606,东方电缆,63500.0,3248660.0,0.0088,31,上海证券交易所,中华人民共和国,年报(含半年报)
009245,国寿安保稳丰6个月持有期混合C,20210630,300937,药易购,244.0,13105.24,0.0,117,深圳证券交易所,中华人民共和国,年报(含半年报)
007271,鹏华养老目标日期2045三年持有期混合(FOF)A,20201231,688157,松井股份,5184.0,430272.0,0.0061,8,上海证券交易所,中华人民共和国,年报(含半年报)
006349,中金MSCI中国A股国际价值指数A,20201231,601288,农业银行,92900.0,291706.0,0.0179,10,上海证券交易所,中华人民共和国,季报
009624,安信稳健阿尔法定期开放混合C,20210630,300750,宁德时代,9100.0,4866680.0,0.0075,14,深圳证券交易所,中华人民共和国,年报(含半年报)
006537,恒生前海港股通精选混合,20210331,02269,药明生物,163500.0,13452780.0,0.0493,7,中国香港证券交易所,中国香港特别行政区,季报
008488,华商恒益稳健混合,20210630,688136,科兴制药,4913.0,182174.04,0.0007,45,上海证券交易所,中华人民共和国,年报(含半年报)
010618,兴业消费精选混合C,20211231,301068,大地海洋,144.0,4086.72,0.0,121,深圳证券交易所,中华人民共和国,年报(含半年报)
010410,长城品质成长混合A,20210630,601528,瑞丰银行,2230.0,34721.1,0.0,51,上海证券交易所,中华人民共和国,年报(含半年报)
008635,华安科技创新混合A,20210630,688609,九联科技,10372.0,158587.88,0.0004,82,上海证券交易所,中华人民共和国,年报(含半年报)
007581,宝盈鸿利收益灵活配置混合C,20200630,300628,亿联网络,3389300.0,231353618.0,0.0779,2,深圳证券交易所,中华人民共和国,季报
005433,申万菱信医药先锋股票A,20210630,01801,信达生物,35500.0,2674741.96,0.0074,83,中国香港证券交易所,中国香港特别行政区,年报(含半年报)
009817,红塔红土稳健精选混合A,20201231,300413,芒果超媒,9700.0,703250.0,0.0026,59,深圳证券交易所,中华人民共和国,年报(含半年报)
010387,易方达医药生物股票A,20210630,301010,晶雪节能,218.0,3838.98,0.0,89,深圳证券交易所,中华人民共和国,年报(含半年报)
006973,太平睿盈混合A,20191231,600000,浦发银行,109919.0,1359698.03,0.0036,27,上海证券交易所,中华人民共和国,年报(含半年报)
009024,海富通科技创新混合C,20211231,300114,中航电测,73500.0,1299480.0,0.0032,56,深圳证券交易所,中华人民共和国,年报(含半年报)
008757,九泰聚鑫混合A,20201231,600048,保利发展,460000.0,7277200.0,0.0224,3,上海证券交易所,中华人民共和国,季报
005139,前海开源弘丰债券C,20211231,600760,中航沈飞,200.0,13608.0,0.0013,73,上海证券交易所,中华人民共和国,年报(含半年报)
009428,鹏扬景沣六个月持有期混合A,20211231,301082,久盛电气,915.0,19699.95,0.0,96,深圳证券交易所,中华人民共和国,年报(含半年报)
007732,民生加银持续成长混合C,20211231,301127,天源环保,1401.0,23985.12,0.0001,44,深圳证券交易所,中华人民共和国,年报(含半年报)
008264,南方ESG主题股票A,20210630,600809,山西汾酒,165748.0,74255104.0,0.0498,3,上海证券交易所,中华人民共和国,年报(含半年报)
004512,海富通沪深300指数增强C,20190630,600519,贵州茅台,84.0,82656.0,0.0054,3,上海证券交易所,中华人民共和国,年报(含半年报)
006533,易方达科融混合,20200630,300454,深信服,28000.0,5766880.0,0.0097,28,深圳证券交易所,中华人民共和国,年报(含半年报)
003761,国泰中证500指数增强C,20210630,601992,金隅集团,14900.0,40081.0,0.0007,188,上海证券交易所,中华人民共和国,年报(含半年报)
