基金代码,基金简称,持仓日期,债券类型,债券名称,持债数量,持债市值,持债市值占基金资产净值比,第N大重仓股,所在证券市场,所属国家(地区),报告类型
010005,鹏扬现金通利货币E,20210331,超短期融资券,21华能水电SCP002,200000.0,20000180.24,0.0253,9,银行间市场,中华人民共和国,季报
007659,博时富汇纯债3个月定期开放债券,20191231,公司债券,16恒健01,800000.0,79832000.0,0.0825,1,上海证券交易所,中华人民共和国,年报(含半年报)
007659,博时富汇纯债3个月定期开放债券,20200331,公司债券,16恒健01,800000.0,80536000.0,0.0832,2,上海证券交易所,中华人民共和国,季报
007659,博时富汇纯债3个月定期开放债券,20191231,公司债券,16恒健01,800000.0,79832000.0,0.0825,1,上海证券交易所,中华人民共和国,季报
005393,南方卓利3个月定期开放债券,20210630,国债现货,国债2011,10200000.0,1021224000.0,0.0724,2,深圳证券交易所,中华人民共和国,年报(含半年报)
005393,南方卓利3个月定期开放债券,20210630,国债现货,国债2011,10200000.0,1021224000.0,0.0724,2,深圳证券交易所,中华人民共和国,季报
005394,南方卓利3个月定期开放债券C,20210630,国债现货,国债2011,10200000.0,1021224000.0,0.0724,2,深圳证券交易所,中华人民共和国,年报(含半年报)
005394,南方卓利3个月定期开放债券C,20210630,国债现货,国债2011,10200000.0,1021224000.0,0.0724,2,深圳证券交易所,中华人民共和国,季报
008818,汇安恒鑫12个月定期开放纯债债券,20211231,金融债券,21农发09,800000.0,79920000.0,0.1543,3,银行间市场,中华人民共和国,季报
007986,嘉实致禄3个月定期开放纯债债券,20210930,金融债券,21农发09,1000000.0,100140000.0,0.0903,3,银行间市场,中华人民共和国,季报
008818,汇安恒鑫12个月定期开放纯债债券,20211231,金融债券,21农发09,800000.0,79920000.0,0.1543,3,银行间市场,中华人民共和国,年报(含半年报)
007219,蜂巢添幂中短债债券C,20210930,同业存单,21光大银行CD125,300000.0,29199000.0,0.0786,2,银行间市场,中华人民共和国,季报
007218,蜂巢添幂中短债债券A,20210930,同业存单,21光大银行CD125,300000.0,29199000.0,0.0786,2,银行间市场,中华人民共和国,季报
010212,景顺长城顺鑫回报混合C,20201231,超短期融资券,20江北建投SCP002,300000.0,29952000.0,0.0381,3,银行间市场,中华人民共和国,年报(含半年报)
010211,景顺长城顺鑫回报混合A,20201231,超短期融资券,20江北建投SCP002,300000.0,29952000.0,0.0381,3,银行间市场,中华人民共和国,年报(含半年报)
010211,景顺长城顺鑫回报混合A,20201231,超短期融资券,20江北建投SCP002,300000.0,29952000.0,0.0381,3,银行间市场,中华人民共和国,季报
010212,景顺长城顺鑫回报混合C,20201231,超短期融资券,20江北建投SCP002,300000.0,29952000.0,0.0381,3,银行间市场,中华人民共和国,季报
009471,东方欣利混合C,20201231,超短期融资券,20镇江交通SCP005,200000.0,19952000.0,0.0357,5,银行间市场,中华人民共和国,年报(含半年报)
009471,东方欣利混合C,20201231,超短期融资券,20镇江交通SCP005,200000.0,19952000.0,0.0357,5,银行间市场,中华人民共和国,季报
009470,东方欣利混合A,20201231,超短期融资券,20镇江交通SCP005,200000.0,19952000.0,0.0357,5,银行间市场,中华人民共和国,年报(含半年报)
009470,东方欣利混合A,20201231,超短期融资券,20镇江交通SCP005,200000.0,19952000.0,0.0357,5,银行间市场,中华人民共和国,季报
008349,华夏恒泰64个月定期开放债券,20200630,金融债券,15农发05,5700000.0,585989897.25,0.081,5,银行间市场,中华人民共和国,年报(含半年报)
008674,博时稳悦63个月定期开放债券,20200630,金融债券,15农发05,13800000.0,1422655409.13,0.1753,2,银行间市场,中华人民共和国,季报
006990,建信中短债纯债债券C,20211231,金融债券,15农发05,1000000.0,103800000.0,0.0466,4,银行间市场,中华人民共和国,年报(含半年报)
007909,招商添韵3个月定期开放债券C,20200630,金融债券,15农发05,1000000.0,103790000.0,0.0675,1,银行间市场,中华人民共和国,年报(含半年报)
008349,华夏恒泰64个月定期开放债券,20210331,金融债券,15农发05,5700000.0,583604569.61,0.0802,5,银行间市场,中华人民共和国,季报
007908,招商添韵3个月定期开放债券A,20201231,金融债券,15农发05,500000.0,51360000.0,0.0496,5,银行间市场,中华人民共和国,季报
008521,富国汇优纯债63个月定期开放债券,20210331,金融债券,15农发05,7100000.0,736993693.32,0.0897,5,银行间市场,中华人民共和国,季报
007909,招商添韵3个月定期开放债券C,20200630,金融债券,15农发05,1000000.0,103790000.0,0.0675,1,银行间市场,中华人民共和国,季报
009278,同泰恒兴纯债债券A,20210630,金融债券,15农发05,1600000.0,164144000.0,0.267,1,银行间市场,中华人民共和国,季报
007908,招商添韵3个月定期开放债券A,20200630,金融债券,15农发05,1000000.0,103790000.0,0.0675,1,银行间市场,中华人民共和国,年报(含半年报)
008349,华夏恒泰64个月定期开放债券,20200331,金融债券,15农发05,5700000.0,586767229.03,0.0819,5,银行间市场,中华人民共和国,季报
360019,光大保德信添天盈五年定期开放债券,20210630,金融债券,15农发05,20100000.0,2090218041.51,0.2863,3,银行间市场,中华人民共和国,年报(含半年报)
007492,上银政策性金融债债券,20211231,金融债券,15农发05,400000.0,41520000.0,0.2925,1,银行间市场,中华人民共和国,年报(含半年报)
006989,建信中短债纯债债券A,20211231,金融债券,15农发05,1000000.0,103800000.0,0.0466,4,银行间市场,中华人民共和国,年报(含半年报)
008521,富国汇优纯债63个月定期开放债券,20201231,金融债券,15农发05,7100000.0,738585901.3,0.0901,5,银行间市场,中华人民共和国,年报(含半年报)
008521,富国汇优纯债63个月定期开放债券,20200930,金融债券,15农发05,7100000.0,740194536.82,0.091,5,银行间市场,中华人民共和国,季报
008674,博时稳悦63个月定期开放债券,20210630,金融债券,15农发05,13800000.0,1414091780.62,0.1734,3,银行间市场,中华人民共和国,季报
007492,上银政策性金融债债券,20201231,金融债券,15农发05,2300000.0,236256000.0,0.1457,1,银行间市场,中华人民共和国,季报
360019,光大保德信添天盈五年定期开放债券,20201231,金融债券,15农发05,20100000.0,2100449076.69,0.2917,3,银行间市场,中华人民共和国,季报
006990,建信中短债纯债债券C,20211231,金融债券,15农发05,1000000.0,103800000.0,0.0466,4,银行间市场,中华人民共和国,季报
008349,华夏恒泰64个月定期开放债券,20210930,金融债券,15农发05,5700000.0,581950515.36,0.0807,5,银行间市场,中华人民共和国,季报
009786,华安锦源0-7年金融债3个月定期开放债券,20211231,金融债券,15农发05,7000000.0,726600000.0,0.0784,5,银行间市场,中华人民共和国,年报(含半年报)
008521,富国汇优纯债63个月定期开放债券,20200630,金融债券,15农发05,7100000.0,741791301.95,0.092,5,银行间市场,中华人民共和国,年报(含半年报)
008349,华夏恒泰64个月定期开放债券,20211231,金融债券,15农发05,5700000.0,581108521.38,0.0799,5,银行间市场,中华人民共和国,年报(含半年报)
008674,博时稳悦63个月定期开放债券,20200331,金融债券,15农发05,9300000.0,957218103.51,0.1189,4,银行间市场,中华人民共和国,季报
007187,华夏中债3-5年政策性金融债指数C,20210930,金融债券,15农发05,100000.0,10337000.0,0.0718,5,银行间市场,中华人民共和国,季报
009279,同泰恒兴纯债债券C,20210630,金融债券,15农发05,1600000.0,164144000.0,0.267,1,银行间市场,中华人民共和国,年报(含半年报)
008521,富国汇优纯债63个月定期开放债券,20201231,金融债券,15农发05,7100000.0,738585901.3,0.0901,5,银行间市场,中华人民共和国,季报
008349,华夏恒泰64个月定期开放债券,20211231,金融债券,15农发05,5700000.0,581108521.38,0.0799,5,银行间市场,中华人民共和国,季报
008349,华夏恒泰64个月定期开放债券,20200930,金融债券,15农发05,5700000.0,585197462.06,0.0818,5,银行间市场,中华人民共和国,季报
008674,博时稳悦63个月定期开放债券,20200930,金融债券,15农发05,13800000.0,1420535814.06,0.1752,3,银行间市场,中华人民共和国,季报
007187,华夏中债3-5年政策性金融债指数C,20211231,金融债券,15农发05,500000.0,51900000.0,0.3879,2,银行间市场,中华人民共和国,季报
007186,华夏中债3-5年政策性金融债指数A,20211231,金融债券,15农发05,500000.0,51900000.0,0.3879,2,银行间市场,中华人民共和国,年报(含半年报)
009279,同泰恒兴纯债债券C,20210630,金融债券,15农发05,1600000.0,164144000.0,0.267,1,银行间市场,中华人民共和国,季报
008674,博时稳悦63个月定期开放债券,20210930,金融债券,15农发05,13800000.0,1411863828.27,0.1727,3,银行间市场,中华人民共和国,季报
008349,华夏恒泰64个月定期开放债券,20201231,金融债券,15农发05,5700000.0,584398374.48,0.081,5,银行间市场,中华人民共和国,季报
008521,富国汇优纯债63个月定期开放债券,20211231,金融债券,15农发05,7100000.0,732019310.11,0.0904,5,银行间市场,中华人民共和国,年报(含半年报)
008521,富国汇优纯债63个月定期开放债券,20210930,金融债券,15农发05,7100000.0,733695740.91,0.0878,5,银行间市场,中华人民共和国,季报
006745,交银施罗德中债1-3年农发行债券指数A,20211231,金融债券,15农发05,700000.0,72660000.0,0.0138,17,银行间市场,中华人民共和国,年报(含半年报)
008349,华夏恒泰64个月定期开放债券,20201231,金融债券,15农发05,5700000.0,584398374.48,0.081,5,银行间市场,中华人民共和国,年报(含半年报)
008349,华夏恒泰64个月定期开放债券,20210630,金融债券,15农发05,5700000.0,582785499.72,0.0794,5,银行间市场,中华人民共和国,季报
008521,富国汇优纯债63个月定期开放债券,20210630,金融债券,15农发05,7100000.0,735359801.05,0.0888,5,银行间市场,中华人民共和国,年报(含半年报)
008674,博时稳悦63个月定期开放债券,20211231,金融债券,15农发05,13800000.0,1409617540.92,0.172,3,银行间市场,中华人民共和国,年报(含半年报)
360019,光大保德信添天盈五年定期开放债券,20210630,金融债券,15农发05,20100000.0,2090218041.51,0.2863,3,银行间市场,中华人民共和国,季报
006746,交银施罗德中债1-3年农发行债券指数C,20211231,金融债券,15农发05,700000.0,72660000.0,0.0138,17,银行间市场,中华人民共和国,年报(含半年报)
360019,光大保德信添天盈五年定期开放债券,20201231,金融债券,15农发05,20100000.0,2100449076.69,0.2917,3,银行间市场,中华人民共和国,年报(含半年报)
360019,光大保德信添天盈五年定期开放债券,20210930,金融债券,15农发05,20100000.0,2084945180.8,0.2836,3,银行间市场,中华人民共和国,季报
006989,建信中短债纯债债券A,20211231,金融债券,15农发05,1000000.0,103800000.0,0.0466,4,银行间市场,中华人民共和国,季报
007186,华夏中债3-5年政策性金融债指数A,20210930,金融债券,15农发05,100000.0,10337000.0,0.0718,5,银行间市场,中华人民共和国,季报
009278,同泰恒兴纯债债券A,20210630,金融债券,15农发05,1600000.0,164144000.0,0.267,1,银行间市场,中华人民共和国,年报(含半年报)
360019,光大保德信添天盈五年定期开放债券,20210331,金融债券,15农发05,20100000.0,2095396845.11,0.2891,3,银行间市场,中华人民共和国,季报
008521,富国汇优纯债63个月定期开放债券,20200630,金融债券,15农发05,7100000.0,741791301.95,0.092,5,银行间市场,中华人民共和国,季报
008674,博时稳悦63个月定期开放债券,20210331,金融债券,15农发05,13800000.0,1416277625.78,0.1752,3,银行间市场,中华人民共和国,季报
007492,上银政策性金融债债券,20211231,金融债券,15农发05,400000.0,41520000.0,0.2925,1,银行间市场,中华人民共和国,季报
008349,华夏恒泰64个月定期开放债券,20200630,金融债券,15农发05,5700000.0,585989897.25,0.081,5,银行间市场,中华人民共和国,季报
008521,富国汇优纯债63个月定期开放债券,20211231,金融债券,15农发05,7100000.0,732019310.11,0.0904,5,银行间市场,中华人民共和国,季报
007909,招商添韵3个月定期开放债券C,20201231,金融债券,15农发05,500000.0,51360000.0,0.0496,5,银行间市场,中华人民共和国,季报
007909,招商添韵3个月定期开放债券C,20200331,金融债券,15农发05,1000000.0,105850000.0,0.069,1,银行间市场,中华人民共和国,季报
007187,华夏中债3-5年政策性金融债指数C,20211231,金融债券,15农发05,500000.0,51900000.0,0.3879,2,银行间市场,中华人民共和国,年报(含半年报)
007492,上银政策性金融债债券,20201231,金融债券,15农发05,2300000.0,236256000.0,0.1457,1,银行间市场,中华人民共和国,年报(含半年报)
007492,上银政策性金融债债券,20210930,金融债券,15农发05,500000.0,51685000.0,0.3689,1,银行间市场,中华人民共和国,季报
008521,富国汇优纯债63个月定期开放债券,20200331,金融债券,15农发05,2500000.0,261600959.25,0.0325,5,银行间市场,中华人民共和国,季报
009786,华安锦源0-7年金融债3个月定期开放债券,20211231,金融债券,15农发05,7000000.0,726600000.0,0.0784,5,银行间市场,中华人民共和国,季报
360019,光大保德信添天盈五年定期开放债券,20200930,金融债券,15农发05,20100000.0,2105557361.71,0.2944,3,银行间市场,中华人民共和国,季报
008937,诺德安盈纯债债券,20200930,金融债券,15农发05,500000.0,50835000.0,0.1027,5,银行间市场,中华人民共和国,季报
007908,招商添韵3个月定期开放债券A,20200331,金融债券,15农发05,1000000.0,105850000.0,0.069,1,银行间市场,中华人民共和国,季报
006746,交银施罗德中债1-3年农发行债券指数C,20211231,金融债券,15农发05,700000.0,72660000.0,0.0138,17,银行间市场,中华人民共和国,季报
008349,华夏恒泰64个月定期开放债券,20210630,金融债券,15农发05,5700000.0,582785499.72,0.0794,5,银行间市场,中华人民共和国,年报(含半年报)
007186,华夏中债3-5年政策性金融债指数A,20211231,金融债券,15农发05,500000.0,51900000.0,0.3879,2,银行间市场,中华人民共和国,季报
008521,富国汇优纯债63个月定期开放债券,20210630,金融债券,15农发05,7100000.0,735359801.05,0.0888,5,银行间市场,中华人民共和国,季报
007908,招商添韵3个月定期开放债券A,20201231,金融债券,15农发05,500000.0,51360000.0,0.0496,5,银行间市场,中华人民共和国,年报(含半年报)
360019,光大保德信添天盈五年定期开放债券,20211231,金融债券,15农发05,20100000.0,2079634704.51,0.2809,3,银行间市场,中华人民共和国,年报(含半年报)
008674,博时稳悦63个月定期开放债券,20201231,金融债券,15农发05,13800000.0,1418398775.87,0.1752,3,银行间市场,中华人民共和国,季报
008674,博时稳悦63个月定期开放债券,20200630,金融债券,15农发05,13800000.0,1422655409.13,0.1753,2,银行间市场,中华人民共和国,年报(含半年报)
007908,招商添韵3个月定期开放债券A,20200630,金融债券,15农发05,1000000.0,103790000.0,0.0675,1,银行间市场,中华人民共和国,季报
006745,交银施罗德中债1-3年农发行债券指数A,20211231,金融债券,15农发05,700000.0,72660000.0,0.0138,17,银行间市场,中华人民共和国,季报
007909,招商添韵3个月定期开放债券C,20201231,金融债券,15农发05,500000.0,51360000.0,0.0496,5,银行间市场,中华人民共和国,年报(含半年报)
360019,光大保德信添天盈五年定期开放债券,20211231,金融债券,15农发05,20100000.0,2079634704.51,0.2809,3,银行间市场,中华人民共和国,季报
008674,博时稳悦63个月定期开放债券,20210630,金融债券,15农发05,13800000.0,1414091780.62,0.1734,3,银行间市场,中华人民共和国,年报(含半年报)
008674,博时稳悦63个月定期开放债券,20211231,金融债券,15农发05,13800000.0,1409617540.92,0.172,3,银行间市场,中华人民共和国,季报
008674,博时稳悦63个月定期开放债券,20201231,金融债券,15农发05,13800000.0,1418398775.87,0.1752,3,银行间市场,中华人民共和国,年报(含半年报)
519209,万家3-5年政策性金融债纯债债券C,20190331,金融债券,国开1701,2400.0,240024.0,0.8151,1,上海证券交易所,中华人民共和国,季报
040045,华安添鑫中短债债券A,20190331,金融债券,国开1701,184100.0,18411841.0,0.154,1,上海证券交易所,中华人民共和国,季报
006052,鹏扬核心价值灵活配置混合C,20190331,金融债券,国开1701,300000.0,30003000.0,0.0577,2,上海证券交易所,中华人民共和国,季报
003123,天治鑫利纯债债券A,20190306,金融债券,国开1701,6000.0,600720.0,0.0564,3,上海证券交易所,中华人民共和国,季报
005178,华夏睿磐泰利混合C,20190226,金融债券,国开1701,149080.0,14936325.2,0.3087,1,上海证券交易所,中华人民共和国,季报
000347,建信安心回报6个月定期开放债券C,20190331,金融债券,国开1701,51960.0,5196519.6,0.0586,3,上海证券交易所,中华人民共和国,季报
000346,建信安心回报6个月定期开放债券A,20190331,金融债券,国开1701,51960.0,5196519.6,0.0586,3,上海证券交易所,中华人民共和国,季报
006528,富国优质发展混合C,20190331,金融债券,国开1701,49030.0,4903490.3,0.06,1,上海证券交易所,中华人民共和国,季报
007085,招商瑞庆灵活配置混合C,20190331,金融债券,国开1701,139000.0,13901390.0,0.0596,1,上海证券交易所,中华人民共和国,季报
005048,南华瑞扬纯债债券C,20190331,金融债券,国开1701,4000.0,400040.0,0.0661,4,上海证券交易所,中华人民共和国,季报
002390,招商安德灵活配置混合C,20190218,金融债券,国开1701,50000.0,5009500.0,0.0055,1,上海证券交易所,中华人民共和国,季报
005177,华夏睿磐泰利混合A,20190226,金融债券,国开1701,149080.0,14936325.2,0.3087,1,上海证券交易所,中华人民共和国,季报
004736,富国鼎利纯债三个月定期开放债券,20190331,金融债券,国开1701,118000.0,11801180.0,0.0527,3,上海证券交易所,中华人民共和国,季报
519208,万家3-5年政策性金融债纯债债券A,20190331,金融债券,国开1701,2400.0,240024.0,0.8151,1,上海证券交易所,中华人民共和国,季报
005047,南华瑞扬纯债债券A,20190331,金融债券,国开1701,4000.0,400040.0,0.0661,4,上海证券交易所,中华人民共和国,季报
005177,华夏睿磐泰利混合A,20190331,金融债券,国开1701,29080.0,2908290.8,0.0677,5,上海证券交易所,中华人民共和国,季报
005047,南华瑞扬纯债债券A,20190116,金融债券,国开1701,6890.0,691411.5,0.1021,4,上海证券交易所,中华人民共和国,季报
003126,长信易进混合A,20190331,金融债券,国开1701,6000.0,600060.0,0.0772,4,上海证券交易所,中华人民共和国,季报
000058,国联安安泰灵活配置混合,20190331,金融债券,国开1701,50000.0,5000500.0,0.0989,2,上海证券交易所,中华人民共和国,季报
007020,华安添鑫中短债债券C,20190331,金融债券,国开1701,184100.0,18411841.0,0.154,1,上海证券交易所,中华人民共和国,季报
003958,安信量化精选沪深300指数增强C,20190331,金融债券,国开1701,27000.0,2700270.0,0.0367,1,上海证券交易所,中华人民共和国,季报
006527,富国优质发展混合A,20190331,金融债券,国开1701,49030.0,4903490.3,0.06,1,上海证券交易所,中华人民共和国,季报
003124,天治鑫利纯债债券C,20190306,金融债券,国开1701,6000.0,600720.0,0.0564,3,上海证券交易所,中华人民共和国,季报
000674,中海中短债债券,20190331,金融债券,国开1701,395400.0,39543954.0,0.9461,1,上海证券交易所,中华人民共和国,季报
002390,招商安德灵活配置混合C,20190331,金融债券,国开1701,50000.0,5000500.0,0.0546,2,上海证券交易所,中华人民共和国,季报
541005,汇丰晋信平稳增利中短债债券C,20190331,金融债券,国开1701,142000.0,14201420.0,0.1573,2,上海证券交易所,中华人民共和国,季报
002389,招商安德灵活配置混合A,20190218,金融债券,国开1701,50000.0,5009500.0,0.0055,1,上海证券交易所,中华人民共和国,季报
003127,长信易进混合C,20190331,金融债券,国开1701,6000.0,600060.0,0.0772,4,上海证券交易所,中华人民共和国,季报
540005,汇丰晋信平稳增利中短债债券A,20190331,金融债券,国开1701,142000.0,14201420.0,0.1573,2,上海证券交易所,中华人民共和国,季报
003957,安信量化精选沪深300指数增强A,20190331,金融债券,国开1701,27000.0,2700270.0,0.0367,1,上海证券交易所,中华人民共和国,季报
002337,创金合信季安鑫3个月持有期债券A,20190331,金融债券,国开1701,790.0,79007.9,0.8101,1,上海证券交易所,中华人民共和国,季报
002282,平安安享灵活配置混合A,20190331,金融债券,国开1701,37360.0,3736373.6,0.0552,1,上海证券交易所,中华人民共和国,季报
006051,鹏扬核心价值灵活配置混合A,20190331,金融债券,国开1701,300000.0,30003000.0,0.0577,2,上海证券交易所,中华人民共和国,季报
006845,中信建投聚利混合C,20190331,金融债券,国开1701,50000.0,5000500.0,0.1136,1,上海证券交易所,中华人民共和国,季报
006316,平安惠诚纯债债券,20190331,金融债券,国开1701,121810.0,12182218.1,0.0808,4,上海证券交易所,中华人民共和国,季报
003315,景顺长城政策性金融债债券A,20190227,金融债券,国开1701,6000.0,600960.0,0.0727,3,上海证券交易所,中华人民共和国,季报
004596,中科沃土沃安中短期利率债债券A,20190317,金融债券,国开1701,38800.0,3883104.0,0.0761,5,上海证券交易所,中华人民共和国,季报
006544,平安惠聚纯债债券,20190331,金融债券,国开1701,112780.0,11279127.8,0.3212,2,上海证券交易所,中华人民共和国,季报
006666,华夏鼎康债券C,20190331,金融债券,国开1701,47140.0,4714471.4,0.0519,5,上海证券交易所,中华人民共和国,季报
003276,国联安添利增长债券C,20190331,金融债券,国开1701,26010.0,2601260.1,0.0989,4,上海证券交易所,中华人民共和国,季报
003275,国联安添利增长债券A,20190331,金融债券,国开1701,26010.0,2601260.1,0.0989,4,上海证券交易所,中华人民共和国,季报
002389,招商安德灵活配置混合A,20190331,金融债券,国开1701,50000.0,5000500.0,0.0546,2,上海证券交易所,中华人民共和国,季报
519937,长信先锐混合A,20190331,金融债券,国开1701,2680.0,268026.8,0.0175,4,上海证券交易所,中华人民共和国,季报
003315,景顺长城政策性金融债债券A,20190331,金融债券,国开1701,6000.0,600060.0,0.0801,4,上海证券交易所,中华人民共和国,季报
519766,交银施罗德荣鑫灵活配置混合A,20190328,金融债券,国开1701,100000.0,10001000.0,0.079,2,上海证券交易所,中华人民共和国,季报
720002,财通可转债债券A,20190331,金融债券,国开1701,40000.0,4000400.0,0.186,2,上海证券交易所,中华人民共和国,季报
006665,华夏鼎康债券A,20190331,金融债券,国开1701,47140.0,4714471.4,0.0519,5,上海证券交易所,中华人民共和国,季报
005178,华夏睿磐泰利混合C,20190331,金融债券,国开1701,29080.0,2908290.8,0.0677,5,上海证券交易所,中华人民共和国,季报
005048,南华瑞扬纯债债券C,20190116,金融债券,国开1701,6890.0,691411.5,0.1021,4,上海证券交易所,中华人民共和国,季报
006935,平安3-5年期政策性金融债债券C,20190331,金融债券,国开1701,335000.0,33503350.0,0.6682,1,上海证券交易所,中华人民共和国,季报
006843,中信建投睿溢混合C,20190331,金融债券,国开1701,58000.0,5800580.0,0.1937,2,上海证券交易所,中华人民共和国,季报
519766,交银施罗德荣鑫灵活配置混合A,20190331,金融债券,国开1701,100000.0,10001000.0,0.0939,2,上海证券交易所,中华人民共和国,季报
006934,平安3-5年期政策性金融债债券A,20190331,金融债券,国开1701,335000.0,33503350.0,0.6682,1,上海证券交易所,中华人民共和国,季报
003205,财通可转债债券C,20190331,金融债券,国开1701,40000.0,4000400.0,0.186,2,上海证券交易所,中华人民共和国,季报
159972,鹏华中证5年期地方政府债ETF,20200630,地方政府债券,陕西1924,2000000.0,202980000.0,0.0523,2,深圳证券交易所,中华人民共和国,季报
159972,鹏华中证5年期地方政府债ETF,20200630,地方政府债券,陕西1924,2000000.0,202980000.0,0.0523,2,深圳证券交易所,中华人民共和国,年报(含半年报)
009357,博时季季乐三个月持有期债券C,20210930,超短期融资券,21粤铁建SCP005,600000.0,59892000.0,0.0132,5,银行间市场,中华人民共和国,季报
009356,博时季季乐三个月持有期债券A,20210930,超短期融资券,21粤铁建SCP005,600000.0,59892000.0,0.0132,5,银行间市场,中华人民共和国,季报
000783,博时季季享三个月持有期债券A,20190930,超短期融资券,19新投SCP002,300000.0,30051000.0,0.0718,3,银行间市场,中华人民共和国,季报
007845,博时季季享三个月持有期债券C,20190930,超短期融资券,19新投SCP002,300000.0,30051000.0,0.0718,3,银行间市场,中华人民共和国,季报
000784,博时季季享三个月持有期债券B,20190930,超短期融资券,19新投SCP002,300000.0,30051000.0,0.0718,3,银行间市场,中华人民共和国,季报
008393,博时现金收益货币C,20191231,同业存单,19平安银行CD043,16000000.0,1590921007.69,0.0096,5,银行间市场,中华人民共和国,季报
008393,博时现金收益货币C,20191231,同业存单,19平安银行CD043,16000000.0,1590921007.69,0.0096,5,银行间市场,中华人民共和国,年报(含半年报)
007868,汇添富汇鑫浮动净值货币A,20210630,同业存单,20光大银行CD257,100000.0,9774000.0,0.147,1,银行间市场,中华人民共和国,季报
007868,汇添富汇鑫浮动净值货币A,20210630,同业存单,20光大银行CD257,100000.0,9774000.0,0.147,1,银行间市场,中华人民共和国,年报(含半年报)
007869,汇添富汇鑫浮动净值货币B,20210630,同业存单,20光大银行CD257,100000.0,9774000.0,0.147,1,银行间市场,中华人民共和国,年报(含半年报)
009396,大成安诚债券A,20210331,同业存单,20光大银行CD257,100000.0,9782000.0,0.1921,4,银行间市场,中华人民共和国,季报
007869,汇添富汇鑫浮动净值货币B,20210630,同业存单,20光大银行CD257,100000.0,9774000.0,0.147,1,银行间市场,中华人民共和国,季报
009397,大成安诚债券C,20210331,同业存单,20光大银行CD257,100000.0,9782000.0,0.1921,4,银行间市场,中华人民共和国,季报
009338,万家民瑞祥和6个月持有期债券A,20200930,中期票据,17科伦MTN002,200000.0,20220000.0,0.0359,5,银行间市场,中华人民共和国,季报
009339,万家民瑞祥和6个月持有期债券C,20200930,中期票据,17科伦MTN002,200000.0,20220000.0,0.0359,5,银行间市场,中华人民共和国,季报
009978,银华招利一年持有期混合C,20210331,同业存单,21兴业银行CD005,1000000.0,97100000.0,0.076,1,银行间市场,中华人民共和国,季报
009977,银华招利一年持有期混合A,20210331,同业存单,21兴业银行CD005,1000000.0,97100000.0,0.076,1,银行间市场,中华人民共和国,季报
007360,易方达中短期美元债债券(QDII)A,20191231,企业债,CCUDIH 3.9 09/12/22,20928600.0,20830863.44,0.029,5,中国香港证券交易所,中国香港特别行政区,年报(含半年报)
007363,易方达中短期美元债债券(QDII)(美元现汇)C,20191231,企业债,CCUDIH 3.9 09/12/22,20928600.0,20830863.44,0.029,5,中国香港证券交易所,中国香港特别行政区,季报
007362,易方达中短期美元债债券(QDII)(美元现汇)A,20191231,企业债,CCUDIH 3.9 09/12/22,20928600.0,20830863.44,0.029,5,中国香港证券交易所,中国香港特别行政区,年报(含半年报)
007360,易方达中短期美元债债券(QDII)A,20191231,企业债,CCUDIH 3.9 09/12/22,20928600.0,20830863.44,0.029,5,中国香港证券交易所,中国香港特别行政区,季报
007363,易方达中短期美元债债券(QDII)(美元现汇)C,20191231,企业债,CCUDIH 3.9 09/12/22,20928600.0,20830863.44,0.029,5,中国香港证券交易所,中国香港特别行政区,年报(含半年报)
007361,易方达中短期美元债债券(QDII)C,20191231,企业债,CCUDIH 3.9 09/12/22,20928600.0,20830863.44,0.029,5,中国香港证券交易所,中国香港特别行政区,季报
007362,易方达中短期美元债债券(QDII)(美元现汇)A,20191231,企业债,CCUDIH 3.9 09/12/22,20928600.0,20830863.44,0.029,5,中国香港证券交易所,中国香港特别行政区,季报
007361,易方达中短期美元债债券(QDII)C,20191231,企业债,CCUDIH 3.9 09/12/22,20928600.0,20830863.44,0.029,5,中国香港证券交易所,中国香港特别行政区,年报(含半年报)
008071,长信利泰灵活配置混合E,20200331,中期票据,20深能源MTN001,250000.0,25150000.0,0.0553,4,银行间市场,中华人民共和国,季报
008071,长信利泰灵活配置混合E,20200630,中期票据,20深能源MTN001,250000.0,24887500.0,0.0453,4,银行间市场,中华人民共和国,季报
007863,长信利泰灵活配置混合C,20200331,中期票据,20深能源MTN001,250000.0,25150000.0,0.0553,4,银行间市场,中华人民共和国,季报
008071,长信利泰灵活配置混合E,20200630,中期票据,20深能源MTN001,250000.0,24887500.0,0.0453,4,银行间市场,中华人民共和国,年报(含半年报)
007863,长信利泰灵活配置混合C,20200630,中期票据,20深能源MTN001,250000.0,24887500.0,0.0453,4,银行间市场,中华人民共和国,季报
007863,长信利泰灵活配置混合C,20200630,中期票据,20深能源MTN001,250000.0,24887500.0,0.0453,4,银行间市场,中华人民共和国,年报(含半年报)
008307,方正富邦天璇灵活配置混合C,20200630,国债现货,18国债22,1000.0,100340.0,0.0011,4,上海证券交易所,中华人民共和国,季报
008307,方正富邦天璇灵活配置混合C,20200630,国债现货,18国债22,1000.0,100340.0,0.0011,4,上海证券交易所,中华人民共和国,年报(含半年报)
008306,方正富邦天璇灵活配置混合A,20200630,国债现货,18国债22,1000.0,100340.0,0.0011,4,上海证券交易所,中华人民共和国,年报(含半年报)
008306,方正富邦天璇灵活配置混合A,20200630,国债现货,18国债22,1000.0,100340.0,0.0011,4,上海证券交易所,中华人民共和国,季报
008393,博时现金收益货币C,20201231,同业存单,20中信银行CD159,15000000.0,1496247252.16,0.009,5,银行间市场,中华人民共和国,季报
008393,博时现金收益货币C,20201231,同业存单,20中信银行CD159,15000000.0,1496247252.16,0.009,5,银行间市场,中华人民共和国,年报(含半年报)
008393,博时现金收益货币C,20200930,同业存单,20中信银行CD159,15000000.0,1485834545.32,0.0089,5,银行间市场,中华人民共和国,季报
007522,南方理财金交易货币E,20190930,同业存单,19重庆农村商行CD087,2500000.0,249098165.93,0.0223,5,银行间市场,中华人民共和国,季报
007522,南方理财金交易货币E,20190630,同业存单,19重庆农村商行CD087,2500000.0,247179571.53,0.0226,6,银行间市场,中华人民共和国,季报
007522,南方理财金交易货币E,20190630,同业存单,19重庆农村商行CD087,2500000.0,247179571.53,0.0226,6,银行间市场,中华人民共和国,年报(含半年报)
270046,广发景荣纯债债券,20191231,同业存单,19民生银行CD466,10000000.0,993315072.29,0.0261,4,银行间市场,中华人民共和国,季报
090023,大成安汇金融债债券C,20190930,同业存单,19民生银行CD466,2100000.0,207080751.88,0.0129,6,银行间市场,中华人民共和国,季报
091023,大成安汇金融债债券A,20191231,同业存单,19民生银行CD466,2100000.0,208610347.04,0.0145,8,银行间市场,中华人民共和国,年报(含半年报)
091023,大成安汇金融债债券A,20190930,同业存单,19民生银行CD466,2100000.0,207080751.88,0.0129,6,银行间市场,中华人民共和国,季报
270046,广发景荣纯债债券,20190930,同业存单,19民生银行CD466,10000000.0,985957479.65,0.0243,6,银行间市场,中华人民共和国,季报
001516,大成安汇金融债债券E,20190930,同业存单,19民生银行CD466,2100000.0,207080751.88,0.0129,6,银行间市场,中华人民共和国,季报
091023,大成安汇金融债债券A,20191231,同业存单,19民生银行CD466,2100000.0,208610347.04,0.0145,8,银行间市场,中华人民共和国,季报
270046,广发景荣纯债债券,20191231,同业存单,19民生银行CD466,10000000.0,993315072.29,0.0261,4,银行间市场,中华人民共和国,年报(含半年报)
001516,大成安汇金融债债券E,20191231,同业存单,19民生银行CD466,2100000.0,208610347.04,0.0145,8,银行间市场,中华人民共和国,年报(含半年报)
090023,大成安汇金融债债券C,20191231,同业存单,19民生银行CD466,2100000.0,208610347.04,0.0145,8,银行间市场,中华人民共和国,季报
090023,大成安汇金融债债券C,20191231,同业存单,19民生银行CD466,2100000.0,208610347.04,0.0145,8,银行间市场,中华人民共和国,年报(含半年报)
001516,大成安汇金融债债券E,20191231,同业存单,19民生银行CD466,2100000.0,208610347.04,0.0145,8,银行间市场,中华人民共和国,季报
008911,平安元丰中短债债券A,20200930,中期票据,20鲁黄金MTN004,75000.0,7443750.0,0.0926,4,银行间市场,中华人民共和国,季报
008913,平安元丰中短债债券E,20200930,中期票据,20鲁黄金MTN004,75000.0,7443750.0,0.0926,4,银行间市场,中华人民共和国,季报
008912,平安元丰中短债债券C,20200930,中期票据,20鲁黄金MTN004,75000.0,7443750.0,0.0926,4,银行间市场,中华人民共和国,季报
002282,平安安享灵活配置混合A,20200930,中期票据,15沪建工MTN002,300000.0,30240000.0,0.0476,5,银行间市场,中华人民共和国,季报
007663,平安安享灵活配置混合C,20200930,中期票据,15沪建工MTN002,300000.0,30240000.0,0.0476,5,银行间市场,中华人民共和国,季报
002603,工银瑞信瑞丰半年定期开放纯债债券,20210630,中期票据,20中油股MTN001,6700000.0,662898000.0,0.0448,2,银行间市场,中华人民共和国,年报(含半年报)
002603,工银瑞信瑞丰半年定期开放纯债债券,20200930,中期票据,20中油股MTN001,6700000.0,654590000.0,0.0445,2,银行间市场,中华人民共和国,季报
009404,平安惠享纯债债券C,20200630,中期票据,20中油股MTN001,700000.0,68971000.0,0.0306,4,银行间市场,中华人民共和国,季报
002603,工银瑞信瑞丰半年定期开放纯债债券,20210630,中期票据,20中油股MTN001,6700000.0,662898000.0,0.0448,2,银行间市场,中华人民共和国,季报
002603,工银瑞信瑞丰半年定期开放纯债债券,20211231,中期票据,20中油股MTN001,6700000.0,669732000.0,0.0451,2,银行间市场,中华人民共和国,年报(含半年报)
009404,平安惠享纯债债券C,20200630,中期票据,20中油股MTN001,700000.0,68971000.0,0.0306,4,银行间市场,中华人民共和国,年报(含半年报)
002603,工银瑞信瑞丰半年定期开放纯债债券,20201214,中期票据,20中油股MTN001,6700000.0,655662000.0,0.0443,2,银行间市场,中华人民共和国,年报(含半年报)
002603,工银瑞信瑞丰半年定期开放纯债债券,20211231,中期票据,20中油股MTN001,6700000.0,669732000.0,0.0451,2,银行间市场,中华人民共和国,季报
002603,工银瑞信瑞丰半年定期开放纯债债券,20200630,中期票据,20中油股MTN001,6200000.0,610886000.0,0.0414,3,银行间市场,中华人民共和国,季报
002603,工银瑞信瑞丰半年定期开放纯债债券,20201231,中期票据,20中油股MTN001,6700000.0,659012000.0,0.0443,2,银行间市场,中华人民共和国,季报
008346,南华瑞泽债券C,20210930,中期票据,20中油股MTN001,800000.0,79632000.0,0.074,3,银行间市场,中华人民共和国,季报
002603,工银瑞信瑞丰半年定期开放纯债债券,20201214,中期票据,20中油股MTN001,6700000.0,655662000.0,0.0443,2,银行间市场,中华人民共和国,季报
002603,工银瑞信瑞丰半年定期开放纯债债券,20201231,中期票据,20中油股MTN001,6700000.0,659012000.0,0.0443,2,银行间市场,中华人民共和国,年报(含半年报)
008345,南华瑞泽债券A,20210930,中期票据,20中油股MTN001,800000.0,79632000.0,0.074,3,银行间市场,中华人民共和国,季报
002603,工银瑞信瑞丰半年定期开放纯债债券,20210331,中期票据,20中油股MTN001,6700000.0,661558000.0,0.0445,2,银行间市场,中华人民共和国,季报
002603,工银瑞信瑞丰半年定期开放纯债债券,20210930,中期票据,20中油股MTN001,6700000.0,666918000.0,0.0449,2,银行间市场,中华人民共和国,季报
002603,工银瑞信瑞丰半年定期开放纯债债券,20200630,中期票据,20中油股MTN001,6200000.0,610886000.0,0.0414,3,银行间市场,中华人民共和国,年报(含半年报)
009426,鹏扬景惠六个月持有期混合A,20210930,公司债券,21国投05,400000.0,39860000.0,0.0535,5,上海证券交易所,中华人民共和国,季报
009427,鹏扬景惠六个月持有期混合C,20211231,公司债券,21国投05,400000.0,40148000.0,0.0797,1,上海证券交易所,中华人民共和国,季报
009427,鹏扬景惠六个月持有期混合C,20210930,公司债券,21国投05,400000.0,39860000.0,0.0535,5,上海证券交易所,中华人民共和国,季报
009427,鹏扬景惠六个月持有期混合C,20211231,公司债券,21国投05,400000.0,40148000.0,0.0797,1,上海证券交易所,中华人民共和国,年报(含半年报)
009426,鹏扬景惠六个月持有期混合A,20211231,公司债券,21国投05,400000.0,40148000.0,0.0797,1,上海证券交易所,中华人民共和国,年报(含半年报)
009426,鹏扬景惠六个月持有期混合A,20211231,公司债券,21国投05,400000.0,40148000.0,0.0797,1,上海证券交易所,中华人民共和国,季报
008759,摩根瑞泰38个月定期开放债券A,20201231,金融债券,18江苏银行01,1300000.0,137391257.83,0.0653,5,银行间市场,中华人民共和国,季报
008759,摩根瑞泰38个月定期开放债券A,20201231,金融债券,18江苏银行01,1300000.0,137391257.83,0.0653,5,银行间市场,中华人民共和国,年报(含半年报)
008760,摩根瑞泰38个月定期开放债券C,20210630,金融债券,18江苏银行01,1300000.0,135782146.24,0.0636,5,银行间市场,中华人民共和国,年报(含半年报)
008759,摩根瑞泰38个月定期开放债券A,20210930,金融债券,18江苏银行01,1300000.0,134959866.75,0.0629,5,银行间市场,中华人民共和国,季报
008760,摩根瑞泰38个月定期开放债券C,20200630,金融债券,18江苏银行01,1300000.0,139015375.03,0.0659,4,银行间市场,中华人民共和国,季报
008759,摩根瑞泰38个月定期开放债券A,20200930,金融债券,18江苏银行01,1300000.0,138204781.28,0.0653,4,银行间市场,中华人民共和国,季报
008759,摩根瑞泰38个月定期开放债券A,20211231,金融债券,18江苏银行01,1300000.0,134134615.48,0.0621,5,银行间市场,中华人民共和国,年报(含半年报)
008760,摩根瑞泰38个月定期开放债券C,20211231,金融债券,18江苏银行01,1300000.0,134134615.48,0.0621,5,银行间市场,中华人民共和国,季报
008759,摩根瑞泰38个月定期开放债券A,20210630,金融债券,18江苏银行01,1300000.0,135782146.24,0.0636,5,银行间市场,中华人民共和国,年报(含半年报)
008759,摩根瑞泰38个月定期开放债券A,20210630,金融债券,18江苏银行01,1300000.0,135782146.24,0.0636,5,银行间市场,中华人民共和国,季报
008760,摩根瑞泰38个月定期开放债券C,20210930,金融债券,18江苏银行01,1300000.0,134959866.75,0.0629,5,银行间市场,中华人民共和国,季报
008760,摩根瑞泰38个月定期开放债券C,20201231,金融债券,18江苏银行01,1300000.0,137391257.83,0.0653,5,银行间市场,中华人民共和国,年报(含半年报)
008760,摩根瑞泰38个月定期开放债券C,20200630,金融债券,18江苏银行01,1300000.0,139015375.03,0.0659,4,银行间市场,中华人民共和国,年报(含半年报)
008759,摩根瑞泰38个月定期开放债券A,20200630,金融债券,18江苏银行01,1300000.0,139015375.03,0.0659,4,银行间市场,中华人民共和国,年报(含半年报)
008760,摩根瑞泰38个月定期开放债券C,20201231,金融债券,18江苏银行01,1300000.0,137391257.83,0.0653,5,银行间市场,中华人民共和国,季报
008759,摩根瑞泰38个月定期开放债券A,20211231,金融债券,18江苏银行01,1300000.0,134134615.48,0.0621,5,银行间市场,中华人民共和国,季报
008759,摩根瑞泰38个月定期开放债券A,20200630,金融债券,18江苏银行01,1300000.0,139015375.03,0.0659,4,银行间市场,中华人民共和国,季报
008760,摩根瑞泰38个月定期开放债券C,20210331,金融债券,18江苏银行01,1300000.0,136592574.69,0.0645,5,银行间市场,中华人民共和国,季报
008760,摩根瑞泰38个月定期开放债券C,20200930,金融债券,18江苏银行01,1300000.0,138204781.28,0.0653,4,银行间市场,中华人民共和国,季报
008759,摩根瑞泰38个月定期开放债券A,20210331,金融债券,18江苏银行01,1300000.0,136592574.69,0.0645,5,银行间市场,中华人民共和国,季报
008760,摩根瑞泰38个月定期开放债券C,20210630,金融债券,18江苏银行01,1300000.0,135782146.24,0.0636,5,银行间市场,中华人民共和国,季报
008760,摩根瑞泰38个月定期开放债券C,20211231,金融债券,18江苏银行01,1300000.0,134134615.48,0.0621,5,银行间市场,中华人民共和国,年报(含半年报)
000196,工银瑞信成长收益混合B,20190630,超短期融资券,19中石油SCP001,200000.0,20058000.0,0.0087,4,银行间市场,中华人民共和国,季报
471014,汇添富理财14天债券型B,20190630,超短期融资券,19中石油SCP001,2000000.0,200170815.54,0.0137,8,银行间市场,中华人民共和国,季报
471014,汇添富理财14天债券型B,20190630,超短期融资券,19中石油SCP001,2000000.0,200170815.54,0.0137,8,银行间市场,中华人民共和国,年报(含半年报)
000195,工银瑞信成长收益混合A,20190630,超短期融资券,19中石油SCP001,200000.0,20058000.0,0.0087,4,银行间市场,中华人民共和国,季报
470014,汇添富理财14天债券型A,20190630,超短期融资券,19中石油SCP001,2000000.0,200170815.54,0.0137,8,银行间市场,中华人民共和国,季报
000196,工银瑞信成长收益混合B,20190630,超短期融资券,19中石油SCP001,200000.0,20058000.0,0.0087,4,银行间市场,中华人民共和国,年报(含半年报)
470014,汇添富理财14天债券型A,20190630,超短期融资券,19中石油SCP001,2000000.0,200170815.54,0.0137,8,银行间市场,中华人民共和国,年报(含半年报)
000195,工银瑞信成长收益混合A,20190630,超短期融资券,19中石油SCP001,200000.0,20058000.0,0.0087,4,银行间市场,中华人民共和国,年报(含半年报)
006919,国寿安保泰和纯债债券,20190630,超短期融资券,19粤能源SCP003,1000000.0,99900000.0,0.0332,5,银行间市场,中华人民共和国,年报(含半年报)
006919,国寿安保泰和纯债债券,20190630,超短期融资券,19粤能源SCP003,1000000.0,99900000.0,0.0332,5,银行间市场,中华人民共和国,季报
001516,大成安汇金融债债券E,20191231,同业存单,19中信银行CD283,3000000.0,295818637.36,0.0206,3,银行间市场,中华人民共和国,季报
007866,创金合信货币C,20191231,同业存单,19中信银行CD283,2900000.0,286029570.96,0.0449,2,银行间市场,中华人民共和国,年报(含半年报)
091023,大成安汇金融债债券A,20191231,同业存单,19中信银行CD283,3000000.0,295818637.36,0.0206,3,银行间市场,中华人民共和国,年报(含半年报)
001516,大成安汇金融债债券E,20191231,同业存单,19中信银行CD283,3000000.0,295818637.36,0.0206,3,银行间市场,中华人民共和国,年报(含半年报)
090023,大成安汇金融债债券C,20191231,同业存单,19中信银行CD283,3000000.0,295818637.36,0.0206,3,银行间市场,中华人民共和国,年报(含半年报)
001516,大成安汇金融债债券E,20200331,同业存单,19中信银行CD283,3000000.0,298089825.95,0.0206,2,银行间市场,中华人民共和国,季报
007866,创金合信货币C,20191231,同业存单,19中信银行CD283,2900000.0,286029570.96,0.0449,2,银行间市场,中华人民共和国,季报
091023,大成安汇金融债债券A,20200331,同业存单,19中信银行CD283,3000000.0,298089825.95,0.0206,2,银行间市场,中华人民共和国,季报
090023,大成安汇金融债债券C,20191231,同业存单,19中信银行CD283,3000000.0,295818637.36,0.0206,3,银行间市场,中华人民共和国,季报
090023,大成安汇金融债债券C,20200331,同业存单,19中信银行CD283,3000000.0,298089825.95,0.0206,2,银行间市场,中华人民共和国,季报
091023,大成安汇金融债债券A,20191231,同业存单,19中信银行CD283,3000000.0,295818637.36,0.0206,3,银行间市场,中华人民共和国,季报
009081,中信保诚嘉丰一年定期开放债券,20200930,同业存单,20浦发银行CD128,700000.0,68824000.0,0.0681,3,银行间市场,中华人民共和国,季报
007440,南方旭元债券A,20201231,中期票据,16武汉地铁GN002,160000.0,16032000.0,0.0755,3,银行间市场,中华人民共和国,年报(含半年报)
007196,平安惠合纯债债券,20211231,中期票据,16武汉地铁GN002,800000.0,81912000.0,0.0828,1,银行间市场,中华人民共和国,年报(含半年报)
007196,平安惠合纯债债券,20211231,中期票据,16武汉地铁GN002,800000.0,81912000.0,0.0828,1,银行间市场,中华人民共和国,季报
007440,南方旭元债券A,20201231,中期票据,16武汉地铁GN002,160000.0,16032000.0,0.0755,3,银行间市场,中华人民共和国,季报
007441,南方旭元债券C,20201231,中期票据,16武汉地铁GN002,160000.0,16032000.0,0.0755,3,银行间市场,中华人民共和国,季报
007441,南方旭元债券C,20201231,中期票据,16武汉地铁GN002,160000.0,16032000.0,0.0755,3,银行间市场,中华人民共和国,年报(含半年报)
008727,平安添裕债券C,20201231,中期票据,18吴江城投MTN001,500000.0,50750000.0,0.0359,4,银行间市场,中华人民共和国,季报
008726,平安添裕债券A,20210331,中期票据,18吴江城投MTN001,500000.0,50650000.0,0.0805,1,银行间市场,中华人民共和国,季报
008727,平安添裕债券C,20201231,中期票据,18吴江城投MTN001,500000.0,50750000.0,0.0359,4,银行间市场,中华人民共和国,年报(含半年报)
008727,平安添裕债券C,20210331,中期票据,18吴江城投MTN001,500000.0,50650000.0,0.0805,1,银行间市场,中华人民共和国,季报
008726,平安添裕债券A,20201231,中期票据,18吴江城投MTN001,500000.0,50750000.0,0.0359,4,银行间市场,中华人民共和国,年报(含半年报)
006956,鹏华永润一年定期开放债券,20201231,中期票据,18吴江城投MTN001,900000.0,91350000.0,0.0496,2,银行间市场,中华人民共和国,季报
006956,鹏华永润一年定期开放债券,20201231,中期票据,18吴江城投MTN001,900000.0,91350000.0,0.0496,2,银行间市场,中华人民共和国,年报(含半年报)
006956,鹏华永润一年定期开放债券,20200930,中期票据,18吴江城投MTN001,900000.0,91557000.0,0.0497,3,银行间市场,中华人民共和国,季报
008726,平安添裕债券A,20201231,中期票据,18吴江城投MTN001,500000.0,50750000.0,0.0359,4,银行间市场,中华人民共和国,季报
010431,招商安阳债券C,20210630,其他一级资本工具,20光大银行永续债,1000000.0,102960000.0,0.0455,2,银行间市场,中华人民共和国,年报(含半年报)
010465,鹏扬景创混合A,20211231,其他一级资本工具,20光大银行永续债,100000.0,10456000.0,0.0803,1,银行间市场,中华人民共和国,季报
010431,招商安阳债券C,20210331,其他一级资本工具,20光大银行永续债,1000000.0,101500000.0,0.0428,3,银行间市场,中华人民共和国,季报
006489,招商添裕纯债债券A,20210630,其他一级资本工具,20光大银行永续债,4800000.0,494208000.0,0.096,1,银行间市场,中华人民共和国,年报(含半年报)
008464,招商添瑞1年定期开放债券C,20211231,其他一级资本工具,20光大银行永续债,1400000.0,146384000.0,0.0473,2,银行间市场,中华人民共和国,季报
010431,招商安阳债券C,20210930,其他一级资本工具,20光大银行永续债,1000000.0,102240000.0,0.0561,2,银行间市场,中华人民共和国,季报
003297,招商双债增强债券(LOF)E,20210331,其他一级资本工具,20光大银行永续债,1800000.0,182700000.0,0.0328,1,银行间市场,中华人民共和国,季报
008383,招商安心收益债券A,20210331,其他一级资本工具,20光大银行永续债,1300000.0,131950000.0,0.0193,4,银行间市场,中华人民共和国,季报
006489,招商添裕纯债债券A,20210331,其他一级资本工具,20光大银行永续债,4900000.0,497350000.0,0.0984,1,银行间市场,中华人民共和国,季报
007716,嘉实致华纯债债券,20211231,其他一级资本工具,20光大银行永续债,500000.0,52280000.0,0.0745,4,银行间市场,中华人民共和国,年报(含半年报)
006489,招商添裕纯债债券A,20211231,其他一级资本工具,20光大银行永续债,4900000.0,512344000.0,0.0964,2,银行间市场,中华人民共和国,季报
008744,南方集利18个月持有期债券C,20211231,其他一级资本工具,20光大银行永续债,300000.0,31368000.0,0.0672,3,银行间市场,中华人民共和国,年报(含半年报)
010430,招商安阳债券A,20210331,其他一级资本工具,20光大银行永续债,1000000.0,101500000.0,0.0428,3,银行间市场,中华人民共和国,季报
010466,鹏扬景创混合C,20211231,其他一级资本工具,20光大银行永续债,100000.0,10456000.0,0.0803,1,银行间市场,中华人民共和国,季报
010019,招商瑞泽一年持有期混合C,20210930,其他一级资本工具,20光大银行永续债,1300000.0,132912000.0,0.0463,2,银行间市场,中华人民共和国,季报
008383,招商安心收益债券A,20211231,其他一级资本工具,20光大银行永续债,3200000.0,334592000.0,0.0331,1,银行间市场,中华人民共和国,年报(含半年报)
010431,招商安阳债券C,20210630,其他一级资本工具,20光大银行永续债,1000000.0,102960000.0,0.0455,2,银行间市场,中华人民共和国,季报
006489,招商添裕纯债债券A,20210630,其他一级资本工具,20光大银行永续债,4800000.0,494208000.0,0.096,1,银行间市场,中华人民共和国,季报
006490,招商添裕纯债债券C,20210331,其他一级资本工具,20光大银行永续债,4900000.0,497350000.0,0.0984,1,银行间市场,中华人民共和国,季报
006996,南方惠利6个月定期开放债券C,20211231,其他一级资本工具,20光大银行永续债,200000.0,20912000.0,0.0606,1,银行间市场,中华人民共和国,年报(含半年报)
006617,工银瑞信瑞泽定期开放债券,20201231,其他一级资本工具,20光大银行永续债,2600000.0,259870000.0,0.0977,3,银行间市场,中华人民共和国,年报(含半年报)
008557,易方达裕富债券C,20211231,其他一级资本工具,20光大银行永续债,300000.0,31368000.0,0.0234,4,银行间市场,中华人民共和国,年报(含半年报)
009580,招商双债增强债券(LOF)D,20210630,其他一级资本工具,20光大银行永续债,1800000.0,185328000.0,0.0285,2,银行间市场,中华人民共和国,季报
010430,招商安阳债券A,20210930,其他一级资本工具,20光大银行永续债,1000000.0,102240000.0,0.0561,2,银行间市场,中华人民共和国,季报
010018,招商瑞泽一年持有期混合A,20211231,其他一级资本工具,20光大银行永续债,600000.0,62736000.0,0.0316,4,银行间市场,中华人民共和国,年报(含半年报)
008463,招商添瑞1年定期开放债券A,20211231,其他一级资本工具,20光大银行永续债,1400000.0,146384000.0,0.0473,2,银行间市场,中华人民共和国,年报(含半年报)
010430,招商安阳债券A,20211231,其他一级资本工具,20光大银行永续债,1000000.0,104560000.0,0.0591,1,银行间市场,中华人民共和国,年报(含半年报)
007716,嘉实致华纯债债券,20210930,其他一级资本工具,20光大银行永续债,500000.0,51120000.0,0.0592,3,银行间市场,中华人民共和国,季报
006650,招商安庆债券,20210630,其他一级资本工具,20光大银行永续债,100000.0,10296000.0,0.0438,2,银行间市场,中华人民共和国,年报(含半年报)
010430,招商安阳债券A,20210630,其他一级资本工具,20光大银行永续债,1000000.0,102960000.0,0.0455,2,银行间市场,中华人民共和国,季报
006489,招商添裕纯债债券A,20210930,其他一级资本工具,20光大银行永续债,4900000.0,500976000.0,0.0965,2,银行间市场,中华人民共和国,季报
010019,招商瑞泽一年持有期混合C,20211231,其他一级资本工具,20光大银行永续债,600000.0,62736000.0,0.0316,4,银行间市场,中华人民共和国,季报
008557,易方达裕富债券C,20211231,其他一级资本工具,20光大银行永续债,300000.0,31368000.0,0.0234,4,银行间市场,中华人民共和国,季报
010430,招商安阳债券A,20210630,其他一级资本工具,20光大银行永续债,1000000.0,102960000.0,0.0455,2,银行间市场,中华人民共和国,年报(含半年报)
010465,鹏扬景创混合A,20211231,其他一级资本工具,20光大银行永续债,100000.0,10456000.0,0.0803,1,银行间市场,中华人民共和国,年报(含半年报)
003297,招商双债增强债券(LOF)E,20210630,其他一级资本工具,20光大银行永续债,1800000.0,185328000.0,0.0285,2,银行间市场,中华人民共和国,年报(含半年报)
008743,南方集利18个月持有期债券A,20211231,其他一级资本工具,20光大银行永续债,300000.0,31368000.0,0.0672,3,银行间市场,中华人民共和国,季报
006490,招商添裕纯债债券C,20210630,其他一级资本工具,20光大银行永续债,4800000.0,494208000.0,0.096,1,银行间市场,中华人民共和国,季报
010430,招商安阳债券A,20211231,其他一级资本工具,20光大银行永续债,1000000.0,104560000.0,0.0591,1,银行间市场,中华人民共和国,季报
010018,招商瑞泽一年持有期混合A,20211231,其他一级资本工具,20光大银行永续债,600000.0,62736000.0,0.0316,4,银行间市场,中华人民共和国,季报
006490,招商添裕纯债债券C,20210630,其他一级资本工具,20光大银行永续债,4800000.0,494208000.0,0.096,1,银行间市场,中华人民共和国,年报(含半年报)
006995,南方惠利6个月定期开放债券A,20211231,其他一级资本工具,20光大银行永续债,200000.0,20912000.0,0.0606,1,银行间市场,中华人民共和国,季报
008743,南方集利18个月持有期债券A,20211231,其他一级资本工具,20光大银行永续债,300000.0,31368000.0,0.0672,3,银行间市场,中华人民共和国,年报(含半年报)
008383,招商安心收益债券A,20211231,其他一级资本工具,20光大银行永续债,3200000.0,334592000.0,0.0331,1,银行间市场,中华人民共和国,季报
008464,招商添瑞1年定期开放债券C,20211231,其他一级资本工具,20光大银行永续债,1400000.0,146384000.0,0.0473,2,银行间市场,中华人民共和国,年报(含半年报)
010019,招商瑞泽一年持有期混合C,20211231,其他一级资本工具,20光大银行永续债,600000.0,62736000.0,0.0316,4,银行间市场,中华人民共和国,年报(含半年报)
008556,易方达裕富债券A,20211231,其他一级资本工具,20光大银行永续债,300000.0,31368000.0,0.0234,4,银行间市场,中华人民共和国,年报(含半年报)
003297,招商双债增强债券(LOF)E,20210630,其他一级资本工具,20光大银行永续债,1800000.0,185328000.0,0.0285,2,银行间市场,中华人民共和国,季报
006490,招商添裕纯债债券C,20210930,其他一级资本工具,20光大银行永续债,4900000.0,500976000.0,0.0965,2,银行间市场,中华人民共和国,季报
009580,招商双债增强债券(LOF)D,20210630,其他一级资本工具,20光大银行永续债,1800000.0,185328000.0,0.0285,2,银行间市场,中华人民共和国,年报(含半年报)
008463,招商添瑞1年定期开放债券A,20211231,其他一级资本工具,20光大银行永续债,1400000.0,146384000.0,0.0473,2,银行间市场,中华人民共和国,季报
010431,招商安阳债券C,20211231,其他一级资本工具,20光大银行永续债,1000000.0,104560000.0,0.0591,1,银行间市场,中华人民共和国,季报
006489,招商添裕纯债债券A,20211231,其他一级资本工具,20光大银行永续债,4900000.0,512344000.0,0.0964,2,银行间市场,中华人民共和国,年报(含半年报)
006617,工银瑞信瑞泽定期开放债券,20201231,其他一级资本工具,20光大银行永续债,2600000.0,259870000.0,0.0977,3,银行间市场,中华人民共和国,季报
008383,招商安心收益债券A,20210930,其他一级资本工具,20光大银行永续债,1900000.0,194256000.0,0.0231,4,银行间市场,中华人民共和国,季报
006490,招商添裕纯债债券C,20211231,其他一级资本工具,20光大银行永续债,4900000.0,512344000.0,0.0964,2,银行间市场,中华人民共和国,季报
006996,南方惠利6个月定期开放债券C,20211231,其他一级资本工具,20光大银行永续债,200000.0,20912000.0,0.0606,1,银行间市场,中华人民共和国,季报
009580,招商双债增强债券(LOF)D,20210331,其他一级资本工具,20光大银行永续债,1800000.0,182700000.0,0.0328,1,银行间市场,中华人民共和国,季报
010466,鹏扬景创混合C,20211231,其他一级资本工具,20光大银行永续债,100000.0,10456000.0,0.0803,1,银行间市场,中华人民共和国,年报(含半年报)
010431,招商安阳债券C,20211231,其他一级资本工具,20光大银行永续债,1000000.0,104560000.0,0.0591,1,银行间市场,中华人民共和国,年报(含半年报)
006490,招商添裕纯债债券C,20211231,其他一级资本工具,20光大银行永续债,4900000.0,512344000.0,0.0964,2,银行间市场,中华人民共和国,年报(含半年报)
006650,招商安庆债券,20210630,其他一级资本工具,20光大银行永续债,100000.0,10296000.0,0.0438,2,银行间市场,中华人民共和国,季报
008556,易方达裕富债券A,20211231,其他一级资本工具,20光大银行永续债,300000.0,31368000.0,0.0234,4,银行间市场,中华人民共和国,季报
010018,招商瑞泽一年持有期混合A,20210930,其他一级资本工具,20光大银行永续债,1300000.0,132912000.0,0.0463,2,银行间市场,中华人民共和国,季报
008744,南方集利18个月持有期债券C,20211231,其他一级资本工具,20光大银行永续债,300000.0,31368000.0,0.0672,3,银行间市场,中华人民共和国,季报
007716,嘉实致华纯债债券,20211231,其他一级资本工具,20光大银行永续债,500000.0,52280000.0,0.0745,4,银行间市场,中华人民共和国,季报
006995,南方惠利6个月定期开放债券A,20211231,其他一级资本工具,20光大银行永续债,200000.0,20912000.0,0.0606,1,银行间市场,中华人民共和国,年报(含半年报)
009111,博远双债增利混合A,20210930,公司债券,12石化02,11970.0,1213638.3,0.0822,1,上海证券交易所,中华人民共和国,季报
009112,博远双债增利混合C,20210630,公司债券,12石化02,15000.0,1526700.0,0.097,1,上海证券交易所,中华人民共和国,季报
009111,博远双债增利混合A,20201231,公司债券,12石化02,15000.0,1534500.0,0.0548,4,上海证券交易所,中华人民共和国,季报
009111,博远双债增利混合A,20200930,公司债券,12石化02,26000.0,2666040.0,0.0616,2,上海证券交易所,中华人民共和国,季报
009112,博远双债增利混合C,20201231,公司债券,12石化02,15000.0,1534500.0,0.0548,4,上海证券交易所,中华人民共和国,季报
009112,博远双债增利混合C,20200930,公司债券,12石化02,26000.0,2666040.0,0.0616,2,上海证券交易所,中华人民共和国,季报
009112,博远双债增利混合C,20210930,公司债券,12石化02,11970.0,1213638.3,0.0822,1,上海证券交易所,中华人民共和国,季报
009111,博远双债增利混合A,20210630,公司债券,12石化02,15000.0,1526700.0,0.097,1,上海证券交易所,中华人民共和国,季报
009112,博远双债增利混合C,20210630,公司债券,12石化02,15000.0,1526700.0,0.097,1,上海证券交易所,中华人民共和国,年报(含半年报)
009111,博远双债增利混合A,20210331,公司债券,12石化02,15000.0,1531650.0,0.09,1,上海证券交易所,中华人民共和国,季报
009112,博远双债增利混合C,20210331,公司债券,12石化02,15000.0,1531650.0,0.09,1,上海证券交易所,中华人民共和国,季报
009112,博远双债增利混合C,20201231,公司债券,12石化02,15000.0,1534500.0,0.0548,4,上海证券交易所,中华人民共和国,年报(含半年报)
009111,博远双债增利混合A,20201231,公司债券,12石化02,15000.0,1534500.0,0.0548,4,上海证券交易所,中华人民共和国,年报(含半年报)
009111,博远双债增利混合A,20210630,公司债券,12石化02,15000.0,1526700.0,0.097,1,上海证券交易所,中华人民共和国,年报(含半年报)
000189,易方达丰华债券A,20200930,同业存单,20中信银行CD160,500000.0,48505000.0,0.0285,4,银行间市场,中华人民共和国,季报
006867,易方达丰华债券C,20200930,同业存单,20中信银行CD160,500000.0,48505000.0,0.0285,4,银行间市场,中华人民共和国,季报
007332,嘉合磐昇纯债债券A,20200331,中期票据,19北排水MTN001,200000.0,20604000.0,0.0637,4,银行间市场,中华人民共和国,季报
005306,长信合利混合C,20200331,中期票据,19北排水MTN001,100000.0,10302000.0,0.0653,3,银行间市场,中华人民共和国,季报
006995,南方惠利6个月定期开放债券A,20201231,中期票据,19北排水MTN001,300000.0,30285000.0,0.0739,3,银行间市场,中华人民共和国,季报
007333,嘉合磐昇纯债债券C,20200331,中期票据,19北排水MTN001,200000.0,20604000.0,0.0637,4,银行间市场,中华人民共和国,季报
006995,南方惠利6个月定期开放债券A,20200630,中期票据,19北排水MTN001,300000.0,30693000.0,0.0488,3,银行间市场,中华人民共和国,季报
005305,长信合利混合A,20200331,中期票据,19北排水MTN001,100000.0,10302000.0,0.0653,3,银行间市场,中华人民共和国,季报
006995,南方惠利6个月定期开放债券A,20200630,中期票据,19北排水MTN001,300000.0,30693000.0,0.0488,3,银行间市场,中华人民共和国,年报(含半年报)
006996,南方惠利6个月定期开放债券C,20200930,中期票据,19北排水MTN001,300000.0,30069000.0,0.0602,2,银行间市场,中华人民共和国,季报
006996,南方惠利6个月定期开放债券C,20200630,中期票据,19北排水MTN001,300000.0,30693000.0,0.0488,3,银行间市场,中华人民共和国,季报
006996,南方惠利6个月定期开放债券C,20201231,中期票据,19北排水MTN001,300000.0,30285000.0,0.0739,3,银行间市场,中华人民共和国,季报
006996,南方惠利6个月定期开放债券C,20201231,中期票据,19北排水MTN001,300000.0,30285000.0,0.0739,3,银行间市场,中华人民共和国,年报(含半年报)
006996,南方惠利6个月定期开放债券C,20200630,中期票据,19北排水MTN001,300000.0,30693000.0,0.0488,3,银行间市场,中华人民共和国,年报(含半年报)
006995,南方惠利6个月定期开放债券A,20200930,中期票据,19北排水MTN001,300000.0,30069000.0,0.0602,2,银行间市场,中华人民共和国,季报
006995,南方惠利6个月定期开放债券A,20201231,中期票据,19北排水MTN001,300000.0,30285000.0,0.0739,3,银行间市场,中华人民共和国,年报(含半年报)
110052,易方达安源中短债债券C,20210630,中期票据,18上海电气MTN001,100000.0,10074000.0,0.0513,4,银行间市场,中华人民共和国,季报
110053,易方达安源中短债债券A,20210630,中期票据,18上海电气MTN001,100000.0,10074000.0,0.0513,4,银行间市场,中华人民共和国,季报
110052,易方达安源中短债债券C,20210630,中期票据,18上海电气MTN001,100000.0,10074000.0,0.0513,4,银行间市场,中华人民共和国,年报(含半年报)
110053,易方达安源中短债债券A,20210630,中期票据,18上海电气MTN001,100000.0,10074000.0,0.0513,4,银行间市场,中华人民共和国,年报(含半年报)
006865,泰康安惠纯债债券C,20191231,超短期融资券,19中航资本SCP006,800000.0,80152000.0,0.0205,5,银行间市场,中华人民共和国,季报
006865,泰康安惠纯债债券C,20191231,超短期融资券,19中航资本SCP006,800000.0,80152000.0,0.0205,5,银行间市场,中华人民共和国,年报(含半年报)
006936,华安安盛3个月定期开放债券,20190630,超短期融资券,19中交一航SCP002,500000.0,50195000.0,0.0818,3,银行间市场,中华人民共和国,年报(含半年报)
006936,华安安盛3个月定期开放债券,20190630,超短期融资券,19中交一航SCP002,500000.0,50195000.0,0.0818,3,银行间市场,中华人民共和国,季报
007826,博道志远混合C,20191231,可转换债券,星源转债,5000.0,620850.0,0.0015,2,深圳证券交易所,中华人民共和国,年报(含半年报)
007255,华宝稳健养老目标一年持有期混合(FOF)A,20191231,可转换债券,星源转债,3000.0,372510.0,0.0138,5,深圳证券交易所,中华人民共和国,年报(含半年报)
007825,博道志远混合A,20191231,可转换债券,星源转债,5000.0,620850.0,0.0015,2,深圳证券交易所,中华人民共和国,季报
007826,博道志远混合C,20191231,可转换债券,星源转债,5000.0,620850.0,0.0015,2,深圳证券交易所,中华人民共和国,季报
007825,博道志远混合A,20191231,可转换债券,星源转债,5000.0,620850.0,0.0015,2,深圳证券交易所,中华人民共和国,年报(含半年报)
007255,华宝稳健养老目标一年持有期混合(FOF)A,20191231,可转换债券,星源转债,3000.0,372510.0,0.0138,5,深圳证券交易所,中华人民共和国,季报
007865,东方红货币D,20210930,同业存单,20江苏银行CD200,1500000.0,149585805.97,0.0115,2,银行间市场,中华人民共和国,季报
007864,东方红货币C,20210930,同业存单,20江苏银行CD200,1500000.0,149585805.97,0.0115,2,银行间市场,中华人民共和国,季报
008486,德邦德瑞一年定期开放债券,20210630,中期票据,19泉州金控MTN001,300000.0,30468000.0,0.0365,4,银行间市场,中华人民共和国,年报(含半年报)
008486,德邦德瑞一年定期开放债券,20210630,中期票据,19泉州金控MTN001,300000.0,30468000.0,0.0365,4,银行间市场,中华人民共和国,季报
007260,国投瑞银顺祺纯债债券,20210930,金融债券,19东亚银行01,200000.0,20126000.0,0.0543,5,银行间市场,中华人民共和国,季报
007211,汇安中短债债券E,20211231,金融债券,19东亚银行01,1000000.0,100760000.0,0.0142,5,银行间市场,中华人民共和国,季报
007260,国投瑞银顺祺纯债债券,20211231,金融债券,19东亚银行01,200000.0,20152000.0,0.0537,5,银行间市场,中华人民共和国,季报
007260,国投瑞银顺祺纯债债券,20211231,金融债券,19东亚银行01,200000.0,20152000.0,0.0537,5,银行间市场,中华人民共和国,年报(含半年报)
005602,汇安中短债债券C,20211231,金融债券,19东亚银行01,1000000.0,100760000.0,0.0142,5,银行间市场,中华人民共和国,年报(含半年报)
007260,国投瑞银顺祺纯债债券,20200930,金融债券,19东亚银行01,200000.0,20046000.0,0.0564,5,银行间市场,中华人民共和国,季报
007260,国投瑞银顺祺纯债债券,20210630,金融债券,19东亚银行01,200000.0,20076000.0,0.0548,4,银行间市场,中华人民共和国,季报
005601,汇安中短债债券A,20211231,金融债券,19东亚银行01,1000000.0,100760000.0,0.0142,5,银行间市场,中华人民共和国,年报(含半年报)
007211,汇安中短债债券E,20211231,金融债券,19东亚银行01,1000000.0,100760000.0,0.0142,5,银行间市场,中华人民共和国,年报(含半年报)
007260,国投瑞银顺祺纯债债券,20200630,金融债券,19东亚银行01,200000.0,20232000.0,0.0567,4,银行间市场,中华人民共和国,季报
005602,汇安中短债债券C,20211231,金融债券,19东亚银行01,1000000.0,100760000.0,0.0142,5,银行间市场,中华人民共和国,季报
007260,国投瑞银顺祺纯债债券,20210630,金融债券,19东亚银行01,200000.0,20076000.0,0.0548,4,银行间市场,中华人民共和国,年报(含半年报)
005601,汇安中短债债券A,20211231,金融债券,19东亚银行01,1000000.0,100760000.0,0.0142,5,银行间市场,中华人民共和国,季报
007260,国投瑞银顺祺纯债债券,20200630,金融债券,19东亚银行01,200000.0,20232000.0,0.0567,4,银行间市场,中华人民共和国,年报(含半年报)
660016,农银汇理金聚高等级债券,20200630,超短期融资券,20东航SCP001,100000.0,10010000.0,0.0458,5,银行间市场,中华人民共和国,季报
660016,农银汇理金聚高等级债券,20200630,超短期融资券,20东航SCP001,100000.0,10010000.0,0.0458,5,银行间市场,中华人民共和国,年报(含半年报)
006984,兴全恒瑞三个月定期开放债券,20211231,金融债券,19建信金融债01,2300000.0,231426000.0,0.0576,2,银行间市场,中华人民共和国,年报(含半年报)
006984,兴全恒瑞三个月定期开放债券,20211231,金融债券,19建信金融债01,2300000.0,231426000.0,0.0576,2,银行间市场,中华人民共和国,季报
007889,浦银安盛盛诺3个月定期开放债券,20191231,金融债券,19建信金融债01,4000000.0,399960000.0,0.0664,3,银行间市场,中华人民共和国,年报(含半年报)
006715,东方永泰纯债1年定期开放债券A,20200331,金融债券,19建信金融债01,3000000.0,303780000.0,0.0521,1,银行间市场,中华人民共和国,季报
006716,东方永泰纯债1年定期开放债券C,20200331,金融债券,19建信金融债01,3000000.0,303780000.0,0.0521,1,银行间市场,中华人民共和国,季报
006984,兴全恒瑞三个月定期开放债券,20210630,金融债券,19建信金融债01,1300000.0,131131000.0,0.0328,4,银行间市场,中华人民共和国,季报
006984,兴全恒瑞三个月定期开放债券,20210630,金融债券,19建信金融债01,1300000.0,131131000.0,0.0328,4,银行间市场,中华人民共和国,年报(含半年报)
007889,浦银安盛盛诺3个月定期开放债券,20191231,金融债券,19建信金融债01,4000000.0,399960000.0,0.0664,3,银行间市场,中华人民共和国,季报
006984,兴全恒瑞三个月定期开放债券,20210930,金融债券,19建信金融债01,2300000.0,231035000.0,0.0579,3,银行间市场,中华人民共和国,季报
007057,中泰蓝月短债债券A,20201231,超短期融资券,20国新租赁SCP013,50000.0,5000500.0,0.092,5,银行间市场,中华人民共和国,年报(含半年报)
007057,中泰蓝月短债债券A,20201231,超短期融资券,20国新租赁SCP013,50000.0,5000500.0,0.092,5,银行间市场,中华人民共和国,季报
007058,中泰蓝月短债债券C,20210331,超短期融资券,20国新租赁SCP013,50000.0,5011500.0,0.0771,1,银行间市场,中华人民共和国,季报
007057,中泰蓝月短债债券A,20210331,超短期融资券,20国新租赁SCP013,50000.0,5011500.0,0.0771,1,银行间市场,中华人民共和国,季报
007058,中泰蓝月短债债券C,20201231,超短期融资券,20国新租赁SCP013,50000.0,5000500.0,0.092,5,银行间市场,中华人民共和国,季报
007058,中泰蓝月短债债券C,20201231,超短期融资券,20国新租赁SCP013,50000.0,5000500.0,0.092,5,银行间市场,中华人民共和国,年报(含半年报)
006998,广发景兴中短债债券A,20191231,超短期融资券,19均胜电子SCP002,300000.0,30081000.0,0.0746,6,银行间市场,中华人民共和国,年报(含半年报)
006999,广发景兴中短债债券C,20191231,超短期融资券,19均胜电子SCP002,300000.0,30081000.0,0.0746,6,银行间市场,中华人民共和国,年报(含半年报)
006999,广发景兴中短债债券C,20191231,超短期融资券,19均胜电子SCP002,300000.0,30081000.0,0.0746,6,银行间市场,中华人民共和国,季报
006998,广发景兴中短债债券A,20191231,超短期融资券,19均胜电子SCP002,300000.0,30081000.0,0.0746,6,银行间市场,中华人民共和国,季报
009073,德邦惠利混合A,20210930,中期票据,21国际港务MTN001,200000.0,20274000.0,0.0541,2,银行间市场,中华人民共和国,季报
009074,德邦惠利混合C,20210930,中期票据,21国际港务MTN001,200000.0,20274000.0,0.0541,2,银行间市场,中华人民共和国,季报
007864,东方红货币C,20190930,同业存单,19交通银行CD059,500000.0,49792448.86,0.023,6,银行间市场,中华人民共和国,季报
970008,华安证券汇赢增利一年持有期灵活配置混合C,20210930,可转换债券,长集转债,285660.0,32737207.32,0.0256,3,深圳证券交易所,中华人民共和国,季报
970006,华安证券汇赢增利一年持有期灵活配置混合A,20210930,可转换债券,长集转债,285660.0,32737207.32,0.0256,3,深圳证券交易所,中华人民共和国,季报
970007,华安证券汇赢增利一年持有期灵活配置混合B,20210930,可转换债券,长集转债,285660.0,32737207.32,0.0256,3,深圳证券交易所,中华人民共和国,季报
007522,南方理财金交易货币E,20200630,同业存单,20大连银行CD039,2100000.0,208924538.15,0.0108,10,银行间市场,中华人民共和国,季报
007522,南方理财金交易货币E,20200630,同业存单,20大连银行CD039,2100000.0,208924538.15,0.0108,10,银行间市场,中华人民共和国,年报(含半年报)
009955,广发鑫裕灵活配置混合C,20210630,中期票据,20中建材集MTN003,400000.0,39596000.0,0.044,5,银行间市场,中华人民共和国,季报
009955,广发鑫裕灵活配置混合C,20210630,中期票据,20中建材集MTN003,400000.0,39596000.0,0.044,5,银行间市场,中华人民共和国,年报(含半年报)
007418,泰康信用精选债券C,20210630,公司债券,21新钢01,400000.0,40588000.0,0.0228,5,上海证券交易所,中华人民共和国,季报
007417,泰康信用精选债券A,20210630,公司债券,21新钢01,400000.0,40588000.0,0.0228,5,上海证券交易所,中华人民共和国,季报
007417,泰康信用精选债券A,20210630,公司债券,21新钢01,400000.0,40588000.0,0.0228,5,上海证券交易所,中华人民共和国,年报(含半年报)
007418,泰康信用精选债券C,20210630,公司债券,21新钢01,400000.0,40588000.0,0.0228,5,上海证券交易所,中华人民共和国,年报(含半年报)
007912,新华鑫日享中短债债券B,20191231,超短期融资券,19沪电力SCP008,200000.0,20088000.0,0.0534,1,银行间市场,中华人民共和国,季报
007912,新华鑫日享中短债债券B,20191231,超短期融资券,19沪电力SCP008,200000.0,20088000.0,0.0534,1,银行间市场,中华人民共和国,年报(含半年报)
002603,工银瑞信瑞丰半年定期开放纯债债券,20191231,同业存单,19兴业银行CD534,4000000.0,397240000.0,0.0265,3,银行间市场,中华人民共和国,季报
002603,工银瑞信瑞丰半年定期开放纯债债券,20191231,同业存单,19兴业银行CD534,4000000.0,397240000.0,0.0265,3,银行间市场,中华人民共和国,年报(含半年报)
007636,银河天盈中短债债券C,20211231,中期票据,19中原资产MTN001,120000.0,11528400.0,0.057,5,银行间市场,中华人民共和国,季报
007635,银河天盈中短债债券A,20210630,中期票据,19中原资产MTN001,200000.0,19518000.0,0.0835,3,银行间市场,中华人民共和国,年报(含半年报)
007636,银河天盈中短债债券C,20210930,中期票据,19中原资产MTN001,150000.0,14601000.0,0.0806,2,银行间市场,中华人民共和国,季报
007636,银河天盈中短债债券C,20210630,中期票据,19中原资产MTN001,200000.0,19518000.0,0.0835,3,银行间市场,中华人民共和国,年报(含半年报)
006544,平安惠聚纯债债券,20200331,中期票据,19中原资产MTN001,500000.0,51510000.0,0.0488,3,银行间市场,中华人民共和国,季报
007635,银河天盈中短债债券A,20210630,中期票据,19中原资产MTN001,200000.0,19518000.0,0.0835,3,银行间市场,中华人民共和国,季报
007636,银河天盈中短债债券C,20211231,中期票据,19中原资产MTN001,120000.0,11528400.0,0.057,5,银行间市场,中华人民共和国,年报(含半年报)
007636,银河天盈中短债债券C,20210630,中期票据,19中原资产MTN001,200000.0,19518000.0,0.0835,3,银行间市场,中华人民共和国,季报
007635,银河天盈中短债债券A,20211231,中期票据,19中原资产MTN001,120000.0,11528400.0,0.057,5,银行间市场,中华人民共和国,季报
006544,平安惠聚纯债债券,20191231,中期票据,19中原资产MTN001,500000.0,50380000.0,0.0487,5,银行间市场,中华人民共和国,年报(含半年报)
007635,银河天盈中短债债券A,20211231,中期票据,19中原资产MTN001,120000.0,11528400.0,0.057,5,银行间市场,中华人民共和国,年报(含半年报)
006544,平安惠聚纯债债券,20191231,中期票据,19中原资产MTN001,500000.0,50380000.0,0.0487,5,银行间市场,中华人民共和国,季报
007635,银河天盈中短债债券A,20210930,中期票据,19中原资产MTN001,150000.0,14601000.0,0.0806,2,银行间市场,中华人民共和国,季报
007725,招商瑞文混合A,20200331,中期票据,19南京国投MTN001,400000.0,41552000.0,0.032,3,银行间市场,中华人民共和国,季报
007566,中银宁享债券,20211231,中期票据,19南京国投MTN001,700000.0,72646000.0,0.0718,3,银行间市场,中华人民共和国,年报(含半年报)
008627,南方中债0-5年中高等级江苏省城投类债券指数C,20201231,中期票据,19南京国投MTN001,300000.0,30669000.0,0.0417,4,银行间市场,中华人民共和国,季报
007726,招商瑞文混合C,20200630,中期票据,19南京国投MTN001,400000.0,41108000.0,0.0562,1,银行间市场,中华人民共和国,年报(含半年报)
007726,招商瑞文混合C,20200331,中期票据,19南京国投MTN001,400000.0,41552000.0,0.032,3,银行间市场,中华人民共和国,季报
007726,招商瑞文混合C,20201231,中期票据,19南京国投MTN001,400000.0,40892000.0,0.0191,3,银行间市场,中华人民共和国,季报
007726,招商瑞文混合C,20201231,中期票据,19南京国投MTN001,400000.0,40892000.0,0.0191,3,银行间市场,中华人民共和国,年报(含半年报)
007726,招商瑞文混合C,20200630,中期票据,19南京国投MTN001,400000.0,41108000.0,0.0562,1,银行间市场,中华人民共和国,季报
007566,中银宁享债券,20211231,中期票据,19南京国投MTN001,700000.0,72646000.0,0.0718,3,银行间市场,中华人民共和国,季报
008626,南方中债0-5年中高等级江苏省城投类债券指数A,20201231,中期票据,19南京国投MTN001,300000.0,30669000.0,0.0417,4,银行间市场,中华人民共和国,年报(含半年报)
007725,招商瑞文混合A,20200930,中期票据,19南京国投MTN001,400000.0,40628000.0,0.0236,1,银行间市场,中华人民共和国,季报
009423,招商瑞信稳健配置混合A,20201231,中期票据,19南京国投MTN001,500000.0,51115000.0,0.0333,3,银行间市场,中华人民共和国,季报
007725,招商瑞文混合A,20201231,中期票据,19南京国投MTN001,400000.0,40892000.0,0.0191,3,银行间市场,中华人民共和国,年报(含半年报)
007566,中银宁享债券,20210930,中期票据,19南京国投MTN001,700000.0,72716000.0,0.0722,2,银行间市场,中华人民共和国,季报
007725,招商瑞文混合A,20200630,中期票据,19南京国投MTN001,400000.0,41108000.0,0.0562,1,银行间市场,中华人民共和国,年报(含半年报)
007725,招商瑞文混合A,20210331,中期票据,19南京国投MTN001,400000.0,40928000.0,0.0169,4,银行间市场,中华人民共和国,季报
008627,南方中债0-5年中高等级江苏省城投类债券指数C,20201231,中期票据,19南京国投MTN001,300000.0,30669000.0,0.0417,4,银行间市场,中华人民共和国,年报(含半年报)
009424,招商瑞信稳健配置混合C,20201231,中期票据,19南京国投MTN001,500000.0,51115000.0,0.0333,3,银行间市场,中华人民共和国,季报
009424,招商瑞信稳健配置混合C,20201231,中期票据,19南京国投MTN001,500000.0,51115000.0,0.0333,3,银行间市场,中华人民共和国,年报(含半年报)
007725,招商瑞文混合A,20200630,中期票据,19南京国投MTN001,400000.0,41108000.0,0.0562,1,银行间市场,中华人民共和国,季报
009423,招商瑞信稳健配置混合A,20200930,中期票据,19南京国投MTN001,500000.0,50785000.0,0.0218,4,银行间市场,中华人民共和国,季报
007725,招商瑞文混合A,20201231,中期票据,19南京国投MTN001,400000.0,40892000.0,0.0191,3,银行间市场,中华人民共和国,季报
007726,招商瑞文混合C,20200930,中期票据,19南京国投MTN001,400000.0,40628000.0,0.0236,1,银行间市场,中华人民共和国,季报
007726,招商瑞文混合C,20210331,中期票据,19南京国投MTN001,400000.0,40928000.0,0.0169,4,银行间市场,中华人民共和国,季报
009424,招商瑞信稳健配置混合C,20200930,中期票据,19南京国投MTN001,500000.0,50785000.0,0.0218,4,银行间市场,中华人民共和国,季报
008626,南方中债0-5年中高等级江苏省城投类债券指数A,20201231,中期票据,19南京国投MTN001,300000.0,30669000.0,0.0417,4,银行间市场,中华人民共和国,季报
009423,招商瑞信稳健配置混合A,20201231,中期票据,19南京国投MTN001,500000.0,51115000.0,0.0333,3,银行间市场,中华人民共和国,年报(含半年报)
007520,富安达富利纯债债券A,20190930,企业债券,12张家界经投债,200000.0,4062000.0,0.0412,5,银行间市场,中华人民共和国,季报
000503,中信建投景和中短债债券A,20200331,中期票据,19铜陵建投GN002,300000.0,30663000.0,0.0776,1,银行间市场,中华人民共和国,季报
000504,中信建投景和中短债债券C,20200331,中期票据,19铜陵建投GN002,300000.0,30663000.0,0.0776,1,银行间市场,中华人民共和国,季报
000503,中信建投景和中短债债券A,20201231,中期票据,19铜陵建投GN002,300000.0,30195000.0,0.0541,5,银行间市场,中华人民共和国,季报
000504,中信建投景和中短债债券C,20210331,中期票据,19铜陵建投GN002,300000.0,30369000.0,0.0751,2,银行间市场,中华人民共和国,季报
000503,中信建投景和中短债债券A,20201231,中期票据,19铜陵建投GN002,300000.0,30195000.0,0.0541,5,银行间市场,中华人民共和国,年报(含半年报)
000504,中信建投景和中短债债券C,20201231,中期票据,19铜陵建投GN002,300000.0,30195000.0,0.0541,5,银行间市场,中华人民共和国,季报
000504,中信建投景和中短债债券C,20201231,中期票据,19铜陵建投GN002,300000.0,30195000.0,0.0541,5,银行间市场,中华人民共和国,年报(含半年报)
000503,中信建投景和中短债债券A,20210331,中期票据,19铜陵建投GN002,300000.0,30369000.0,0.0751,2,银行间市场,中华人民共和国,季报
007739,淳厚稳惠债券C,20200930,中期票据,18闽投MTN003,300000.0,30495000.0,0.0598,4,银行间市场,中华人民共和国,季报
007739,淳厚稳惠债券C,20210930,中期票据,18闽投MTN003,300000.0,30258000.0,0.0571,4,银行间市场,中华人民共和国,季报
007738,淳厚稳惠债券A,20201231,中期票据,18闽投MTN003,300000.0,30267000.0,0.0589,3,银行间市场,中华人民共和国,年报(含半年报)
008833,银华汇盈一年持有期混合A,20210630,中期票据,18闽投MTN003,500000.0,50495000.0,0.0559,1,银行间市场,中华人民共和国,年报(含半年报)
007738,淳厚稳惠债券A,20200930,中期票据,18闽投MTN003,300000.0,30495000.0,0.0598,4,银行间市场,中华人民共和国,季报
007738,淳厚稳惠债券A,20200630,中期票据,18闽投MTN003,300000.0,30660000.0,0.0601,4,银行间市场,中华人民共和国,季报
007738,淳厚稳惠债券A,20210331,中期票据,18闽投MTN003,300000.0,30285000.0,0.0583,4,银行间市场,中华人民共和国,季报
007739,淳厚稳惠债券C,20200630,中期票据,18闽投MTN003,300000.0,30660000.0,0.0601,4,银行间市场,中华人民共和国,年报(含半年报)
007738,淳厚稳惠债券A,20201231,中期票据,18闽投MTN003,300000.0,30267000.0,0.0589,3,银行间市场,中华人民共和国,季报
008833,银华汇盈一年持有期混合A,20210630,中期票据,18闽投MTN003,500000.0,50495000.0,0.0559,1,银行间市场,中华人民共和国,季报
008834,银华汇盈一年持有期混合C,20210630,中期票据,18闽投MTN003,500000.0,50495000.0,0.0559,1,银行间市场,中华人民共和国,季报
007739,淳厚稳惠债券C,20200331,中期票据,18闽投MTN003,300000.0,30729000.0,0.0602,5,银行间市场,中华人民共和国,季报
008834,银华汇盈一年持有期混合C,20210630,中期票据,18闽投MTN003,500000.0,50495000.0,0.0559,1,银行间市场,中华人民共和国,年报(含半年报)
007739,淳厚稳惠债券C,20201231,中期票据,18闽投MTN003,300000.0,30267000.0,0.0589,3,银行间市场,中华人民共和国,年报(含半年报)
007738,淳厚稳惠债券A,20200331,中期票据,18闽投MTN003,300000.0,30729000.0,0.0602,5,银行间市场,中华人民共和国,季报
007739,淳厚稳惠债券C,20201231,中期票据,18闽投MTN003,300000.0,30267000.0,0.0589,3,银行间市场,中华人民共和国,季报
007739,淳厚稳惠债券C,20200630,中期票据,18闽投MTN003,300000.0,30660000.0,0.0601,4,银行间市场,中华人民共和国,季报
007739,淳厚稳惠债券C,20210630,中期票据,18闽投MTN003,300000.0,30297000.0,0.0577,4,银行间市场,中华人民共和国,季报
007739,淳厚稳惠债券C,20210331,中期票据,18闽投MTN003,300000.0,30285000.0,0.0583,4,银行间市场,中华人民共和国,季报
007738,淳厚稳惠债券A,20210930,中期票据,18闽投MTN003,300000.0,30258000.0,0.0571,4,银行间市场,中华人民共和国,季报
007738,淳厚稳惠债券A,20210630,中期票据,18闽投MTN003,300000.0,30297000.0,0.0577,4,银行间市场,中华人民共和国,年报(含半年报)
007738,淳厚稳惠债券A,20210630,中期票据,18闽投MTN003,300000.0,30297000.0,0.0577,4,银行间市场,中华人民共和国,季报
007739,淳厚稳惠债券C,20210630,中期票据,18闽投MTN003,300000.0,30297000.0,0.0577,4,银行间市场,中华人民共和国,年报(含半年报)
007738,淳厚稳惠债券A,20200630,中期票据,18闽投MTN003,300000.0,30660000.0,0.0601,4,银行间市场,中华人民共和国,年报(含半年报)
004155,中信保诚至泰中短债债券A,20201231,超短期融资券,20国投交控SCP001,80000.0,8016000.0,0.0677,3,银行间市场,中华人民共和国,年报(含半年报)
004155,中信保诚至泰中短债债券A,20201231,超短期融资券,20国投交控SCP001,80000.0,8016000.0,0.0677,3,银行间市场,中华人民共和国,季报
004156,中信保诚至泰中短债债券C,20201231,超短期融资券,20国投交控SCP001,80000.0,8016000.0,0.0677,3,银行间市场,中华人民共和国,年报(含半年报)
004156,中信保诚至泰中短债债券C,20201231,超短期融资券,20国投交控SCP001,80000.0,8016000.0,0.0677,3,银行间市场,中华人民共和国,季报
007985,博时富悦纯债债券A,20211231,中期票据,20海兴MTN001,200000.0,20130000.0,0.0183,5,银行间市场,中华人民共和国,季报
007985,博时富悦纯债债券A,20211231,中期票据,20海兴MTN001,200000.0,20130000.0,0.0183,5,银行间市场,中华人民共和国,年报(含半年报)
006045,长城久瑞三个月定期开放债券,20210331,中期票据,18冀港集MTN002,600000.0,61020000.0,0.0588,5,银行间市场,中华人民共和国,季报
007667,华夏鼎泓债券C,20211231,公司债券,21诚通08,200000.0,20410000.0,0.0255,5,上海证券交易所,中华人民共和国,年报(含半年报)
007666,华夏鼎泓债券A,20211231,公司债券,21诚通08,200000.0,20410000.0,0.0255,5,上海证券交易所,中华人民共和国,年报(含半年报)
007666,华夏鼎泓债券A,20211231,公司债券,21诚通08,200000.0,20410000.0,0.0255,5,上海证券交易所,中华人民共和国,季报
007667,华夏鼎泓债券C,20211231,公司债券,21诚通08,200000.0,20410000.0,0.0255,5,上海证券交易所,中华人民共和国,季报
006907,银华安鑫短债债券A,20211231,短期融资券,21电网CP008,300000.0,30039000.0,0.0671,1,银行间市场,中华人民共和国,年报(含半年报)
010933,中银稳汇短债债券E,20211231,短期融资券,21电网CP008,100000.0,10013000.0,0.0433,4,银行间市场,中华人民共和国,年报(含半年报)
006908,银华安鑫短债债券C,20211231,短期融资券,21电网CP008,300000.0,30039000.0,0.0671,1,银行间市场,中华人民共和国,年报(含半年报)
006908,银华安鑫短债债券C,20211231,短期融资券,21电网CP008,300000.0,30039000.0,0.0671,1,银行间市场,中华人民共和国,季报
006907,银华安鑫短债债券A,20211231,短期融资券,21电网CP008,300000.0,30039000.0,0.0671,1,银行间市场,中华人民共和国,季报
007762,富国天盈债券(LOF)A,20211231,短期融资券,21电网CP008,1000000.0,100130000.0,0.0246,4,银行间市场,中华人民共和国,年报(含半年报)
007762,富国天盈债券(LOF)A,20211231,短期融资券,21电网CP008,1000000.0,100130000.0,0.0246,4,银行间市场,中华人民共和国,季报
010933,中银稳汇短债债券E,20210930,短期融资券,21电网CP008,100000.0,9988000.0,0.0438,5,银行间市场,中华人民共和国,季报
010933,中银稳汇短债债券E,20211231,短期融资券,21电网CP008,100000.0,10013000.0,0.0433,4,银行间市场,中华人民共和国,季报
010005,鹏扬现金通利货币E,20210930,超短期融资券,21首钢SCP005,200000.0,20012861.22,0.0354,7,银行间市场,中华人民共和国,季报
009942,财通资管鸿益中短债债券E,20210930,超短期融资券,21首钢SCP005,1500000.0,150405000.0,0.0096,5,银行间市场,中华人民共和国,季报
007584,鹏华丰鑫债券,20210331,中期票据,21怀柔科学MTN001,400000.0,40172000.0,0.0313,5,银行间市场,中华人民共和国,季报
008493,鹏华尊泰一年定期开放债券,20211231,中期票据,20陕交建MTN001,1000000.0,100730000.0,0.0628,1,银行间市场,中华人民共和国,季报
008493,鹏华尊泰一年定期开放债券,20211231,中期票据,20陕交建MTN001,1000000.0,100730000.0,0.0628,1,银行间市场,中华人民共和国,年报(含半年报)
008493,鹏华尊泰一年定期开放债券,20210930,中期票据,20陕交建MTN001,1000000.0,100160000.0,0.0631,2,银行间市场,中华人民共和国,季报
008493,鹏华尊泰一年定期开放债券,20210630,中期票据,20陕交建MTN001,1000000.0,99550000.0,0.0635,3,银行间市场,中华人民共和国,季报
008493,鹏华尊泰一年定期开放债券,20210630,中期票据,20陕交建MTN001,1000000.0,99550000.0,0.0635,3,银行间市场,中华人民共和国,年报(含半年报)
008883,国联安增祺纯债债券C,20210630,企业债券,21首钢债01,500000.0,50700000.0,0.0672,1,银行间市场,中华人民共和国,季报
008882,国联安增祺纯债债券A,20210630,企业债券,21首钢债01,500000.0,50700000.0,0.0672,1,银行间市场,中华人民共和国,季报
008882,国联安增祺纯债债券A,20210630,企业债券,21首钢债01,500000.0,50700000.0,0.0672,1,银行间市场,中华人民共和国,年报(含半年报)
008883,国联安增祺纯债债券C,20210630,企业债券,21首钢债01,500000.0,50700000.0,0.0672,1,银行间市场,中华人民共和国,年报(含半年报)
009302,恒生前海短债债券C,20211231,超短期融资券,21石狮产业SCP001,200000.0,20010000.0,0.0979,4,银行间市场,中华人民共和国,季报
009301,恒生前海短债债券A,20211231,超短期融资券,21石狮产业SCP001,200000.0,20010000.0,0.0979,4,银行间市场,中华人民共和国,季报
009301,恒生前海短债债券A,20211231,超短期融资券,21石狮产业SCP001,200000.0,20010000.0,0.0979,4,银行间市场,中华人民共和国,年报(含半年报)
009302,恒生前海短债债券C,20211231,超短期融资券,21石狮产业SCP001,200000.0,20010000.0,0.0979,4,银行间市场,中华人民共和国,年报(含半年报)
006984,兴全恒瑞三个月定期开放债券,20191231,超短期融资券,19蓝星SCP005,1000000.0,100030000.0,0.0249,3,银行间市场,中华人民共和国,季报
006984,兴全恒瑞三个月定期开放债券,20191231,超短期融资券,19蓝星SCP005,1000000.0,100030000.0,0.0249,3,银行间市场,中华人民共和国,年报(含半年报)
000142,融通增强收益债券A,20190715,可转换债券,蓝晓转债,115.0,12674.15,0.0001,3,深圳证券交易所,中华人民共和国,季报
001124,融通增强收益债券C,20190715,可转换债券,蓝晓转债,115.0,12674.15,0.0001,3,深圳证券交易所,中华人民共和国,季报
007522,南方理财金交易货币E,20191231,同业存单,19农业银行CD203,4000000.0,394824054.06,0.0269,3,银行间市场,中华人民共和国,季报
470030,汇添富鑫禧债券,20200331,同业存单,19农业银行CD203,5000000.0,497317703.01,0.0196,2,银行间市场,中华人民共和国,季报
008733,易方达易理财货币B,20191231,同业存单,19农业银行CD203,17000000.0,1678000575.94,0.0108,5,银行间市场,中华人民共和国,年报(含半年报)
470030,汇添富鑫禧债券,20191231,同业存单,19农业银行CD203,5000000.0,493528568.99,0.0195,4,银行间市场,中华人民共和国,季报
008733,易方达易理财货币B,20200331,同业存单,19农业银行CD203,17000000.0,1690166492.6,0.0099,3,银行间市场,中华人民共和国,季报
007522,南方理财金交易货币E,20200331,同业存单,19农业银行CD203,4000000.0,397854661.2,0.0235,3,银行间市场,中华人民共和国,季报
007522,南方理财金交易货币E,20191231,同业存单,19农业银行CD203,4000000.0,394824054.06,0.0269,3,银行间市场,中华人民共和国,年报(含半年报)
470030,汇添富鑫禧债券,20191231,同业存单,19农业银行CD203,5000000.0,493528568.99,0.0195,4,银行间市场,中华人民共和国,年报(含半年报)
008733,易方达易理财货币B,20191231,同业存单,19农业银行CD203,17000000.0,1678000575.94,0.0108,5,银行间市场,中华人民共和国,季报
531030,建信周盈安心理财债券型B,20201230,国债现货,11附息国债08,300000.0,30076951.14,0.2374,1,银行间市场,中华人民共和国,季报
530030,建信周盈安心理财债券型A,20201231,国债现货,11附息国债08,300000.0,30099000.0,0.2377,1,银行间市场,中华人民共和国,年报(含半年报)
530030,建信周盈安心理财债券型A,20201230,国债现货,11附息国债08,300000.0,30076951.14,0.2374,1,银行间市场,中华人民共和国,年报(含半年报)
531030,建信周盈安心理财债券型B,20201230,国债现货,11附息国债08,300000.0,30076951.14,0.2374,1,银行间市场,中华人民共和国,年报(含半年报)
530030,建信周盈安心理财债券型A,20201231,国债现货,11附息国债08,300000.0,30099000.0,0.2377,1,银行间市场,中华人民共和国,季报
530030,建信周盈安心理财债券型A,20201230,国债现货,11附息国债08,300000.0,30076951.14,0.2374,1,银行间市场,中华人民共和国,季报
006865,泰康安惠纯债债券C,20200331,超短期融资券,20中化股SCP002,1400000.0,140098000.0,0.0252,3,银行间市场,中华人民共和国,季报
006631,鑫元臻利债券A,20190630,超短期融资券,18富邦SCP001,400000.0,40332000.0,0.0791,5,银行间市场,中华人民共和国,年报(含半年报)
006632,鑫元臻利债券C,20190630,超短期融资券,18富邦SCP001,400000.0,40332000.0,0.0791,5,银行间市场,中华人民共和国,季报
006632,鑫元臻利债券C,20190630,超短期融资券,18富邦SCP001,400000.0,40332000.0,0.0791,5,银行间市场,中华人民共和国,年报(含半年报)
006631,鑫元臻利债券A,20190630,超短期融资券,18富邦SCP001,400000.0,40332000.0,0.0791,5,银行间市场,中华人民共和国,季报
007378,西部利得聚享一年定期开放债券C,20191231,公司债券,19潍投02,150000.0,15436500.0,0.0618,4,深圳证券交易所,中华人民共和国,年报(含半年报)
007377,西部利得聚享一年定期开放债券A,20200630,公司债券,19潍投02,150000.0,15520500.0,0.1228,3,深圳证券交易所,中华人民共和国,季报
007378,西部利得聚享一年定期开放债券C,20200630,公司债券,19潍投02,150000.0,15520500.0,0.1228,3,深圳证券交易所,中华人民共和国,季报
007378,西部利得聚享一年定期开放债券C,20190930,公司债券,19潍投02,150000.0,15199500.0,0.0618,4,深圳证券交易所,中华人民共和国,季报
007378,西部利得聚享一年定期开放债券C,20191231,公司债券,19潍投02,150000.0,15436500.0,0.0618,4,深圳证券交易所,中华人民共和国,季报
007377,西部利得聚享一年定期开放债券A,20200630,公司债券,19潍投02,150000.0,15520500.0,0.1228,3,深圳证券交易所,中华人民共和国,年报(含半年报)
007377,西部利得聚享一年定期开放债券A,20200331,公司债券,19潍投02,150000.0,15778500.0,0.0617,4,深圳证券交易所,中华人民共和国,季报
007378,西部利得聚享一年定期开放债券C,20200331,公司债券,19潍投02,150000.0,15778500.0,0.0617,4,深圳证券交易所,中华人民共和国,季报
007378,西部利得聚享一年定期开放债券C,20200630,公司债券,19潍投02,150000.0,15520500.0,0.1228,3,深圳证券交易所,中华人民共和国,年报(含半年报)
007377,西部利得聚享一年定期开放债券A,20190930,公司债券,19潍投02,150000.0,15199500.0,0.0618,4,深圳证券交易所,中华人民共和国,季报
007377,西部利得聚享一年定期开放债券A,20191231,公司债券,19潍投02,150000.0,15436500.0,0.0618,4,深圳证券交易所,中华人民共和国,季报
007377,西部利得聚享一年定期开放债券A,20191231,公司债券,19潍投02,150000.0,15436500.0,0.0618,4,深圳证券交易所,中华人民共和国,年报(含半年报)
002197,国泰鑫策略价值灵活配置混合,20210630,中期票据,12中船MTN1,500000.0,50965000.0,0.0597,1,银行间市场,中华人民共和国,年报(含半年报)
007210,华商瑞丰短债债券C,20210630,中期票据,12中船MTN1,360000.0,36694800.0,0.0801,1,银行间市场,中华人民共和国,年报(含半年报)
002197,国泰鑫策略价值灵活配置混合,20211231,中期票据,12中船MTN1,500000.0,50800000.0,0.0517,2,银行间市场,中华人民共和国,季报
008362,广发汇成一年定期开放债券,20210930,中期票据,12中船MTN1,500000.0,50910000.0,0.0503,5,银行间市场,中华人民共和国,季报
002197,国泰鑫策略价值灵活配置混合,20211231,中期票据,12中船MTN1,500000.0,50800000.0,0.0517,2,银行间市场,中华人民共和国,年报(含半年报)
003403,华商瑞丰短债债券A,20210630,中期票据,12中船MTN1,360000.0,36694800.0,0.0801,1,银行间市场,中华人民共和国,季报
007663,平安安享灵活配置混合C,20210930,中期票据,12中船MTN1,500000.0,50910000.0,0.0629,1,银行间市场,中华人民共和国,季报
002282,平安安享灵活配置混合A,20210930,中期票据,12中船MTN1,500000.0,50910000.0,0.0629,1,银行间市场,中华人民共和国,季报
002197,国泰鑫策略价值灵活配置混合,20210630,中期票据,12中船MTN1,500000.0,50965000.0,0.0597,1,银行间市场,中华人民共和国,季报
008362,广发汇成一年定期开放债券,20211231,中期票据,12中船MTN1,500000.0,50800000.0,0.0503,5,银行间市场,中华人民共和国,季报
008362,广发汇成一年定期开放债券,20211231,中期票据,12中船MTN1,500000.0,50800000.0,0.0503,5,银行间市场,中华人民共和国,年报(含半年报)
003403,华商瑞丰短债债券A,20210630,中期票据,12中船MTN1,360000.0,36694800.0,0.0801,1,银行间市场,中华人民共和国,年报(含半年报)
008127,广发趋势优选灵活配置混合C,20210331,中期票据,12中船MTN1,1400000.0,144186000.0,0.012,5,银行间市场,中华人民共和国,季报
008127,广发趋势优选灵活配置混合C,20210930,中期票据,12中船MTN1,1400000.0,142548000.0,0.0166,2,银行间市场,中华人民共和国,季报
008362,广发汇成一年定期开放债券,20210630,中期票据,12中船MTN1,500000.0,50965000.0,0.0508,5,银行间市场,中华人民共和国,年报(含半年报)
002197,国泰鑫策略价值灵活配置混合,20210930,中期票据,12中船MTN1,500000.0,50910000.0,0.0505,1,银行间市场,中华人民共和国,季报
008127,广发趋势优选灵活配置混合C,20201231,中期票据,12中船MTN1,1400000.0,144046000.0,0.0121,4,银行间市场,中华人民共和国,年报(含半年报)
007210,华商瑞丰短债债券C,20210630,中期票据,12中船MTN1,360000.0,36694800.0,0.0801,1,银行间市场,中华人民共和国,季报
008362,广发汇成一年定期开放债券,20210630,中期票据,12中船MTN1,500000.0,50965000.0,0.0508,5,银行间市场,中华人民共和国,季报
008127,广发趋势优选灵活配置混合C,20201231,中期票据,12中船MTN1,1400000.0,144046000.0,0.0121,4,银行间市场,中华人民共和国,季报
007666,华夏鼎泓债券A,20200630,企业债券,19陕煤Y1,300000.0,30165000.0,0.0477,4,上海证券交易所,中华人民共和国,季报
007667,华夏鼎泓债券C,20200630,企业债券,19陕煤Y1,300000.0,30165000.0,0.0477,4,上海证券交易所,中华人民共和国,年报(含半年报)
007666,华夏鼎泓债券A,20200630,企业债券,19陕煤Y1,300000.0,30165000.0,0.0477,4,上海证券交易所,中华人民共和国,年报(含半年报)
007667,华夏鼎泓债券C,20200331,企业债券,19陕煤Y1,300000.0,30627000.0,0.0331,4,上海证券交易所,中华人民共和国,季报
007667,华夏鼎泓债券C,20200630,企业债券,19陕煤Y1,300000.0,30165000.0,0.0477,4,上海证券交易所,中华人民共和国,季报
007666,华夏鼎泓债券A,20200331,企业债券,19陕煤Y1,300000.0,30627000.0,0.0331,4,上海证券交易所,中华人民共和国,季报
660016,农银汇理金聚高等级债券,20200331,同业存单,20渤海银行CD008,200000.0,19979982.46,0.0648,3,银行间市场,中华人民共和国,季报
010933,中银稳汇短债债券E,20201231,金融债券,11国开07,300000.0,30006000.0,0.2657,1,银行间市场,中华人民共和国,季报
006949,前海开源乾利3个月定期开放债券,20200630,金融债券,11国开07,3000000.0,300240000.0,0.0606,3,银行间市场,中华人民共和国,年报(含半年报)
006949,前海开源乾利3个月定期开放债券,20191231,金融债券,11国开07,3000000.0,298830000.0,0.0613,5,银行间市场,中华人民共和国,季报
006949,前海开源乾利3个月定期开放债券,20191231,金融债券,11国开07,3000000.0,298830000.0,0.0613,5,银行间市场,中华人民共和国,年报(含半年报)
006949,前海开源乾利3个月定期开放债券,20200930,金融债券,11国开07,3000000.0,299490000.0,0.0502,4,银行间市场,中华人民共和国,季报
008567,蜂巢添盈纯债债券C,20201231,金融债券,11国开07,500000.0,50010000.0,0.0712,5,银行间市场,中华人民共和国,年报(含半年报)
007419,国寿安保泰弘纯债债券,20191231,金融债券,11国开07,2000000.0,199220000.0,0.0985,3,银行间市场,中华人民共和国,季报
006949,前海开源乾利3个月定期开放债券,20201231,金融债券,11国开07,3000000.0,300060000.0,0.0498,5,银行间市场,中华人民共和国,季报
008567,蜂巢添盈纯债债券C,20201231,金融债券,11国开07,500000.0,50010000.0,0.0712,5,银行间市场,中华人民共和国,季报
008566,蜂巢添盈纯债债券A,20201231,金融债券,11国开07,500000.0,50010000.0,0.0712,5,银行间市场,中华人民共和国,年报(含半年报)
007419,国寿安保泰弘纯债债券,20190930,金融债券,11国开07,2000000.0,198100000.0,0.1974,2,银行间市场,中华人民共和国,季报
006949,前海开源乾利3个月定期开放债券,20200630,金融债券,11国开07,3000000.0,300240000.0,0.0606,3,银行间市场,中华人民共和国,季报
006949,前海开源乾利3个月定期开放债券,20200331,金融债券,11国开07,3000000.0,301230000.0,0.0609,2,银行间市场,中华人民共和国,季报
007419,国寿安保泰弘纯债债券,20191231,金融债券,11国开07,2000000.0,199220000.0,0.0985,3,银行间市场,中华人民共和国,年报(含半年报)
006949,前海开源乾利3个月定期开放债券,20201231,金融债券,11国开07,3000000.0,300060000.0,0.0498,5,银行间市场,中华人民共和国,年报(含半年报)
010933,中银稳汇短债债券E,20201231,金融债券,11国开07,300000.0,30006000.0,0.2657,1,银行间市场,中华人民共和国,年报(含半年报)
008566,蜂巢添盈纯债债券A,20201231,金融债券,11国开07,500000.0,50010000.0,0.0712,5,银行间市场,中华人民共和国,季报
009500,国寿安保高股息混合A,20211231,公司债券,20中证13,100000.0,10125000.0,0.0414,4,上海证券交易所,中华人民共和国,年报(含半年报)
009501,国寿安保高股息混合C,20211231,公司债券,20中证13,100000.0,10125000.0,0.0414,4,上海证券交易所,中华人民共和国,年报(含半年报)
009500,国寿安保高股息混合A,20211231,公司债券,20中证13,100000.0,10125000.0,0.0414,4,上海证券交易所,中华人民共和国,季报
009501,国寿安保高股息混合C,20211231,公司债券,20中证13,100000.0,10125000.0,0.0414,4,上海证券交易所,中华人民共和国,季报
002622,广发稳裕混合A,20190331,同业存单,18重庆农村商行CD126,1000000.0,97530000.0,0.0491,5,银行间市场,中华人民共和国,季报
485022,工银瑞信尊益中短债债券F,20190630,超短期融资券,19北京国资SCP002,700000.0,69990272.43,0.0208,8,银行间市场,中华人民共和国,季报
485022,工银瑞信尊益中短债债券F,20190630,超短期融资券,19北京国资SCP002,700000.0,69990272.43,0.0208,8,银行间市场,中华人民共和国,年报(含半年报)
485022,工银瑞信尊益中短债债券F,20190930,超短期融资券,19北京国资SCP002,700000.0,69996071.42,0.0213,9,银行间市场,中华人民共和国,季报
485122,工银瑞信尊益中短债债券C,20190630,超短期融资券,19北京国资SCP002,700000.0,69990272.43,0.0208,8,银行间市场,中华人民共和国,季报
485122,工银瑞信尊益中短债债券C,20190930,超短期融资券,19北京国资SCP002,700000.0,69996071.42,0.0213,9,银行间市场,中华人民共和国,季报
485122,工银瑞信尊益中短债债券C,20190630,超短期融资券,19北京国资SCP002,700000.0,69990272.43,0.0208,8,银行间市场,中华人民共和国,年报(含半年报)
009352,南方誉丰18个月持有期混合C,20201231,公司债券,16中电02,1000000.0,100090000.0,0.0338,3,上海证券交易所,中华人民共和国,季报
009352,南方誉丰18个月持有期混合C,20210331,公司债券,16中电02,1000000.0,100120000.0,0.0339,3,上海证券交易所,中华人民共和国,季报
501097,国寿安保科技创新混合(LOF),20210930,公司债券,16中电02,300000.0,30015000.0,0.0703,5,上海证券交易所,中华人民共和国,季报
501097,国寿安保科技创新混合(LOF),20200821,公司债券,16中电02,300000.0,30156000.0,0.0839,5,上海证券交易所,中华人民共和国,其他
009351,南方誉丰18个月持有期混合A,20210630,公司债券,16中电02,1000000.0,100120000.0,0.0328,2,上海证券交易所,中华人民共和国,年报(含半年报)
009351,南方誉丰18个月持有期混合A,20210930,公司债券,16中电02,1000000.0,100050000.0,0.0327,2,上海证券交易所,中华人民共和国,季报
501097,国寿安保科技创新混合(LOF),20210630,公司债券,16中电02,300000.0,30036000.0,0.0723,5,上海证券交易所,中华人民共和国,年报(含半年报)
501097,国寿安保科技创新混合(LOF),20200930,公司债券,16中电02,300000.0,30072000.0,0.082,5,上海证券交易所,中华人民共和国,季报
009351,南方誉丰18个月持有期混合A,20210331,公司债券,16中电02,1000000.0,100120000.0,0.0339,3,上海证券交易所,中华人民共和国,季报
009352,南方誉丰18个月持有期混合C,20201231,公司债券,16中电02,1000000.0,100090000.0,0.0338,3,上海证券交易所,中华人民共和国,年报(含半年报)
007104,易方达恒利3个月定期开放债券,20210630,公司债券,16中电02,1000000.0,100120000.0,0.0769,2,上海证券交易所,中华人民共和国,年报(含半年报)
501097,国寿安保科技创新混合(LOF),20210630,公司债券,16中电02,300000.0,30036000.0,0.0723,5,上海证券交易所,中华人民共和国,季报
009352,南方誉丰18个月持有期混合C,20200930,公司债券,16中电02,1000000.0,100240000.0,0.0355,3,上海证券交易所,中华人民共和国,季报
007104,易方达恒利3个月定期开放债券,20210630,公司债券,16中电02,1000000.0,100120000.0,0.0769,2,上海证券交易所,中华人民共和国,季报
009352,南方誉丰18个月持有期混合C,20210630,公司债券,16中电02,1000000.0,100120000.0,0.0328,2,上海证券交易所,中华人民共和国,季报
009351,南方誉丰18个月持有期混合A,20200930,公司债券,16中电02,1000000.0,100240000.0,0.0355,3,上海证券交易所,中华人民共和国,季报
009352,南方誉丰18个月持有期混合C,20210930,公司债券,16中电02,1000000.0,100050000.0,0.0327,2,上海证券交易所,中华人民共和国,季报
009351,南方誉丰18个月持有期混合A,20210630,公司债券,16中电02,1000000.0,100120000.0,0.0328,2,上海证券交易所,中华人民共和国,季报
009351,南方誉丰18个月持有期混合A,20201231,公司债券,16中电02,1000000.0,100090000.0,0.0338,3,上海证券交易所,中华人民共和国,季报
009351,南方誉丰18个月持有期混合A,20201231,公司债券,16中电02,1000000.0,100090000.0,0.0338,3,上海证券交易所,中华人民共和国,年报(含半年报)
009352,南方誉丰18个月持有期混合C,20210630,公司债券,16中电02,1000000.0,100120000.0,0.0328,2,上海证券交易所,中华人民共和国,年报(含半年报)
006799,财通资管鸿运中短债债券A,20201231,金融债券,16进出02,300000.0,30036000.0,0.0604,4,银行间市场,中华人民共和国,年报(含半年报)
009580,招商双债增强债券(LOF)D,20200630,金融债券,16进出02,1700000.0,170901000.0,0.024,2,银行间市场,中华人民共和国,年报(含半年报)
009580,招商双债增强债券(LOF)D,20200630,金融债券,16进出02,1700000.0,170901000.0,0.024,2,银行间市场,中华人民共和国,季报
008922,财通资管鸿运中短债债券E,20201231,金融债券,16进出02,300000.0,30036000.0,0.0604,4,银行间市场,中华人民共和国,年报(含半年报)
009422,工银瑞信彭博国开行债券1-3年指数C,20200930,金融债券,16进出02,2400000.0,240336000.0,0.0417,5,银行间市场,中华人民共和国,季报
007393,上银未来生活灵活配置混合A,20200331,金融债券,16进出02,170000.0,17181900.0,0.2093,1,银行间市场,中华人民共和国,季报
009535,南方升元中短期利率债债券C,20200930,金融债券,16进出02,300000.0,30042000.0,0.1496,3,银行间市场,中华人民共和国,季报
006800,财通资管鸿运中短债债券C,20201231,金融债券,16进出02,300000.0,30036000.0,0.0604,4,银行间市场,中华人民共和国,季报
003297,招商双债增强债券(LOF)E,20200630,金融债券,16进出02,1700000.0,170901000.0,0.024,2,银行间市场,中华人民共和国,季报
008922,财通资管鸿运中短债债券E,20201231,金融债券,16进出02,300000.0,30036000.0,0.0604,4,银行间市场,中华人民共和国,季报
009580,招商双债增强债券(LOF)D,20200930,金融债券,16进出02,1700000.0,170238000.0,0.0267,2,银行间市场,中华人民共和国,季报
007393,上银未来生活灵活配置混合A,20190930,金融债券,16进出02,470000.0,47131600.0,0.1528,1,银行间市场,中华人民共和国,季报
009421,工银瑞信彭博国开行债券1-3年指数A,20200930,金融债券,16进出02,2400000.0,240336000.0,0.0417,5,银行间市场,中华人民共和国,季报
007591,华夏恒益18个月定期开放债券,20200930,金融债券,16进出02,12300000.0,1231340062.27,0.194,2,银行间市场,中华人民共和国,季报
003297,招商双债增强债券(LOF)E,20200630,金融债券,16进出02,1700000.0,170901000.0,0.024,2,银行间市场,中华人民共和国,年报(含半年报)
006799,财通资管鸿运中短债债券A,20201231,金融债券,16进出02,300000.0,30036000.0,0.0604,4,银行间市场,中华人民共和国,季报
007591,华夏恒益18个月定期开放债券,20201231,金融债券,16进出02,12600000.0,1260509452.35,0.2026,2,银行间市场,中华人民共和国,季报
003297,招商双债增强债券(LOF)E,20201231,金融债券,16进出02,1700000.0,170204000.0,0.0319,2,银行间市场,中华人民共和国,季报
009580,招商双债增强债券(LOF)D,20201231,金融债券,16进出02,1700000.0,170204000.0,0.0319,2,银行间市场,中华人民共和国,季报
007393,上银未来生活灵活配置混合A,20191231,金融债券,16进出02,270000.0,27118800.0,0.1345,2,银行间市场,中华人民共和国,年报(含半年报)
007591,华夏恒益18个月定期开放债券,20201231,金融债券,16进出02,12600000.0,1260509452.35,0.2026,2,银行间市场,中华人民共和国,年报(含半年报)
003297,招商双债增强债券(LOF)E,20200930,金融债券,16进出02,1700000.0,170238000.0,0.0267,2,银行间市场,中华人民共和国,季报
009580,招商双债增强债券(LOF)D,20201231,金融债券,16进出02,1700000.0,170204000.0,0.0319,2,银行间市场,中华人民共和国,年报(含半年报)
006800,财通资管鸿运中短债债券C,20201231,金融债券,16进出02,300000.0,30036000.0,0.0604,4,银行间市场,中华人民共和国,年报(含半年报)
009534,南方升元中短期利率债债券A,20200930,金融债券,16进出02,300000.0,30042000.0,0.1496,3,银行间市场,中华人民共和国,季报
003297,招商双债增强债券(LOF)E,20201231,金融债券,16进出02,1700000.0,170204000.0,0.0319,2,银行间市场,中华人民共和国,年报(含半年报)
007393,上银未来生活灵活配置混合A,20191231,金融债券,16进出02,270000.0,27118800.0,0.1345,2,银行间市场,中华人民共和国,季报
003880,嘉实稳骏纯债债券,20210630,金融债券,20建设银行双创债,200000.0,20252000.0,0.0662,2,银行间市场,中华人民共和国,年报(含半年报)
004389,大成惠明纯债债券,20201231,金融债券,20建设银行双创债,600000.0,60288000.0,0.0938,3,银行间市场,中华人民共和国,年报(含半年报)
007644,华宝宝润纯债债券A,20210930,金融债券,20建设银行双创债,1500000.0,152730000.0,0.0744,5,银行间市场,中华人民共和国,季报
008756,民生加银瑞夏一年定期开放债券,20201231,金融债券,20建设银行双创债,800000.0,80384000.0,0.0805,5,银行间市场,中华人民共和国,季报
007914,财通资管丰和两年定期开放债券C,20211231,金融债券,20建设银行双创债,7600000.0,771343771.16,0.0963,3,银行间市场,中华人民共和国,季报
007914,财通资管丰和两年定期开放债券C,20211231,金融债券,20建设银行双创债,7600000.0,771343771.16,0.0963,3,银行间市场,中华人民共和国,年报(含半年报)
009524,宝盈聚福39个月定期开放债券C,20211231,金融债券,20建设银行双创债,4500000.0,450012768.44,0.0771,5,银行间市场,中华人民共和国,年报(含半年报)
007913,财通资管丰和两年定期开放债券A,20211231,金融债券,20建设银行双创债,7600000.0,771343771.16,0.0963,3,银行间市场,中华人民共和国,年报(含半年报)
009523,宝盈聚福39个月定期开放债券A,20210630,金融债券,20建设银行双创债,4500000.0,450016182.53,0.0774,5,银行间市场,中华人民共和国,年报(含半年报)
006964,中加颐瑾六个月定期开放债券C,20210930,金融债券,20建设银行双创债,1900000.0,193458000.0,0.0947,1,银行间市场,中华人民共和国,季报
009523,宝盈聚福39个月定期开放债券A,20211231,金融债券,20建设银行双创债,4500000.0,450012768.44,0.0771,5,银行间市场,中华人民共和国,季报
008288,长城嘉鑫两年定期开放债券C,20211231,金融债券,20建设银行双创债,7700000.0,781202573.43,0.0977,1,银行间市场,中华人民共和国,年报(含半年报)
007928,中加享润两年定期开放债券,20211231,金融债券,20建设银行双创债,7500000.0,760637080.19,0.0947,3,银行间市场,中华人民共和国,季报
007644,华宝宝润纯债债券A,20210630,金融债券,20建设银行双创债,1500000.0,151890000.0,0.0748,5,银行间市场,中华人民共和国,季报
008288,长城嘉鑫两年定期开放债券C,20211231,金融债券,20建设银行双创债,7700000.0,781202573.43,0.0977,1,银行间市场,中华人民共和国,季报
006963,中加颐瑾六个月定期开放债券A,20210630,金融债券,20建设银行双创债,1900000.0,192394000.0,0.095,1,银行间市场,中华人民共和国,季报
008825,民生加银瑞盈纯债一年定期开放债券,20201231,金融债券,20建设银行双创债,200000.0,20096000.0,0.0945,5,银行间市场,中华人民共和国,年报(含半年报)
008496,国泰惠瑞一年定期开放债券,20211231,金融债券,20建设银行双创债,300000.0,30432000.0,0.0933,5,银行间市场,中华人民共和国,季报
009523,宝盈聚福39个月定期开放债券A,20201231,金融债券,20建设银行双创债,4500000.0,450019494.31,0.0774,5,银行间市场,中华人民共和国,年报(含半年报)
007928,中加享润两年定期开放债券,20211231,金融债券,20建设银行双创债,7500000.0,760637080.19,0.0947,3,银行间市场,中华人民共和国,年报(含半年报)
009524,宝盈聚福39个月定期开放债券C,20211231,金融债券,20建设银行双创债,4500000.0,450012768.44,0.0771,5,银行间市场,中华人民共和国,季报
009523,宝盈聚福39个月定期开放债券A,20210630,金融债券,20建设银行双创债,4500000.0,450016182.53,0.0774,5,银行间市场,中华人民共和国,季报
009523,宝盈聚福39个月定期开放债券A,20211231,金融债券,20建设银行双创债,4500000.0,450012768.44,0.0771,5,银行间市场,中华人民共和国,年报(含半年报)
008687,大成景优中短债债券C,20201231,金融债券,20建设银行双创债,200000.0,20096000.0,0.0983,3,银行间市场,中华人民共和国,季报
008686,大成景优中短债债券A,20201231,金融债券,20建设银行双创债,200000.0,20096000.0,0.0983,3,银行间市场,中华人民共和国,年报(含半年报)
007173,招商添旭3个月定期开放债券A,20210930,金融债券,20建设银行双创债,500000.0,50910000.0,0.0496,5,银行间市场,中华人民共和国,季报
006963,中加颐瑾六个月定期开放债券A,20210630,金融债券,20建设银行双创债,1900000.0,192394000.0,0.095,1,银行间市场,中华人民共和国,年报(含半年报)
007644,华宝宝润纯债债券A,20211231,金融债券,20建设银行双创债,1500000.0,152160000.0,0.0753,5,银行间市场,中华人民共和国,年报(含半年报)
008496,国泰惠瑞一年定期开放债券,20211231,金融债券,20建设银行双创债,300000.0,30432000.0,0.0933,5,银行间市场,中华人民共和国,年报(含半年报)
003880,嘉实稳骏纯债债券,20210930,金融债券,20建设银行双创债,200000.0,20364000.0,0.0659,2,银行间市场,中华人民共和国,季报
009524,宝盈聚福39个月定期开放债券C,20210630,金融债券,20建设银行双创债,4500000.0,450016182.53,0.0774,5,银行间市场,中华人民共和国,年报(含半年报)
008287,长城嘉鑫两年定期开放债券A,20211231,金融债券,20建设银行双创债,7700000.0,781202573.43,0.0977,1,银行间市场,中华人民共和国,季报
009523,宝盈聚福39个月定期开放债券A,20210930,金融债券,20建设银行双创债,4500000.0,450014481.49,0.0774,5,银行间市场,中华人民共和国,季报
006964,中加颐瑾六个月定期开放债券C,20210630,金融债券,20建设银行双创债,1900000.0,192394000.0,0.095,1,银行间市场,中华人民共和国,季报
007644,华宝宝润纯债债券A,20211231,金融债券,20建设银行双创债,1500000.0,152160000.0,0.0753,5,银行间市场,中华人民共和国,季报
008756,民生加银瑞夏一年定期开放债券,20211231,金融债券,20建设银行双创债,900000.0,91296000.0,0.088,4,银行间市场,中华人民共和国,季报
007644,华宝宝润纯债债券A,20210630,金融债券,20建设银行双创债,1500000.0,151890000.0,0.0748,5,银行间市场,中华人民共和国,年报(含半年报)
008756,民生加银瑞夏一年定期开放债券,20211231,金融债券,20建设银行双创债,900000.0,91296000.0,0.088,4,银行间市场,中华人民共和国,年报(含半年报)
009524,宝盈聚福39个月定期开放债券C,20210331,金融债券,20建设银行双创债,4500000.0,450017853.31,0.0773,5,银行间市场,中华人民共和国,季报
006963,中加颐瑾六个月定期开放债券A,20210930,金融债券,20建设银行双创债,1900000.0,193458000.0,0.0947,1,银行间市场,中华人民共和国,季报
009524,宝盈聚福39个月定期开放债券C,20210630,金融债券,20建设银行双创债,4500000.0,450016182.53,0.0774,5,银行间市场,中华人民共和国,季报
003880,嘉实稳骏纯债债券,20210630,金融债券,20建设银行双创债,200000.0,20252000.0,0.0662,2,银行间市场,中华人民共和国,季报
009524,宝盈聚福39个月定期开放债券C,20201231,金融债券,20建设银行双创债,4500000.0,450019494.31,0.0774,5,银行间市场,中华人民共和国,季报
008825,民生加银瑞盈纯债一年定期开放债券,20201231,金融债券,20建设银行双创债,200000.0,20096000.0,0.0945,5,银行间市场,中华人民共和国,季报
006964,中加颐瑾六个月定期开放债券C,20210630,金融债券,20建设银行双创债,1900000.0,192394000.0,0.095,1,银行间市场,中华人民共和国,年报(含半年报)
008756,民生加银瑞夏一年定期开放债券,20201231,金融债券,20建设银行双创债,800000.0,80384000.0,0.0805,5,银行间市场,中华人民共和国,年报(含半年报)
009523,宝盈聚福39个月定期开放债券A,20210331,金融债券,20建设银行双创债,4500000.0,450017853.31,0.0773,5,银行间市场,中华人民共和国,季报
009524,宝盈聚福39个月定期开放债券C,20201231,金融债券,20建设银行双创债,4500000.0,450019494.31,0.0774,5,银行间市场,中华人民共和国,年报(含半年报)
008687,大成景优中短债债券C,20201231,金融债券,20建设银行双创债,200000.0,20096000.0,0.0983,3,银行间市场,中华人民共和国,年报(含半年报)
009523,宝盈聚福39个月定期开放债券A,20201231,金融债券,20建设银行双创债,4500000.0,450019494.31,0.0774,5,银行间市场,中华人民共和国,季报
008686,大成景优中短债债券A,20201231,金融债券,20建设银行双创债,200000.0,20096000.0,0.0983,3,银行间市场,中华人民共和国,季报
007174,招商添旭3个月定期开放债C,20210930,金融债券,20建设银行双创债,500000.0,50910000.0,0.0496,5,银行间市场,中华人民共和国,季报
008287,长城嘉鑫两年定期开放债券A,20211231,金融债券,20建设银行双创债,7700000.0,781202573.43,0.0977,1,银行间市场,中华人民共和国,年报(含半年报)
007913,财通资管丰和两年定期开放债券A,20211231,金融债券,20建设银行双创债,7600000.0,771343771.16,0.0963,3,银行间市场,中华人民共和国,季报
009524,宝盈聚福39个月定期开放债券C,20210930,金融债券,20建设银行双创债,4500000.0,450014481.49,0.0774,5,银行间市场,中华人民共和国,季报
004389,大成惠明纯债债券,20201231,金融债券,20建设银行双创债,600000.0,60288000.0,0.0938,3,银行间市场,中华人民共和国,季报
007925,平安鑫享混合E,20190930,中期票据,18远洋集团MTN002,200000.0,20806000.0,0.0562,4,银行间市场,中华人民共和国,季报
007925,平安鑫享混合E,20191231,中期票据,18远洋集团MTN002,200000.0,20758000.0,0.0644,3,银行间市场,中华人民共和国,年报(含半年报)
002282,平安安享灵活配置混合A,20190930,中期票据,18远洋集团MTN002,200000.0,20806000.0,0.0699,1,银行间市场,中华人民共和国,季报
007925,平安鑫享混合E,20191231,中期票据,18远洋集团MTN002,200000.0,20758000.0,0.0644,3,银行间市场,中华人民共和国,季报
007663,平安安享灵活配置混合C,20190930,中期票据,18远洋集团MTN002,200000.0,20806000.0,0.0699,1,银行间市场,中华人民共和国,季报
010325,申万菱信收益宝货币E,20211231,同业存单,21宁波通商银行CD492,200000.0,19926750.06,0.0022,47,银行间市场,中华人民共和国,年报(含半年报)
010119,天弘多元收益债券C,20201231,公司债券,17广电01,200000.0,20502000.0,0.0691,1,上海证券交易所,中华人民共和国,年报(含半年报)
008068,圆信永丰丰和中短债债券C,20210331,公司债券,17广电01,99500.0,10183825.0,0.0945,2,上海证券交易所,中华人民共和国,季报
010119,天弘多元收益债券C,20210331,公司债券,17广电01,100000.0,10235000.0,0.0481,2,上海证券交易所,中华人民共和国,季报
010118,天弘多元收益债券A,20201231,公司债券,17广电01,200000.0,20502000.0,0.0691,1,上海证券交易所,中华人民共和国,季报
008067,圆信永丰丰和中短债债券A,20210331,公司债券,17广电01,99500.0,10183825.0,0.0945,2,上海证券交易所,中华人民共和国,季报
008067,圆信永丰丰和中短债债券A,20210630,公司债券,17广电01,99500.0,10156960.0,0.0959,1,上海证券交易所,中华人民共和国,年报(含半年报)
010119,天弘多元收益债券C,20201231,公司债券,17广电01,200000.0,20502000.0,0.0691,1,上海证券交易所,中华人民共和国,季报
010118,天弘多元收益债券A,20201231,公司债券,17广电01,200000.0,20502000.0,0.0691,1,上海证券交易所,中华人民共和国,年报(含半年报)
008068,圆信永丰丰和中短债债券C,20211231,公司债券,17广电01,99500.0,10083330.0,0.0944,4,上海证券交易所,中华人民共和国,年报(含半年报)
008068,圆信永丰丰和中短债债券C,20210630,公司债券,17广电01,99500.0,10156960.0,0.0959,1,上海证券交易所,中华人民共和国,季报
008068,圆信永丰丰和中短债债券C,20210630,公司债券,17广电01,99500.0,10156960.0,0.0959,1,上海证券交易所,中华人民共和国,年报(含半年报)
008068,圆信永丰丰和中短债债券C,20211231,公司债券,17广电01,99500.0,10083330.0,0.0944,4,上海证券交易所,中华人民共和国,季报
008068,圆信永丰丰和中短债债券C,20210930,公司债券,17广电01,99500.0,10123130.0,0.0953,1,上海证券交易所,中华人民共和国,季报
008067,圆信永丰丰和中短债债券A,20211231,公司债券,17广电01,99500.0,10083330.0,0.0944,4,上海证券交易所,中华人民共和国,季报
008067,圆信永丰丰和中短债债券A,20211231,公司债券,17广电01,99500.0,10083330.0,0.0944,4,上海证券交易所,中华人民共和国,年报(含半年报)
008067,圆信永丰丰和中短债债券A,20210930,公司债券,17广电01,99500.0,10123130.0,0.0953,1,上海证券交易所,中华人民共和国,季报
008067,圆信永丰丰和中短债债券A,20210630,公司债券,17广电01,99500.0,10156960.0,0.0959,1,上海证券交易所,中华人民共和国,季报
010118,天弘多元收益债券A,20210331,公司债券,17广电01,100000.0,10235000.0,0.0481,2,上海证券交易所,中华人民共和国,季报
008864,鑫元中短债债券A,20210331,超短期融资券,20蚌埠投资SCP002,200000.0,20138000.0,0.0898,2,银行间市场,中华人民共和国,季报
008865,鑫元中短债债券C,20201231,超短期融资券,20蚌埠投资SCP002,200000.0,20064000.0,0.0939,3,银行间市场,中华人民共和国,年报(含半年报)
008865,鑫元中短债债券C,20210331,超短期融资券,20蚌埠投资SCP002,200000.0,20138000.0,0.0898,2,银行间市场,中华人民共和国,季报
008865,鑫元中短债债券C,20201231,超短期融资券,20蚌埠投资SCP002,200000.0,20064000.0,0.0939,3,银行间市场,中华人民共和国,季报
008864,鑫元中短债债券A,20201231,超短期融资券,20蚌埠投资SCP002,200000.0,20064000.0,0.0939,3,银行间市场,中华人民共和国,年报(含半年报)
008864,鑫元中短债债券A,20201231,超短期融资券,20蚌埠投资SCP002,200000.0,20064000.0,0.0939,3,银行间市场,中华人民共和国,季报
008726,平安添裕债券A,20200930,中期票据,18成都高新MTN001,570000.0,58254000.0,0.03,5,银行间市场,中华人民共和国,季报
008727,平安添裕债券C,20201231,中期票据,18成都高新MTN001,500000.0,50800000.0,0.036,3,银行间市场,中华人民共和国,年报(含半年报)
004672,华夏短债债券A,20201231,中期票据,18成都高新MTN001,800000.0,81280000.0,0.0268,5,银行间市场,中华人民共和国,年报(含半年报)
008726,平安添裕债券A,20201231,中期票据,18成都高新MTN001,500000.0,50800000.0,0.036,3,银行间市场,中华人民共和国,年报(含半年报)
008727,平安添裕债券C,20201231,中期票据,18成都高新MTN001,500000.0,50800000.0,0.036,3,银行间市场,中华人民共和国,季报
008726,平安添裕债券A,20201231,中期票据,18成都高新MTN001,500000.0,50800000.0,0.036,3,银行间市场,中华人民共和国,季报
010169,天弘安利短债债券C,20210630,中期票据,18成都高新MTN001,300000.0,30399000.0,0.0368,3,银行间市场,中华人民共和国,年报(含半年报)
004673,华夏短债债券C,20201231,中期票据,18成都高新MTN001,800000.0,81280000.0,0.0268,5,银行间市场,中华人民共和国,年报(含半年报)
010168,天弘安利短债债券A,20210630,中期票据,18成都高新MTN001,300000.0,30399000.0,0.0368,3,银行间市场,中华人民共和国,季报
010168,天弘安利短债债券A,20210630,中期票据,18成都高新MTN001,300000.0,30399000.0,0.0368,3,银行间市场,中华人民共和国,年报(含半年报)
004672,华夏短债债券A,20201231,中期票据,18成都高新MTN001,800000.0,81280000.0,0.0268,5,银行间市场,中华人民共和国,季报
004673,华夏短债债券C,20201231,中期票据,18成都高新MTN001,800000.0,81280000.0,0.0268,5,银行间市场,中华人民共和国,季报
008212,华夏新机遇灵活配置混合C,20200331,中期票据,18成都高新MTN001,100000.0,10454000.0,0.0331,2,银行间市场,中华人民共和国,季报
008727,平安添裕债券C,20200930,中期票据,18成都高新MTN001,570000.0,58254000.0,0.03,5,银行间市场,中华人民共和国,季报
010169,天弘安利短债债券C,20210630,中期票据,18成都高新MTN001,300000.0,30399000.0,0.0368,3,银行间市场,中华人民共和国,季报
006853,中银汇享债券,20211231,中期票据,21中电投MTN003,600000.0,60888000.0,0.062,4,银行间市场,中华人民共和国,年报(含半年报)
006853,中银汇享债券,20211231,中期票据,21中电投MTN003,600000.0,60888000.0,0.062,4,银行间市场,中华人民共和国,季报
007520,富安达富利纯债债券A,20210331,企业债券,14内江投资债,300000.0,6099000.0,0.0723,3,银行间市场,中华人民共和国,季报
007520,富安达富利纯债债券A,20200630,企业债券,14内江投资债,300000.0,6177000.0,0.0642,4,银行间市场,中华人民共和国,年报(含半年报)
007520,富安达富利纯债债券A,20200930,企业债券,14内江投资债,300000.0,6144000.0,0.0688,3,银行间市场,中华人民共和国,季报
007520,富安达富利纯债债券A,20200630,企业债券,14内江投资债,300000.0,6177000.0,0.0642,4,银行间市场,中华人民共和国,季报
009605,安信永顺一年定期开放债券,20210630,地方政府债券,北京1508,8000.0,804160.0,0.0766,5,深圳证券交易所,中华人民共和国,年报(含半年报)
009605,安信永顺一年定期开放债券,20210630,地方政府债券,北京1508,8000.0,804160.0,0.0766,5,深圳证券交易所,中华人民共和国,季报
008751,大成全球美元债债券(QDII)A,20210630,企业债,GRNCH 4.7 04/29/25,2000000.0,13021752.77,0.0658,4,美国交易报告与合规引擎系统,,年报(含半年报)
008752,大成全球美元债债券(QDII)C,20210630,企业债,GRNCH 4.7 04/29/25,2000000.0,13021752.77,0.0658,4,美国交易报告与合规引擎系统,,季报
008752,大成全球美元债债券(QDII)C,20210630,企业债,GRNCH 4.7 04/29/25,2000000.0,13021752.77,0.0658,4,美国交易报告与合规引擎系统,,年报(含半年报)
008751,大成全球美元债债券(QDII)A,20210630,企业债,GRNCH 4.7 04/29/25,2000000.0,13021752.77,0.0658,4,美国交易报告与合规引擎系统,,季报
001619,兴银汇福定期开放债券,20200331,企业债券,20华发集团01,300000.0,30609000.0,0.0568,4,银行间市场,中华人民共和国,季报
002489,国泰民福策略价值灵活配置混合A,20191231,同业存单,19民生银行CD519,200000.0,19856000.0,0.0688,3,银行间市场,中华人民共和国,季报
002197,国泰鑫策略价值灵活配置混合,20191231,同业存单,19民生银行CD519,200000.0,19856000.0,0.0901,2,银行间市场,中华人民共和国,季报
002489,国泰民福策略价值灵活配置混合A,20191231,同业存单,19民生银行CD519,200000.0,19856000.0,0.0688,3,银行间市场,中华人民共和国,年报(含半年报)
002197,国泰鑫策略价值灵活配置混合,20191231,同业存单,19民生银行CD519,200000.0,19856000.0,0.0901,2,银行间市场,中华人民共和国,年报(含半年报)
485118,工银瑞信7天理财债券A,20190630,超短期融资券,19宝钢SCP008,1500000.0,149960693.94,0.019,6,银行间市场,中华人民共和国,年报(含半年报)
485018,工银瑞信7天理财债券B,20190630,超短期融资券,19宝钢SCP008,1500000.0,149960693.94,0.019,6,银行间市场,中华人民共和国,季报
485018,工银瑞信7天理财债券B,20190630,超短期融资券,19宝钢SCP008,1500000.0,149960693.94,0.019,6,银行间市场,中华人民共和国,年报(含半年报)
485118,工银瑞信7天理财债券A,20190630,超短期融资券,19宝钢SCP008,1500000.0,149960693.94,0.019,6,银行间市场,中华人民共和国,季报
007347,永赢昌利债券A,20211231,金融债券,21广发银行小微债,900000.0,90540000.0,0.0148,4,银行间市场,中华人民共和国,年报(含半年报)
007295,天弘安益债券A,20211231,金融债券,21广发银行小微债,1200000.0,120720000.0,0.0907,4,银行间市场,中华人民共和国,年报(含半年报)
008479,景顺长城泰申回报混合,20211231,金融债券,21广发银行小微债,300000.0,30180000.0,0.036,3,银行间市场,中华人民共和国,季报
006885,汇添富AAA级信用纯债债券C,20211231,金融债券,21广发银行小微债,2800000.0,281680000.0,0.0424,1,银行间市场,中华人民共和国,季报
007348,永赢昌利债券C,20211231,金融债券,21广发银行小微债,900000.0,90540000.0,0.0148,4,银行间市场,中华人民共和国,年报(含半年报)
007296,天弘安益债券C,20211231,金融债券,21广发银行小微债,1200000.0,120720000.0,0.0907,4,银行间市场,中华人民共和国,年报(含半年报)
007295,天弘安益债券A,20211231,金融债券,21广发银行小微债,1200000.0,120720000.0,0.0907,4,银行间市场,中华人民共和国,季报
007348,永赢昌利债券C,20211231,金融债券,21广发银行小微债,900000.0,90540000.0,0.0148,4,银行间市场,中华人民共和国,季报
008479,景顺长城泰申回报混合,20211231,金融债券,21广发银行小微债,300000.0,30180000.0,0.036,3,银行间市场,中华人民共和国,年报(含半年报)
006884,汇添富AAA级信用纯债债券A,20211231,金融债券,21广发银行小微债,2800000.0,281680000.0,0.0424,1,银行间市场,中华人民共和国,季报
007347,永赢昌利债券A,20211231,金融债券,21广发银行小微债,900000.0,90540000.0,0.0148,4,银行间市场,中华人民共和国,季报
008687,大成景优中短债债券C,20211231,金融债券,21广发银行小微债,5800000.0,583480000.0,0.0855,3,银行间市场,中华人民共和国,年报(含半年报)
006885,汇添富AAA级信用纯债债券C,20211231,金融债券,21广发银行小微债,2800000.0,281680000.0,0.0424,1,银行间市场,中华人民共和国,年报(含半年报)
008686,大成景优中短债债券A,20211231,金融债券,21广发银行小微债,5800000.0,583480000.0,0.0855,3,银行间市场,中华人民共和国,年报(含半年报)
008686,大成景优中短债债券A,20211231,金融债券,21广发银行小微债,5800000.0,583480000.0,0.0855,3,银行间市场,中华人民共和国,季报
003163,金鹰添益3个月定期开放债券,20211231,金融债券,21广发银行小微债,1700000.0,171020000.0,0.0785,3,银行间市场,中华人民共和国,季报
008687,大成景优中短债债券C,20211231,金融债券,21广发银行小微债,5800000.0,583480000.0,0.0855,3,银行间市场,中华人民共和国,季报
006884,汇添富AAA级信用纯债债券A,20211231,金融债券,21广发银行小微债,2800000.0,281680000.0,0.0424,1,银行间市场,中华人民共和国,年报(含半年报)
007296,天弘安益债券C,20211231,金融债券,21广发银行小微债,1200000.0,120720000.0,0.0907,4,银行间市场,中华人民共和国,季报
007396,广发景辉纯债债券,20211231,金融债券,21广发银行小微债,1000000.0,100600000.0,0.0983,1,银行间市场,中华人民共和国,年报(含半年报)
003163,金鹰添益3个月定期开放债券,20211231,金融债券,21广发银行小微债,1700000.0,171020000.0,0.0785,3,银行间市场,中华人民共和国,年报(含半年报)
007396,广发景辉纯债债券,20211231,金融债券,21广发银行小微债,1000000.0,100600000.0,0.0983,1,银行间市场,中华人民共和国,季报
006601,国融融泰灵活配置混合A,20190630,国债现货,19国债01,171850.0,17171252.0,0.1192,1,上海证券交易所,中华人民共和国,年报(含半年报)
007733,南方智锐混合A,20191231,国债现货,19国债01,100000.0,10006000.0,0.0019,3,上海证券交易所,中华人民共和国,季报
541005,汇丰晋信平稳增利中短债债券C,20190630,国债现货,19国债01,40000.0,3996800.0,0.0428,3,上海证券交易所,中华人民共和国,年报(含半年报)
006315,国联策略优选混合C,20191231,国债现货,19国债01,81370.0,8141882.2,0.0503,1,上海证券交易所,中华人民共和国,年报(含半年报)
002714,鹏华金城灵活配置混合,20190606,国债现货,19国债01,703070.0,70222631.6,0.1014,1,上海证券交易所,中华人民共和国,季报
519663,银河久益回报6个月定期开放债券C,20190630,国债现货,19国债01,1100000.0,109912000.0,0.0429,3,上海证券交易所,中华人民共和国,季报
007243,安信核心竞争力灵活配置混合A,20191231,国债现货,19国债01,33190.0,3320991.4,0.0427,1,上海证券交易所,中华人民共和国,年报(含半年报)
004513,海富通沪深300指数增强A,20191231,国债现货,19国债01,3590.0,359215.4,0.034,1,上海证券交易所,中华人民共和国,季报
519937,长信先锐混合A,20190930,国债现货,19国债01,17320.0,1731826.8,0.1643,2,上海证券交易所,中华人民共和国,季报
160217,国泰信用互利债券A,20190331,国债现货,19国债01,130000.0,12994800.0,0.0531,2,上海证券交易所,中华人民共和国,季报
007159,南方富元稳健养老目标一年持有期混合(FOF)A,20190930,国债现货,19国债01,200000.0,19998000.0,0.0425,1,上海证券交易所,中华人民共和国,季报
007241,中欧预见养老目标日期2050五年持有期混合(FOF)A,20190930,国债现货,19国债01,7000.0,699930.0,0.0598,1,上海证券交易所,中华人民共和国,季报
007020,华安添鑫中短债债券C,20190630,国债现货,19国债01,32520.0,3249398.4,0.3148,1,上海证券交易所,中华人民共和国,年报(含半年报)
003275,国联安添利增长债券A,20191231,国债现货,19国债01,11000.0,1100660.0,0.0526,4,上海证券交易所,中华人民共和国,年报(含半年报)
006432,汇安鼎利纯债债券C,20190630,国债现货,19国债01,70000.0,6994400.0,0.5023,1,上海证券交易所,中华人民共和国,年报(含半年报)
160217,国泰信用互利债券A,20191231,国债现货,19国债01,106000.0,10606360.0,0.0674,1,上海证券交易所,中华人民共和国,季报
519942,长信利率债债券C,20190930,国债现货,19国债01,120000.0,11998800.0,0.4224,1,上海证券交易所,中华人民共和国,季报
519937,长信先锐混合A,20190331,国债现货,19国债01,22000.0,2199120.0,0.1437,2,上海证券交易所,中华人民共和国,季报
006124,国联高股息精选混合C,20191231,国债现货,19国债01,442150.0,44241529.0,0.0502,1,上海证券交易所,中华人民共和国,季报
007733,南方智锐混合A,20191231,国债现货,19国债01,100000.0,10006000.0,0.0019,3,上海证券交易所,中华人民共和国,年报(含半年报)
007242,中欧预见养老目标日期2050五年持有期混合(FOF)C,20190930,国债现货,19国债01,7000.0,699930.0,0.0598,1,上海证券交易所,中华人民共和国,季报
006902,长盛安鑫中短债债券A,20190630,国债现货,19国债01,410000.0,40967200.0,0.0601,5,上海证券交易所,中华人民共和国,季报
002769,兴业短债债券C,20190630,国债现货,19国债01,160000.0,15987200.0,0.1287,1,上海证券交易所,中华人民共和国,年报(含半年报)
007577,宝盈祥瑞混合C,20190930,国债现货,19国债01,70000.0,6999300.0,0.3299,1,上海证券交易所,中华人民共和国,季报
006307,嘉实养老目标日期2040五年持有期混合(FOF)A,20191231,国债现货,19国债01,1340.0,134080.4,0.0031,2,上海证券交易所,中华人民共和国,年报(含半年报)
003957,安信量化精选沪深300指数增强A,20191231,国债现货,19国债01,21000.0,2101260.0,0.0189,1,上海证券交易所,中华人民共和国,年报(含半年报)
007243,安信核心竞争力灵活配置混合A,20191231,国债现货,19国债01,33190.0,3320991.4,0.0427,1,上海证券交易所,中华人民共和国,季报
007144,国投瑞银沪深300指数量化增强C,20190930,国债现货,19国债01,200000.0,19998000.0,0.1094,1,上海证券交易所,中华人民共和国,季报
002338,兴业优债增利债券A,20190930,国债现货,19国债01,161200.0,16118388.0,0.3874,1,上海证券交易所,中华人民共和国,季报
007575,宝盈祥泰混合C,20191231,国债现货,19国债01,130000.0,13007800.0,0.0756,3,上海证券交易所,中华人民共和国,季报
006861,招商和悦稳健养老目标一年持有期混合(FOF)A,20191231,国债现货,19国债01,425090.0,42534505.4,0.0483,1,上海证券交易所,中华人民共和国,季报
006734,国金惠鑫短债债券A,20190630,国债现货,19国债01,31030.0,3100517.6,0.0494,4,上海证券交易所,中华人民共和国,季报
519662,银河久益回报6个月定期开放债券A,20190624,国债现货,19国债01,1100000.0,109879000.0,0.0381,4,上海证券交易所,中华人民共和国,年报(含半年报)
005308,财通资管鸿达纯债债券C,20190331,国债现货,19国债01,62000.0,6197520.0,0.052,4,上海证券交易所,中华人民共和国,季报
002197,国泰鑫策略价值灵活配置混合,20190930,国债现货,19国债01,213330.0,21330866.7,0.1004,1,上海证券交易所,中华人民共和国,季报
004512,海富通沪深300指数增强C,20190930,国债现货,19国债01,13950.0,1394860.5,0.152,1,上海证券交易所,中华人民共和国,季报
006902,长盛安鑫中短债债券A,20190630,国债现货,19国债01,410000.0,40967200.0,0.0601,5,上海证券交易所,中华人民共和国,年报(含半年报)
004218,前海开源裕和混合A,20190930,国债现货,19国债01,150000.0,14998500.0,0.0523,5,上海证券交易所,中华人民共和国,季报
007395,东兴兴财短债债券C,20191231,国债现货,19国债01,287280.0,28745236.8,0.247,1,上海证券交易所,中华人民共和国,季报
006808,西部利得添盈短债债券E,20191231,国债现货,19国债01,20000.0,2001200.0,0.2257,2,上海证券交易所,中华人民共和国,季报
000006,西部利得量化成长混合A,20190930,国债现货,19国债01,40000.0,3999600.0,0.0322,1,上海证券交易所,中华人民共和国,季报
003124,天治鑫利纯债债券C,20190630,国债现货,19国债01,15000.0,1498800.0,0.207,2,上海证券交易所,中华人民共和国,季报
003205,财通可转债债券C,20190630,国债现货,19国债01,10000.0,999200.0,0.052,4,上海证券交易所,中华人民共和国,季报
002338,兴业优债增利债券A,20191231,国债现货,19国债01,119700.0,11977182.0,0.3523,1,上海证券交易所,中华人民共和国,年报(含半年报)
519937,长信先锐混合A,20190630,国债现货,19国债01,22420.0,2240206.4,0.1992,2,上海证券交易所,中华人民共和国,季报
007502,前海开源裕和混合C,20190630,国债现货,19国债01,13500.0,1348920.0,0.0511,3,上海证券交易所,中华人民共和国,季报
002714,鹏华金城灵活配置混合,20190630,国债现货,19国债01,568620.0,56816510.4,0.0872,1,上海证券交易所,中华人民共和国,季报
007119,睿远成长价值混合A,20190630,国债现货,19国债01,1898740.0,189722100.8,0.0322,1,上海证券交易所,中华人民共和国,季报
004596,中科沃土沃安中短期利率债债券A,20191231,国债现货,19国债01,50000.0,5003000.0,0.0943,4,上海证券交易所,中华人民共和国,季报
002337,创金合信季安鑫3个月持有期债券A,20190930,国债现货,19国债01,650.0,64993.5,0.9714,1,上海证券交易所,中华人民共和国,季报
003958,安信量化精选沪深300指数增强C,20191231,国债现货,19国债01,21000.0,2101260.0,0.0189,1,上海证券交易所,中华人民共和国,季报
001879,长城创业板指数增强A,20190930,国债现货,19国债01,30000.0,2999700.0,0.0325,1,上海证券交易所,中华人民共和国,季报
006431,汇安鼎利纯债债券A,20190630,国债现货,19国债01,70000.0,6994400.0,0.5023,1,上海证券交易所,中华人民共和国,季报
002769,兴业短债债券C,20190630,国债现货,19国债01,160000.0,15987200.0,0.1287,1,上海证券交易所,中华人民共和国,季报
007262,东方红聚利债券A,20191231,国债现货,19国债01,801640.0,80212098.4,0.0566,3,上海证券交易所,中华人民共和国,年报(含半年报)
540005,汇丰晋信平稳增利中短债债券A,20190630,国债现货,19国债01,40000.0,3996800.0,0.0428,3,上海证券交易所,中华人民共和国,季报
007394,东兴兴财短债债券A,20191231,国债现货,19国债01,287280.0,28745236.8,0.247,1,上海证券交易所,中华人民共和国,季报
004513,海富通沪深300指数增强A,20191231,国债现货,19国债01,3590.0,359215.4,0.034,1,上海证券交易所,中华人民共和国,年报(含半年报)
006845,中信建投聚利混合C,20190930,国债现货,19国债01,60000.0,5999400.0,0.1622,2,上海证券交易所,中华人民共和国,季报
519937,长信先锐混合A,20190630,国债现货,19国债01,22420.0,2240206.4,0.1992,2,上海证券交易所,中华人民共和国,年报(含半年报)
007522,南方理财金交易货币E,20190630,国债现货,19国债01,2700000.0,269850052.17,0.0246,5,上海证券交易所,中华人民共和国,季报
720002,财通可转债债券A,20190630,国债现货,19国债01,10000.0,999200.0,0.052,4,上海证券交易所,中华人民共和国,年报(含半年报)
006807,西部利得添盈短债债券C,20191231,国债现货,19国债01,20000.0,2001200.0,0.2257,2,上海证券交易所,中华人民共和国,年报(含半年报)
004908,长安泓沣中短债债券C,20190930,国债现货,19国债01,43000.0,4299570.0,0.0653,2,上海证券交易所,中华人民共和国,季报
007085,招商瑞庆灵活配置混合C,20190930,国债现货,19国债01,259850.0,25982401.5,0.0573,1,上海证券交易所,中华人民共和国,季报
006735,国金惠鑫短债债券C,20190630,国债现货,19国债01,31030.0,3100517.6,0.0494,4,上海证券交易所,中华人民共和国,年报(含半年报)
006862,招商和悦稳健养老目标一年持有期混合(FOF)C,20191231,国债现货,19国债01,425090.0,42534505.4,0.0483,1,上海证券交易所,中华人民共和国,年报(含半年报)
007034,中科沃土沃安中短期利率债债券C,20191231,国债现货,19国债01,50000.0,5003000.0,0.0943,4,上海证券交易所,中华人民共和国,年报(含半年报)
003957,安信量化精选沪深300指数增强A,20191231,国债现货,19国债01,21000.0,2101260.0,0.0189,1,上海证券交易所,中华人民共和国,季报
003123,天治鑫利纯债债券A,20191231,国债现货,19国债01,40600.0,4062436.0,0.761,1,上海证券交易所,中华人民共和国,季报
519335,浦银安盛盛勤3个月定期开放债券C,20190331,国债现货,19国债01,50000.0,4998000.0,0.0942,4,上海证券交易所,中华人民共和国,季报
000674,中海中短债债券,20190930,国债现货,19国债01,182000.0,18198180.0,0.4387,2,上海证券交易所,中华人民共和国,季报
000195,工银瑞信成长收益混合A,20191231,国债现货,19国债01,150000.0,15009000.0,0.0579,5,上海证券交易所,中华人民共和国,年报(含半年报)
006314,国联策略优选混合A,20190930,国债现货,19国债01,81500.0,8149185.0,0.0542,1,上海证券交易所,中华人民共和国,季报
006862,招商和悦稳健养老目标一年持有期混合(FOF)C,20190630,国债现货,19国债01,416030.0,41569717.6,0.0506,1,上海证券交易所,中华人民共和国,年报(含半年报)
001879,长城创业板指数增强A,20190630,国债现货,19国债01,30000.0,2997600.0,0.0361,1,上海证券交易所,中华人民共和国,季报
004512,海富通沪深300指数增强C,20191231,国债现货,19国债01,3590.0,359215.4,0.034,1,上海证券交易所,中华人民共和国,季报
001879,长城创业板指数增强A,20190630,国债现货,19国债01,30000.0,2997600.0,0.0361,1,上海证券交易所,中华人民共和国,年报(含半年报)
007034,中科沃土沃安中短期利率债债券C,20191231,国债现货,19国债01,50000.0,5003000.0,0.0943,4,上海证券交易所,中华人民共和国,季报
004673,华夏短债债券C,20190630,国债现货,19国债01,144000.0,14388480.0,0.2028,1,上海证券交易所,中华人民共和国,年报(含半年报)
002197,国泰鑫策略价值灵活配置混合,20191231,国债现货,19国债01,213330.0,21345799.8,0.0968,1,上海证券交易所,中华人民共和国,季报
007338,新疆前海联合泳辉纯债债券C,20190930,国债现货,19国债01,100000.0,9999000.0,0.029,4,上海证券交易所,中华人民共和国,季报
160718,嘉实多利收益债券A,20190930,国债现货,19国债01,207100.0,20707929.0,0.3011,2,上海证券交易所,中华人民共和国,季报
006650,招商安庆债券,20190630,国债现货,19国债01,108730.0,10864301.6,0.0522,2,上海证券交易所,中华人民共和国,年报(含半年报)
007143,国投瑞银沪深300指数量化增强A,20190930,国债现货,19国债01,200000.0,19998000.0,0.1094,1,上海证券交易所,中华人民共和国,季报
519943,长信利率债债券A,20190513,国债现货,19国债01,7000.0,698880.0,0.0975,3,上海证券交易所,中华人民共和国,季报
007130,中庚小盘价值股票,20190630,国债现货,19国债01,1798170.0,179673146.4,0.0604,1,上海证券交易所,中华人民共和国,季报
007120,睿远成长价值混合C,20190630,国债现货,19国债01,1898740.0,189722100.8,0.0322,1,上海证券交易所,中华人民共和国,年报(含半年报)
519663,银河久益回报6个月定期开放债券C,20190624,国债现货,19国债01,1100000.0,109879000.0,0.0381,4,上海证券交易所,中华人民共和国,年报(含半年报)
007244,安信核心竞争力灵活配置混合C,20190930,国债现货,19国债01,63190.0,6318368.1,0.0456,1,上海证券交易所,中华人民共和国,季报
002338,兴业优债增利债券A,20190630,国债现货,19国债01,109000.0,10891280.0,0.1975,1,上海证券交易所,中华人民共和国,年报(含半年报)
007435,华宝宝怡纯债债券,20191231,国债现货,19国债01,550000.0,55033000.0,0.0538,5,上海证券交易所,中华人民共和国,季报
007242,中欧预见养老目标日期2050五年持有期混合(FOF)C,20191231,国债现货,19国债01,7000.0,700420.0,0.0445,1,上海证券交易所,中华人民共和国,季报
003275,国联安添利增长债券A,20190630,国债现货,19国债01,14000.0,1398880.0,0.0625,5,上海证券交易所,中华人民共和国,年报(含半年报)
003958,安信量化精选沪深300指数增强C,20191231,国债现货,19国债01,21000.0,2101260.0,0.0189,1,上海证券交易所,中华人民共和国,年报(含半年报)
007395,东兴兴财短债债券C,20191231,国债现货,19国债01,287280.0,28745236.8,0.247,1,上海证券交易所,中华人民共和国,年报(含半年报)
006431,汇安鼎利纯债债券A,20191231,国债现货,19国债01,20000.0,2001200.0,0.8072,1,上海证券交易所,中华人民共和国,季报
004673,华夏短债债券C,20190630,国债现货,19国债01,144000.0,14388480.0,0.2028,1,上海证券交易所,中华人民共和国,季报
007502,前海开源裕和混合C,20191231,国债现货,19国债01,150000.0,15009000.0,0.0685,4,上海证券交易所,中华人民共和国,季报
007119,睿远成长价值混合A,20190630,国债现货,19国债01,1898740.0,189722100.8,0.0322,1,上海证券交易所,中华人民共和国,年报(含半年报)
002337,创金合信季安鑫3个月持有期债券A,20191231,国债现货,19国债01,4000.0,400240.0,0.3776,2,上海证券交易所,中华人民共和国,季报
519937,长信先锐混合A,20191231,国债现货,19国债01,147990.0,14807879.4,0.6465,1,上海证券交易所,中华人民共和国,年报(含半年报)
004512,海富通沪深300指数增强C,20190630,国债现货,19国债01,19370.0,1935450.4,0.1273,1,上海证券交易所,中华人民共和国,年报(含半年报)
006432,汇安鼎利纯债债券C,20190630,国债现货,19国债01,70000.0,6994400.0,0.5023,1,上海证券交易所,中华人民共和国,季报
002714,鹏华金城灵活配置混合,20190606,国债现货,19国债01,703070.0,70222631.6,0.1014,1,上海证券交易所,中华人民共和国,年报(含半年报)
007734,南方智锐混合C,20191231,国债现货,19国债01,100000.0,10006000.0,0.0019,3,上海证券交易所,中华人民共和国,季报
006918,国联安安享稳健养老目标一年持有期混合(FOF),20190630,国债现货,19国债01,175000.0,17486000.0,0.0499,3,上海证券交易所,中华人民共和国,年报(含半年报)
000126,招商安润灵活配置混合A,20190930,国债现货,19国债01,100000.0,9999000.0,0.0441,2,上海证券交易所,中华人民共和国,季报
006123,国联高股息精选混合A,20191231,国债现货,19国债01,442150.0,44241529.0,0.0502,1,上海证券交易所,中华人民共和国,季报
007435,华宝宝怡纯债债券,20191231,国债现货,19国债01,550000.0,55033000.0,0.0538,5,上海证券交易所,中华人民共和国,年报(含半年报)
003276,国联安添利增长债券C,20190630,国债现货,19国债01,14000.0,1398880.0,0.0625,5,上海证券交易所,中华人民共和国,年报(含半年报)
000006,西部利得量化成长混合A,20191231,国债现货,19国债01,40000.0,4002400.0,0.0287,1,上海证券交易所,中华人民共和国,季报
001879,长城创业板指数增强A,20191231,国债现货,19国债01,40300.0,4032418.0,0.0406,1,上海证券交易所,中华人民共和国,年报(含半年报)
002338,兴业优债增利债券A,20190630,国债现货,19国债01,109000.0,10891280.0,0.1975,1,上海证券交易所,中华人民共和国,季报
002714,鹏华金城灵活配置混合,20190630,国债现货,19国债01,568620.0,56816510.4,0.0872,1,上海证券交易所,中华人民共和国,年报(含半年报)
720002,财通可转债债券A,20190930,国债现货,19国债01,10000.0,999900.0,0.0526,4,上海证券交易所,中华人民共和国,季报
007119,睿远成长价值混合A,20191231,国债现货,19国债01,1393450.0,139428607.0,0.0117,3,上海证券交易所,中华人民共和国,年报(含半年报)
541005,汇丰晋信平稳增利中短债债券C,20190630,国债现货,19国债01,40000.0,3996800.0,0.0428,3,上海证券交易所,中华人民共和国,季报
002301,兴业短债债券A,20190630,国债现货,19国债01,160000.0,15987200.0,0.1287,1,上海证券交易所,中华人民共和国,年报(含半年报)
006245,嘉实养老目标日期2030三年持有期混合(FOF)A,20191231,国债现货,19国债01,105690.0,10575341.4,0.0474,1,上海证券交易所,中华人民共和国,年报(含半年报)
007232,万家平衡养老目标三年持有期混合(FOF)A,20190930,国债现货,19国债01,30.0,2999.7,0.0003,2,上海证券交易所,中华人民共和国,季报
007130,中庚小盘价值股票,20190930,国债现货,19国债01,1580830.0,158067191.7,0.055,1,上海证券交易所,中华人民共和国,季报
003124,天治鑫利纯债债券C,20191231,国债现货,19国债01,40600.0,4062436.0,0.761,1,上海证券交易所,中华人民共和国,年报(含半年报)
006124,国联高股息精选混合C,20191231,国债现货,19国债01,442150.0,44241529.0,0.0502,1,上海证券交易所,中华人民共和国,年报(含半年报)
006861,招商和悦稳健养老目标一年持有期混合(FOF)A,20191231,国债现货,19国债01,425090.0,42534505.4,0.0483,1,上海证券交易所,中华人民共和国,年报(含半年报)
160217,国泰信用互利债券A,20191231,国债现货,19国债01,106000.0,10606360.0,0.0674,1,上海证券交易所,中华人民共和国,年报(含半年报)
007262,东方红聚利债券A,20191231,国债现货,19国债01,801640.0,80212098.4,0.0566,3,上海证券交易所,中华人民共和国,季报
004218,前海开源裕和混合A,20191231,国债现货,19国债01,150000.0,15009000.0,0.0685,4,上海证券交易所,中华人民共和国,年报(含半年报)
005891,先锋博盈纯债债券C,20191231,国债现货,19国债01,95000.0,9505700.0,0.3368,1,上海证券交易所,中华人民共和国,年报(含半年报)
006928,长城创业板指数增强C,20190630,国债现货,19国债01,30000.0,2997600.0,0.0361,1,上海证券交易所,中华人民共和国,季报
006861,招商和悦稳健养老目标一年持有期混合(FOF)A,20190630,国债现货,19国债01,416030.0,41569717.6,0.0506,1,上海证券交易所,中华人民共和国,季报
004596,中科沃土沃安中短期利率债债券A,20191231,国债现货,19国债01,50000.0,5003000.0,0.0943,4,上海证券交易所,中华人民共和国,年报(含半年报)
519662,银河久益回报6个月定期开放债券A,20190630,国债现货,19国债01,1100000.0,109912000.0,0.0429,3,上海证券交易所,中华人民共和国,季报
003123,天治鑫利纯债债券A,20190331,国债现货,19国债01,6000.0,599760.0,0.0642,3,上海证券交易所,中华人民共和国,季报
006431,汇安鼎利纯债债券A,20190930,国债现货,19国债01,81000.0,8099190.0,0.9039,1,上海证券交易所,中华人民共和国,季报
006245,嘉实养老目标日期2030三年持有期混合(FOF)A,20191231,国债现货,19国债01,105690.0,10575341.4,0.0474,1,上海证券交易所,中华人民共和国,季报
003275,国联安添利增长债券A,20190930,国债现货,19国债01,14000.0,1399860.0,0.0644,4,上海证券交易所,中华人民共和国,季报
003124,天治鑫利纯债债券C,20190331,国债现货,19国债01,6000.0,599760.0,0.0642,3,上海证券交易所,中华人民共和国,季报
007120,睿远成长价值混合C,20190930,国债现货,19国债01,1800000.0,179982000.0,0.0177,1,上海证券交易所,中华人民共和国,季报
160718,嘉实多利收益债券A,20191231,国债现货,19国债01,207100.0,20722426.0,0.3037,2,上海证券交易所,中华人民共和国,季报
007160,南方富元稳健养老目标一年持有期混合(FOF)C,20191231,国债现货,19国债01,200000.0,20012000.0,0.0395,1,上海证券交易所,中华人民共和国,季报
006315,国联策略优选混合C,20190930,国债现货,19国债01,81500.0,8149185.0,0.0542,1,上海证券交易所,中华人民共和国,季报
